Date,Speed,Density,Kp_Index,Sunspots,Bz
2000-01-01,721.0,2.0,4.0,71,-0.0
2000-01-02,679.0,2.0,3.0,75,0.4
2000-01-03,588.0,2.3,2.7,80,-0.1
2000-01-04,577.0,2.3,2.7,95,-0.6
2000-01-05,521.0,2.3,3.3,108,-1.6
2000-01-06,533.0,4.0,3.3,126,-0.0
2000-01-07,522.0,2.5,2.3,126,-0.1
2000-01-08,439.0,2.3,1.3,111,0.1
2000-01-09,357.0,5.3,0.7,112,0.0
2000-01-10,334.0,11.2,1.7,96,-1.0
2000-01-11,457.0,9.3,3.3,133,-1.5
2000-01-12,568.0,2.8,2.3,198,0.9
2000-01-13,537.0,2.5,2.3,226,-0.2
2000-01-14,467.0,3.3,2.0,242,0.1
2000-01-15,418.0,3.2,1.7,232,-0.1
2000-01-16,389.0,3.6,1.7,241,-1.3
2000-01-17,364.0,3.2,0.7,193,-0.3
2000-01-18,320.0,3.6,0.7,177,-1.4
2000-01-19,295.0,15.3,1.0,168,-0.1
2000-01-20,376.0,10.5,2.3,140,0.0
2000-01-21,359.0,4.7,0.3,130,1.7
2000-01-22,375.0,18.6,3.3,124,-5.3
2000-01-23,381.0,11.9,3.3,121,-1.1
2000-01-24,366.0,4.3,2.7,118,-4.5
2000-01-25,335.0,6.2,1.7,126,-2.5
2000-01-26,351.0,7.9,1.7,114,-1.7
2000-01-27,394.0,29.8,3.0,103,2.1
2000-01-28,718.0,2.7,4.3,89,0.5
2000-01-29,722.0,1.8,4.3,90,-0.8
2000-01-30,646.0,2.6,3.0,75,0.6
2000-01-31,585.0,2.8,2.3,86,0.9
2000-02-01,530.0,2.7,2.0,104,0.7
2000-02-02,457.0,4.2,2.0,94,0.5
2000-02-03,432.0,5.2,2.3,119,-0.2
2000-02-04,400.0,5.0,1.3,145,1.2
2000-02-05,396.0,9.6,2.0,153,-0.4
2000-02-06,586.0,7.2,4.3,200,-1.0
2000-02-07,629.0,3.1,4.3,191,-0.9
2000-02-08,570.0,2.7,3.0,188,-0.8
2000-02-09,459.0,4.0,2.3,160,-0.3
2000-02-10,444.0,3.9,2.3,179,0.2
2000-02-11,449.0,6.6,3.0,167,-1.3
2000-02-12,553.0,11.6,5.0,166,-2.6
2000-02-13,558.0,3.2,3.0,158,0.0
2000-02-14,604.0,5.6,4.3,175,-1.0
2000-02-15,509.0,6.1,3.0,173,-0.1
2000-02-16,415.0,5.2,1.7,192,-0.3
2000-02-17,394.0,3.6,1.3,160,-0.3
2000-02-18,371.0,3.5,0.3,153,2.5
2000-02-19,354.0,4.5,0.7,131,1.1
2000-02-20,340.0,7.8,1.0,112,1.7
2000-02-21,423.0,15.8,3.3,135,3.2
2000-02-22,367.0,7.9,1.7,147,7.5
2000-02-23,397.0,14.6,2.3,139,3.9
2000-02-24,657.0,7.8,4.0,180,2.1
2000-02-25,721.0,1.7,3.3,192,0.6
2000-02-26,649.0,2.5,3.0,211,0.4
2000-02-27,579.0,2.7,2.7,220,1.1
2000-02-28,632.0,1.6,3.0,222,0.5
2000-02-29,551.0,1.9,1.7,238,1.1
2000-03-01,480.0,4.8,3.3,217,-2.3
2000-03-02,430.0,4.0,2.0,204,0.6
2000-03-03,399.0,4.1,1.3,179,0.4
2000-03-04,361.0,4.9,0.7,178,1.4
2000-03-05,335.0,6.8,1.7,178,-0.6
2000-03-06,411.0,6.4,2.7,203,-1.3
2000-03-07,439.0,3.8,3.0,244,-3.0
2000-03-08,447.0,3.8,2.7,228,-3.3
2000-03-09,391.0,4.6,1.0,229,0.0
2000-03-10,381.0,5.0,2.0,215,-2.1
2000-03-11,341.0,3.7,2.7,200,-4.3
2000-03-12,396.0,9.3,3.3,192,0.7
2000-03-13,366.0,3.6,1.0,190,-0.8
2000-03-14,345.0,6.1,1.7,181,-1.8
2000-03-15,299.0,,0.3,162,-0.8
2000-03-16,278.0,,0.3,157,1.8
2000-03-17,320.0,,1.0,149,4.3
2000-03-18,323.0,9.3,1.3,159,1.0
2000-03-19,366.0,13.4,2.0,198,1.0
2000-03-20,348.0,7.3,1.3,236,4.1
2000-03-21,364.0,10.0,1.0,233,5.7
2000-03-22,437.0,18.4,2.7,245,3.2
2000-03-23,565.0,3.9,2.7,286,1.1
2000-03-24,649.0,1.8,2.3,295,1.6
2000-03-25,613.0,1.1,2.0,291,0.8
2000-03-26,494.0,1.5,0.7,267,1.8
2000-03-27,424.0,1.9,1.0,244,1.3
2000-03-28,358.0,2.6,1.0,266,0.9
2000-03-29,451.0,2.2,1.7,233,3.4
2000-03-30,446.0,7.9,2.7,233,-0.2
2000-03-31,391.0,8.6,3.7,258,-4.3
2000-04-01,380.0,10.8,2.7,285,-1.2
2000-04-02,450.0,3.3,3.0,294,-2.9
2000-04-03,377.0,3.8,2.3,270,-2.5
2000-04-04,384.0,6.5,3.3,250,-1.2
2000-04-05,387.0,3.9,2.0,197,1.5
2000-04-06,434.0,8.3,4.7,165,-8.7
2000-04-07,573.0,9.0,5.0,143,1.6
2000-04-08,528.0,1.3,2.3,153,-1.2
2000-04-09,552.0,1.7,3.0,165,-1.5
2000-04-10,489.0,2.3,3.3,156,-2.9
2000-04-11,401.0,2.8,2.0,146,-1.9
2000-04-12,341.0,5.4,1.7,172,-0.0
2000-04-13,368.0,4.0,1.3,180,-0.2
2000-04-14,318.0,,0.3,174,-0.1
2000-04-15,297.0,,1.7,160,-1.6
2000-04-16,392.0,12.0,3.3,150,-0.6
2000-04-17,457.0,6.3,2.3,168,1.4
2000-04-18,420.0,4.4,1.3,143,1.6
2000-04-19,461.0,7.9,2.3,157,1.4
2000-04-20,503.0,3.0,2.7,185,-0.1
2000-04-21,505.0,3.2,2.0,195,1.3
2000-04-22,449.0,4.6,1.3,221,1.0
2000-04-23,408.0,5.6,1.7,259,1.8
2000-04-24,485.0,4.6,3.3,244,-0.5
2000-04-25,489.0,1.6,1.3,230,1.4
2000-04-26,427.0,2.5,0.3,208,2.8
2000-04-27,408.0,9.1,2.7,180,0.6
2000-04-28,398.0,5.1,2.7,189,-1.9
2000-04-29,403.0,4.8,2.7,153,-0.9
2000-04-30,411.0,4.2,2.3,153,-0.3
2000-05-01,472.0,2.5,3.0,124,-1.7
2000-05-02,587.0,1.4,3.3,109,-1.3
2000-05-03,520.0,4.0,3.0,104,-0.0
2000-05-04,446.0,4.0,1.7,97,-0.8
2000-05-05,424.0,3.7,2.3,97,-1.1
2000-05-06,443.0,4.0,2.3,57,-1.9
2000-05-07,398.0,6.0,1.3,71,3.8
2000-05-08,360.0,6.7,1.0,87,5.1
2000-05-09,343.0,7.5,2.0,135,-3.0
2000-05-10,322.0,,1.3,164,-2.5
2000-05-11,299.0,,1.0,181,-1.1
2000-05-12,315.0,21.4,2.7,181,-3.7
2000-05-13,489.0,9.9,2.7,220,2.6
2000-05-14,464.0,5.1,2.0,263,1.1
2000-05-15,414.0,10.2,2.7,280,0.7
2000-05-16,444.0,9.5,3.0,258,-0.9
2000-05-17,509.0,4.7,3.3,232,0.3
2000-05-18,509.0,2.8,1.7,220,2.0
2000-05-19,512.0,2.2,2.0,228,1.5
2000-05-20,472.0,1.6,1.0,246,-0.4
2000-05-21,405.0,3.7,1.3,222,0.5
2000-05-22,457.0,3.4,2.0,195,1.0
2000-05-23,552.0,7.2,3.3,180,3.4
2000-05-24,636.0,8.4,6.0,183,-0.9
2000-05-25,540.0,3.2,4.0,157,-3.1
2000-05-26,439.0,5.4,2.7,160,-1.1
2000-05-27,387.0,5.8,2.0,145,-0.9
2000-05-28,390.0,4.8,2.3,169,-1.7
2000-05-29,382.0,12.1,3.3,160,-1.8
2000-05-30,617.0,2.1,3.7,127,-1.4
2000-05-31,571.0,2.1,2.0,91,0.3
2000-06-01,498.0,2.3,2.0,128,0.0
2000-06-02,424.0,4.5,1.7,119,-0.7
2000-06-03,418.0,6.8,2.7,113,-0.9
2000-06-04,463.0,3.2,2.3,152,0.9
2000-06-05,463.0,13.1,3.7,143,1.3
2000-06-06,444.0,11.0,2.7,149,1.8
2000-06-07,492.0,4.6,2.3,158,0.6
2000-06-08,665.0,6.1,5.3,181,-0.7
2000-06-09,609.0,1.9,1.3,184,2.9
2000-06-10,526.0,1.0,3.7,179,-3.3
2000-06-11,508.0,5.0,3.7,227,-0.9
2000-06-12,523.0,3.2,3.0,221,0.9
2000-06-13,469.0,4.7,2.3,235,-1.3
2000-06-14,437.0,16.9,4.0,257,1.8
2000-06-15,551.0,3.3,3.3,238,0.9
2000-06-16,518.0,1.6,1.3,214,1.7
2000-06-17,454.0,3.4,1.7,209,1.8
2000-06-18,400.0,3.9,2.0,221,-1.2
2000-06-19,391.0,2.8,1.7,218,2.5
2000-06-20,379.0,7.1,1.7,239,1.0
2000-06-21,357.0,5.9,1.3,221,-1.2
2000-06-22,432.0,9.6,2.3,191,2.5
2000-06-23,474.0,7.6,3.7,187,-0.2
2000-06-24,551.0,5.9,2.7,179,1.2
2000-06-25,460.0,3.4,1.3,167,1.4
2000-06-26,512.0,6.1,4.3,194,-5.1
2000-06-27,531.0,2.6,3.3,208,-1.4
2000-06-28,458.0,4.3,2.3,173,-0.5
2000-06-29,437.0,2.7,1.7,164,-1.5
2000-06-30,382.0,3.6,1.0,172,-1.0
2000-07-01,407.0,9.4,1.7,208,3.0
2000-07-02,378.0,7.2,1.0,202,1.4
2000-07-03,348.0,10.8,2.0,178,-0.8
2000-07-04,401.0,8.4,2.0,164,1.9
2000-07-05,449.0,5.1,2.0,182,-0.5
2000-07-06,427.0,4.7,1.3,221,0.2
2000-07-07,388.0,5.5,1.3,254,0.6
2000-07-08,363.0,4.9,1.7,254,-0.4
2000-07-09,372.0,4.7,1.7,257,0.5
2000-07-10,437.0,9.8,3.3,309,4.0
2000-07-11,458.0,15.8,4.3,290,1.0
2000-07-12,506.0,2.6,2.0,267,4.3
2000-07-13,573.0,7.9,3.7,279,1.5
2000-07-14,654.0,7.7,4.7,236,-0.6
2000-07-15,829.0,8.6,6.3,213,-4.8
2000-07-16,816.0,1.5,4.3,283,13.3
2000-07-17,643.0,1.1,2.0,322,2.9
2000-07-18,573.0,2.7,2.3,327,0.5
2000-07-19,545.0,3.6,2.3,353,1.0
2000-07-20,533.0,3.8,4.3,346,-2.0
2000-07-21,489.0,2.6,1.7,332,-0.3
2000-07-22,425.0,5.6,2.7,310,-3.0
2000-07-23,407.0,7.3,3.0,286,-1.9
2000-07-24,356.0,2.5,1.0,246,1.8
2000-07-25,345.0,2.6,1.3,254,1.5
2000-07-26,365.0,10.9,3.3,191,-3.7
2000-07-27,354.0,7.6,1.7,181,1.7
2000-07-28,420.0,13.8,4.0,172,-1.6
2000-07-29,460.0,9.5,3.7,162,-1.9
2000-07-30,429.0,3.6,2.0,161,0.8
2000-07-31,406.0,6.8,3.0,134,-2.0
2000-08-01,460.0,4.2,2.7,147,-2.2
2000-08-02,448.0,4.0,2.3,152,-0.3
2000-08-03,426.0,5.9,2.3,148,-0.4
2000-08-04,439.0,4.6,3.3,152,-1.9
2000-08-05,517.0,4.4,3.7,199,-1.0
2000-08-06,515.0,2.8,3.0,198,-0.4
2000-08-07,447.0,3.2,1.7,227,-0.6
2000-08-08,413.0,3.1,1.7,194,-0.7
2000-08-09,377.0,3.0,1.3,177,0.6
2000-08-10,423.0,7.4,3.7,213,-3.7
2000-08-11,453.0,2.8,4.7,228,-7.3
2000-08-12,599.0,8.4,6.7,235,-7.3
2000-08-13,554.0,5.7,3.0,243,7.8
2000-08-14,482.0,3.7,2.0,282,1.9
2000-08-15,503.0,4.7,2.0,253,0.7
2000-08-16,416.0,4.2,1.7,246,-0.9
2000-08-17,374.0,7.2,1.7,210,-0.7
2000-08-18,321.0,7.4,0.7,194,0.2
2000-08-19,329.0,,1.0,184,1.3
2000-08-20,310.0,,1.0,147,1.9
2000-08-21,331.0,6.4,2.3,106,-4.9
2000-08-22,311.0,,0.7,93,2.1
2000-08-23,295.0,,1.7,93,1.1
2000-08-24,356.0,4.4,1.7,106,2.6
2000-08-25,395.0,2.6,0.7,112,1.6
2000-08-26,385.0,3.4,1.3,109,-0.2
2000-08-27,375.0,6.9,1.7,156,0.5
2000-08-28,506.0,8.0,3.7,183,-1.0
2000-08-29,596.0,3.8,4.3,191,-1.3
2000-08-30,577.0,3.1,2.7,199,0.9
2000-08-31,546.0,3.0,2.7,217,-0.5
2000-09-01,502.0,2.4,3.0,202,-0.9
2000-09-02,470.0,4.3,3.7,168,-1.5
2000-09-03,413.0,4.4,1.7,182,2.3
2000-09-04,451.0,5.2,2.7,191,-0.7
2000-09-05,380.0,6.9,1.7,162,0.2
2000-09-06,396.0,8.0,2.3,162,3.0
2000-09-07,443.0,3.0,3.0,156,-3.8
2000-09-08,448.0,4.2,3.3,121,-2.1
2000-09-09,425.0,4.7,1.3,90,1.8
2000-09-10,380.0,5.3,1.0,60,1.9
2000-09-11,358.0,6.2,1.0,37,2.6
2000-09-12,374.0,9.6,3.3,50,-3.7
2000-09-13,398.0,7.1,2.0,78,-0.4
2000-09-14,344.0,4.3,1.0,85,-1.1
2000-09-15,363.0,14.8,2.0,109,0.8
2000-09-16,369.0,14.3,3.7,121,-3.1
2000-09-17,557.0,10.6,4.7,154,0.7
2000-09-18,744.0,3.8,5.3,159,10.3
2000-09-19,636.0,3.7,3.7,172,0.4
2000-09-20,508.0,2.4,2.3,176,0.9
2000-09-21,456.0,3.4,2.3,195,0.2
2000-09-22,450.0,4.2,1.7,202,1.3
2000-09-23,416.0,3.5,1.7,227,0.4
2000-09-24,431.0,5.7,2.0,232,-0.4
2000-09-25,509.0,3.4,3.3,218,-2.0
2000-09-26,566.0,1.5,3.7,229,-1.6
2000-09-27,532.0,1.8,2.7,230,-0.4
2000-09-28,469.0,3.0,2.3,202,-1.0
2000-09-29,378.0,3.8,1.7,169,-1.3
2000-09-30,400.0,7.1,5.0,142,-6.1
2000-10-01,418.0,6.5,2.7,164,0.1
2000-10-02,377.0,7.8,2.0,218,-1.7
2000-10-03,430.0,8.5,3.7,227,1.0
2000-10-04,402.0,9.0,5.0,214,-7.4
2000-10-05,486.0,15.0,6.7,183,-5.0
2000-10-06,451.0,3.4,1.0,138,1.9
2000-10-07,391.0,4.7,1.0,94,-0.3
2000-10-08,343.0,,0.7,103,-0.1
2000-10-09,321.0,,1.0,101,0.0
2000-10-10,331.0,,2.0,81,-2.6
2000-10-11,354.0,3.6,2.7,117,-3.6
2000-10-12,353.0,11.8,1.7,174,-0.2
2000-10-13,441.0,16.7,3.7,173,2.2
2000-10-14,411.0,5.4,4.7,148,-6.9
2000-10-15,507.0,4.3,2.0,118,3.2
2000-10-16,563.0,2.9,2.3,131,1.1
2000-10-17,506.0,3.4,2.3,138,0.9
2000-10-18,459.0,4.2,2.3,135,0.2
2000-10-19,429.0,5.4,2.3,128,0.6
2000-10-20,433.0,4.3,0.7,134,2.2
2000-10-21,378.0,4.0,0.7,138,1.1
2000-10-22,463.0,6.4,2.7,127,-0.2
2000-10-23,513.0,3.3,3.0,121,-0.1
2000-10-24,425.0,2.5,2.0,117,-1.6
2000-10-25,414.0,2.5,1.7,125,-0.7
2000-10-26,373.0,2.8,2.0,104,-2.4
2000-10-27,342.0,2.5,1.0,114,-0.2
2000-10-28,365.0,24.0,3.0,151,-1.0
2000-10-29,381.0,4.1,4.0,161,-9.2
2000-10-30,373.0,4.9,2.7,154,-0.6
2000-10-31,373.0,9.8,2.7,158,-0.7
2000-11-01,425.0,7.0,1.7,207,1.1
2000-11-02,367.0,5.0,1.0,218,-0.1
2000-11-03,342.0,7.2,0.7,209,1.0
2000-11-04,436.0,11.3,4.0,192,-1.7
2000-11-05,529.0,4.1,2.7,197,1.5
2000-11-06,543.0,5.7,5.0,160,-5.0
2000-11-07,512.0,5.3,4.3,181,2.5
2000-11-08,459.0,9.1,3.0,188,7.2
2000-11-09,472.0,10.6,2.7,141,1.0
2000-11-10,793.0,6.2,4.3,149,2.0
2000-11-11,804.0,1.7,3.0,133,1.6
2000-11-12,657.0,1.8,3.3,107,-0.1
2000-11-13,578.0,2.6,2.3,104,1.0
2000-11-14,500.0,2.9,1.3,124,0.8
2000-11-15,430.0,3.7,1.0,145,1.0
2000-11-16,391.0,3.4,0.7,141,0.7
2000-11-17,350.0,5.1,0.7,139,-0.1
2000-11-18,341.0,7.5,1.0,172,0.8
2000-11-19,380.0,5.2,1.7,185,-1.3
2000-11-20,383.0,5.8,2.0,163,-2.0
2000-11-21,374.0,4.0,2.3,178,-1.5
2000-11-22,377.0,4.6,2.0,167,-1.3
2000-11-23,326.0,7.6,1.7,135,-1.5
2000-11-24,406.0,7.9,2.3,145,0.2
2000-11-25,408.0,4.4,1.3,109,-0.3
2000-11-26,502.0,15.7,3.7,87,2.8
2000-11-27,591.0,12.7,4.7,124,-0.1
2000-11-28,556.0,8.0,4.3,157,-2.5
2000-11-29,512.0,8.2,4.7,182,-3.8
2000-11-30,466.0,3.6,1.7,204,0.8
2000-12-01,444.0,1.6,1.7,159,-1.2
2000-12-02,373.0,3.3,0.7,150,-0.1
2000-12-03,430.0,4.7,2.3,162,0.2
2000-12-04,360.0,5.4,2.0,99,-0.5
2000-12-05,354.0,8.2,1.3,89,-0.6
2000-12-06,343.0,10.9,1.7,78,-1.4
2000-12-07,423.0,11.6,3.0,93,-0.9
2000-12-08,579.0,7.5,3.3,78,1.2
2000-12-09,637.0,3.1,3.3,80,-0.7
2000-12-10,622.0,2.3,2.7,85,0.4
2000-12-11,552.0,2.2,2.0,99,-0.1
2000-12-12,468.0,2.3,1.3,122,-0.2
2000-12-13,402.0,3.6,1.0,157,0.1
2000-12-14,376.0,5.7,0.7,185,0.3
2000-12-15,356.0,5.3,0.3,210,-0.4
2000-12-16,322.0,13.8,0.7,199,-0.9
2000-12-17,357.0,7.3,2.0,207,-2.2
2000-12-18,361.0,7.1,2.3,190,-2.0
2000-12-19,356.0,5.5,1.3,162,-0.2
2000-12-20,317.0,4.3,0.7,174,-0.3
2000-12-21,310.0,10.8,1.0,159,0.9
2000-12-22,297.0,16.4,1.3,147,-2.7
2000-12-23,306.0,10.5,3.3,140,-7.0
2000-12-24,309.0,9.2,1.3,158,4.0
2000-12-25,352.0,16.7,1.7,148,6.5
2000-12-26,418.0,6.7,1.3,166,1.7
2000-12-27,390.0,6.2,2.0,162,-0.5
2000-12-28,380.0,8.0,1.3,162,0.8
2000-12-29,375.0,7.6,1.3,151,-1.4
2000-12-30,350.0,4.8,0.7,152,1.7
2000-12-31,329.0,3.4,0.3,119,-0.1
2001-01-01,282.0,,0.7,133,-0.5
2001-01-02,286.0,17.5,0.7,140,1.6
2001-01-03,351.0,12.2,2.0,131,-0.1
2001-01-04,406.0,11.5,2.3,146,1.8
2001-01-05,403.0,2.9,1.0,164,-0.9
2001-01-06,381.0,4.8,1.0,194,0.0
2001-01-07,362.0,5.7,1.3,195,-1.2
2001-01-08,393.0,7.1,2.3,157,-0.7
2001-01-09,403.0,5.3,1.3,172,-0.5
2001-01-10,367.0,8.2,1.3,151,0.6
2001-01-11,453.0,2.9,1.7,172,-1.5
2001-01-12,373.0,2.4,1.7,175,-0.8
2001-01-13,395.0,5.5,1.7,166,1.7
2001-01-14,372.0,4.9,2.0,149,-0.8
2001-01-15,352.0,4.2,1.7,137,-1.8
2001-01-16,356.0,5.4,1.3,112,-0.5
2001-01-17,356.0,13.7,1.7,88,1.8
2001-01-18,354.0,6.7,1.0,90,1.5
2001-01-19,339.0,8.0,1.0,109,-0.0
2001-01-20,310.0,,2.0,91,-2.1
2001-01-21,319.0,29.7,3.3,121,-4.9
2001-01-22,434.0,9.3,2.7,139,0.4
2001-01-23,477.0,8.2,3.0,167,0.4
2001-01-24,434.0,6.6,3.3,176,-2.8
2001-01-25,387.0,5.0,1.3,158,0.7
2001-01-26,342.0,4.4,2.3,125,-2.9
2001-01-27,312.0,4.2,1.0,145,-1.7
2001-01-28,311.0,22.8,2.0,152,-1.6
2001-01-29,409.0,9.4,2.7,134,1.6
2001-01-30,426.0,4.9,0.7,104,2.0
2001-01-31,409.0,8.9,3.0,128,-2.3
2001-02-01,410.0,7.1,2.0,118,-0.3
2001-02-02,403.0,3.5,1.3,118,0.3
2001-02-03,352.0,3.2,0.3,139,2.5
2001-02-04,320.0,,0.3,137,2.0
2001-02-05,303.0,11.6,0.7,158,0.6
2001-02-06,415.0,13.9,2.7,166,1.1
2001-02-07,488.0,3.8,1.7,167,0.9
2001-02-08,427.0,4.5,1.7,167,0.6
2001-02-09,414.0,4.4,1.3,172,1.1
2001-02-10,410.0,4.2,1.3,158,1.1
2001-02-11,398.0,4.8,1.7,151,0.8
2001-02-12,417.0,5.8,1.3,107,1.3
2001-02-13,514.0,5.6,3.7,107,-2.2
2001-02-14,513.0,3.2,3.3,103,-1.8
2001-02-15,554.0,1.5,1.3,113,0.4
2001-02-16,480.0,1.6,0.7,110,0.7
2001-02-17,412.0,1.6,0.7,107,-0.7
2001-02-18,308.0,2.0,0.7,115,-0.9
2001-02-19,315.0,5.3,1.0,113,-1.7
2001-02-20,315.0,7.7,1.7,115,0.3
2001-02-21,348.0,4.7,1.7,142,-0.8
2001-02-22,359.0,5.0,1.3,122,-1.5
2001-02-23,365.0,8.2,2.3,89,-2.9
2001-02-24,362.0,4.7,1.0,84,0.2
2001-02-25,310.0,5.5,0.7,84,-0.2
2001-02-26,299.0,11.3,2.0,87,-3.3
2001-02-27,370.0,9.3,2.3,75,-0.1
2001-02-28,447.0,5.4,1.7,77,1.6
2001-03-01,440.0,2.8,1.3,76,2.5
2001-03-02,434.0,3.9,2.0,77,-0.4
2001-03-03,471.0,5.8,3.0,110,0.2
2001-03-04,448.0,5.8,3.3,134,-3.0
2001-03-05,488.0,7.4,3.0,152,2.3
2001-03-06,518.0,3.5,1.7,133,1.5
2001-03-07,473.0,3.1,2.0,124,-0.1
2001-03-08,450.0,3.7,1.7,92,0.5
2001-03-09,440.0,3.6,1.7,115,1.4
2001-03-10,422.0,3.8,1.3,142,1.2
2001-03-11,392.0,2.9,1.0,132,0.6
2001-03-12,366.0,9.4,2.0,139,-1.2
2001-03-13,390.0,5.1,2.3,108,-1.1
2001-03-14,407.0,4.7,1.7,117,-1.0
2001-03-15,342.0,3.9,0.3,110,0.0
2001-03-16,295.0,,0.3,102,0.7
2001-03-17,296.0,,1.0,75,0.4
2001-03-18,318.0,,2.0,89,-2.3
2001-03-19,373.0,11.6,3.7,96,-5.0
2001-03-20,401.0,5.9,5.7,117,-11.3
2001-03-21,320.0,4.8,1.7,129,2.7
2001-03-22,330.0,16.6,2.0,124,2.2
2001-03-23,406.0,10.5,4.0,165,-2.7
2001-03-24,423.0,12.1,2.3,218,0.6
2001-03-25,417.0,4.7,1.7,272,0.4
2001-03-26,351.0,5.6,1.0,319,0.8
2001-03-27,452.0,11.6,3.7,352,2.1
2001-03-28,608.0,5.1,4.3,343,2.2
2001-03-29,521.0,4.6,3.7,340,-0.3
2001-03-30,434.0,7.8,2.7,338,-0.1
2001-03-31,623.0,16.3,7.7,300,-6.3
2001-04-01,746.0,1.5,4.3,279,0.5
2001-04-02,566.0,1.9,3.7,249,-1.3
2001-04-03,476.0,3.0,1.7,254,1.3
2001-04-04,563.0,4.8,3.3,201,3.6
2001-04-05,617.0,2.8,3.3,200,0.5
2001-04-06,493.0,5.4,2.7,165,0.9
2001-04-07,471.0,4.8,3.3,150,-1.6
2001-04-08,612.0,5.9,4.7,173,0.7
2001-04-09,622.0,2.2,3.3,165,-0.8
2001-04-10,556.0,1.2,2.3,171,-0.1
2001-04-11,584.0,8.6,4.7,173,-4.6
2001-04-12,659.0,2.1,4.0,155,1.5
2001-04-13,729.0,2.5,4.3,147,0.2
2001-04-14,651.0,1.9,3.3,138,-0.1
2001-04-15,526.0,1.6,2.7,113,-1.7
2001-04-16,453.0,2.0,2.0,87,-0.8
2001-04-17,380.0,4.2,1.7,42,-2.2
2001-04-18,482.0,12.0,4.0,57,-1.2
2001-04-19,436.0,3.8,1.7,93,0.1
2001-04-20,391.0,3.3,1.7,129,-1.0
2001-04-21,370.0,11.6,1.7,174,-0.1
2001-04-22,360.0,10.0,4.3,164,-7.9
2001-04-23,325.0,8.8,2.7,159,-1.9
2001-04-24,404.0,4.7,1.3,164,2.7
2001-04-25,429.0,3.9,1.7,179,1.2
2001-04-26,438.0,3.8,1.7,179,1.5
2001-04-27,442.0,2.1,1.0,192,1.3
2001-04-28,625.0,4.7,4.3,161,0.5
2001-04-29,596.0,3.0,2.3,170,1.6
2001-04-30,458.0,0.7,0.3,168,1.6
2001-05-01,408.0,1.1,0.7,157,1.9
2001-05-02,399.0,4.6,1.3,174,1.5
2001-05-03,375.0,8.0,1.7,169,0.4
2001-05-04,377.0,9.4,1.7,194,1.8
2001-05-05,351.0,5.3,0.7,174,0.8
2001-05-06,334.0,6.8,1.3,135,0.3
2001-05-07,382.0,5.8,2.7,116,-3.2
2001-05-08,410.0,3.5,2.7,81,-3.9
2001-05-09,482.0,5.3,4.7,93,-5.5
2001-05-10,423.0,3.9,3.3,88,-3.2
2001-05-11,420.0,1.9,1.3,118,-2.8
2001-05-12,534.0,4.9,4.0,124,-3.1
2001-05-13,550.0,6.4,3.7,125,-1.9
2001-05-14,543.0,3.2,2.0,150,0.9
2001-05-15,462.0,3.9,2.3,141,-2.0
2001-05-16,487.0,4.0,1.7,146,1.2
2001-05-17,401.0,6.1,1.7,140,-0.7
2001-05-18,442.0,5.7,1.7,137,1.1
2001-05-19,436.0,2.8,2.0,125,0.5
2001-05-20,384.0,4.0,1.3,121,0.3
2001-05-21,327.0,5.5,1.0,140,1.0
2001-05-22,304.0,,1.7,178,0.6
2001-05-23,395.0,7.3,2.3,197,4.0
2001-05-24,470.0,1.6,1.3,174,1.5
2001-05-25,557.0,1.3,1.7,165,1.1
2001-05-26,471.0,1.9,1.3,174,1.6
2001-05-27,494.0,2.0,1.7,182,2.9
2001-05-28,505.0,3.8,3.3,151,-2.2
2001-05-29,415.0,2.6,2.0,125,1.8
2001-05-30,358.0,1.0,0.7,110,2.0
2001-05-31,356.0,2.2,0.7,101,2.4
2001-06-01,337.0,15.2,2.0,88,3.5
2001-06-02,499.0,4.5,3.3,150,-0.5
2001-06-03,508.0,2.3,1.7,150,-0.1
2001-06-04,452.0,2.5,1.7,145,-0.6
2001-06-05,405.0,3.8,1.3,161,-0.6
2001-06-06,377.0,5.4,1.7,180,-0.9
2001-06-07,393.0,7.5,2.0,195,0.5
2001-06-08,388.0,9.2,2.0,215,3.0
2001-06-09,510.0,8.0,3.3,254,-1.1
2001-06-10,592.0,3.1,3.0,241,-0.4
2001-06-11,483.0,3.1,2.0,262,-0.5
2001-06-12,433.0,3.4,1.0,259,0.9
2001-06-13,380.0,3.4,2.0,242,-2.4
2001-06-14,342.0,5.1,1.3,273,-0.3
2001-06-15,345.0,8.6,1.7,282,0.2
2001-06-16,310.0,7.7,1.3,289,0.3
2001-06-17,311.0,10.5,1.7,270,-2.2
2001-06-18,353.0,27.2,4.3,232,-4.0
2001-06-19,481.0,2.1,2.3,214,2.1
2001-06-20,700.0,0.9,2.3,206,1.1
2001-06-21,532.0,1.1,2.7,218,-1.5
2001-06-22,450.0,0.7,1.3,229,0.7
2001-06-23,485.0,1.1,1.3,235,1.8
2001-06-24,515.0,1.6,2.0,220,-0.2
2001-06-25,483.0,1.8,1.7,198,0.7
2001-06-26,464.0,2.7,2.7,173,-1.5
2001-06-27,455.0,4.1,1.3,162,-0.6
2001-06-28,378.0,4.4,0.3,135,1.0
2001-06-29,347.0,6.4,0.7,112,0.8
2001-06-30,371.0,8.0,1.7,98,-1.2
2001-07-01,348.0,7.1,1.7,111,-1.1
2001-07-02,337.0,6.1,1.0,125,0.4
2001-07-03,386.0,6.3,1.3,120,-0.7
2001-07-04,381.0,6.0,1.7,107,0.2
2001-07-05,423.0,6.9,2.7,93,0.0
2001-07-06,434.0,3.7,2.0,68,0.2
2001-07-07,438.0,3.9,1.3,71,0.7
2001-07-08,440.0,7.0,2.7,81,-0.8
2001-07-09,427.0,6.0,1.7,107,-0.3
2001-07-10,389.0,4.2,2.0,105,-4.0
2001-07-11,344.0,4.8,1.7,104,0.9
2001-07-12,364.0,7.2,1.7,135,0.2
2001-07-13,372.0,5.2,1.3,167,0.9
2001-07-14,425.0,7.3,2.3,149,0.2
2001-07-15,405.0,8.3,2.0,153,-1.2
2001-07-16,435.0,7.6,2.7,170,-1.5
2001-07-17,592.0,2.1,3.0,185,0.6
2001-07-18,620.0,1.2,2.0,191,0.6
2001-07-19,605.0,1.4,1.7,183,0.5
2001-07-20,479.0,2.1,1.0,177,-0.1
2001-07-21,412.0,3.1,1.0,144,0.7
2001-07-22,373.0,4.4,2.3,150,-2.1
2001-07-23,371.0,4.4,2.3,152,-1.2
2001-07-24,420.0,10.1,2.7,135,-0.6
2001-07-25,545.0,5.2,3.3,119,-1.8
2001-07-26,552.0,2.5,2.3,92,0.2
2001-07-27,469.0,3.0,1.7,90,-0.3
2001-07-28,384.0,3.3,0.7,95,1.0
2001-07-29,329.0,4.2,1.3,69,-0.5
2001-07-30,312.0,21.1,1.7,86,0.0
2001-07-31,454.0,18.3,3.7,78,1.3
2001-08-01,546.0,4.2,2.0,94,-0.0
2001-08-02,414.0,8.9,1.3,123,1.1
2001-08-03,405.0,9.2,2.7,141,0.1
2001-08-04,390.0,3.9,1.7,175,-1.6
2001-08-05,418.0,6.3,3.3,198,-1.1
2001-08-06,440.0,7.2,3.0,182,-2.4
2001-08-07,426.0,4.3,1.7,179,0.0
2001-08-08,382.0,4.5,1.7,178,0.2
2001-08-09,367.0,6.0,1.7,158,-0.0
2001-08-10,432.0,6.3,1.7,150,0.9
2001-08-11,400.0,2.7,1.0,170,-0.2
2001-08-12,357.0,22.3,2.3,170,0.7
2001-08-13,403.0,7.5,3.3,138,1.7
2001-08-14,456.0,3.4,2.3,141,-0.6
2001-08-15,427.0,2.0,1.3,161,-0.7
2001-08-16,366.0,2.8,0.7,193,0.9
2001-08-17,424.0,14.6,3.7,178,-1.1
2001-08-18,518.0,8.3,2.7,161,7.3
2001-08-19,456.0,5.6,1.7,152,3.2
2001-08-20,401.0,6.8,1.7,153,2.0
2001-08-21,462.0,6.4,2.7,167,3.0
2001-08-22,577.0,2.8,3.3,170,-1.4
2001-08-23,491.0,2.8,1.7,181,0.3
2001-08-24,414.0,3.3,0.7,176,0.9
2001-08-25,369.0,9.8,2.0,140,0.6
2001-08-26,404.0,7.2,2.3,153,2.0
2001-08-27,444.0,6.6,2.3,170,0.6
2001-08-28,520.0,4.5,2.3,184,1.2
2001-08-29,459.0,2.4,1.3,146,0.5
2001-08-30,447.0,2.6,2.0,150,-0.7
2001-08-31,422.0,3.4,2.7,175,-1.5
2001-09-01,407.0,2.6,1.0,163,0.0
2001-09-02,343.0,6.8,1.0,168,-0.9
2001-09-03,438.0,9.4,3.0,190,-0.5
2001-09-04,508.0,3.0,3.0,171,-0.4
2001-09-05,457.0,1.8,1.7,190,-0.1
2001-09-06,384.0,2.5,1.3,223,-0.4
2001-09-07,369.0,4.4,0.7,262,4.2
2001-09-08,352.0,1.4,1.3,288,-2.7
2001-09-09,326.0,2.3,1.0,262,-0.0
2001-09-10,289.0,,0.7,237,-0.2
2001-09-11,322.0,11.7,2.0,199,-1.4
2001-09-12,392.0,4.2,2.7,235,-2.4
2001-09-13,384.0,8.7,2.7,237,-0.3
2001-09-14,414.0,10.0,2.0,234,7.5
2001-09-15,541.0,7.5,3.3,205,1.8
2001-09-16,508.0,3.7,2.0,191,0.8
2001-09-17,445.0,3.6,1.7,177,0.4
2001-09-18,432.0,8.0,2.0,215,2.6
2001-09-19,422.0,6.1,2.0,226,1.3
2001-09-20,351.0,5.5,1.3,289,0.3
2001-09-21,334.0,,1.0,273,1.9
2001-09-22,327.0,5.3,2.0,259,-0.6
2001-09-23,454.0,10.7,4.3,294,-2.6
2001-09-24,438.0,8.2,2.0,316,3.2
2001-09-25,428.0,8.2,2.7,305,0.6
2001-09-26,549.0,6.6,3.3,277,0.3
2001-09-27,479.0,2.5,2.3,278,-0.1
2001-09-28,535.0,1.6,3.0,269,-1.2
2001-09-29,589.0,3.9,4.0,251,-0.9
2001-09-30,520.0,8.2,3.7,261,-0.2
2001-10-01,498.0,5.0,4.7,260,-5.8
2001-10-02,497.0,3.0,5.0,223,-5.0
2001-10-03,521.0,6.3,5.3,209,-4.0
2001-10-04,480.0,5.1,3.0,204,0.3
2001-10-05,400.0,6.8,1.7,176,0.6
2001-10-06,397.0,5.4,1.7,161,0.3
2001-10-07,359.0,4.0,0.7,159,2.2
2001-10-08,379.0,9.6,3.0,119,-2.1
2001-10-09,445.0,7.1,3.0,122,0.6
2001-10-10,396.0,2.7,2.0,151,-1.2
2001-10-11,416.0,9.1,3.0,175,1.1
2001-10-12,501.0,10.4,4.0,196,-0.4
2001-10-13,431.0,2.4,2.3,167,-0.9
2001-10-14,419.0,3.1,2.7,178,-1.2
2001-10-15,426.0,7.9,2.3,190,1.3
2001-10-16,376.0,7.0,2.0,187,-0.8
2001-10-17,332.0,2.1,1.0,195,-0.8
2001-10-18,299.0,,0.7,203,1.5
2001-10-19,317.0,7.0,2.0,221,-1.8
2001-10-20,371.0,5.6,2.3,247,-1.6
2001-10-21,424.0,9.9,4.0,238,-4.3
2001-10-22,578.0,9.4,6.0,209,-5.4
2001-10-23,480.0,3.7,2.7,221,0.7
2001-10-24,399.0,2.9,0.3,209,0.6
2001-10-25,405.0,9.5,1.7,233,1.6
2001-10-26,374.0,8.6,1.3,238,0.7
2001-10-27,388.0,2.2,1.3,221,-0.3
2001-10-28,450.0,8.1,4.7,215,-5.5
2001-10-29,413.0,6.4,3.0,186,-0.7
2001-10-30,366.0,5.6,1.7,159,-1.8
2001-10-31,353.0,8.5,2.0,144,-2.9
2001-11-01,341.0,5.6,3.3,159,-4.8
2001-11-02,330.0,7.4,1.3,166,3.4
2001-11-03,326.0,7.2,0.3,166,1.1
2001-11-04,315.0,,1.3,184,-0.2
2001-11-05,376.0,25.5,2.7,216,3.8
2001-11-06,599.0,6.2,6.7,232,-9.9
2001-11-07,635.0,0.7,3.0,204,-0.4
2001-11-08,533.0,1.2,1.7,252,0.8
2001-11-09,495.0,1.7,1.3,247,0.9
2001-11-10,436.0,2.3,1.7,247,0.3
2001-11-11,433.0,2.3,1.3,240,0.6
2001-11-12,434.0,3.1,0.7,201,1.2
2001-11-13,364.0,5.9,1.0,196,0.3
2001-11-14,319.0,11.8,0.7,196,0.7
2001-11-15,300.0,23.9,1.7,194,1.8
2001-11-16,371.0,8.8,2.0,149,0.5
2001-11-17,404.0,4.1,2.7,141,-1.7
2001-11-18,390.0,5.8,2.3,153,-1.5
2001-11-19,436.0,6.4,3.3,134,-1.3
2001-11-20,441.0,7.0,1.3,144,1.3
2001-11-21,375.0,5.0,1.0,133,0.5
2001-11-22,418.0,4.1,2.3,144,-0.9
2001-11-23,449.0,3.8,2.7,133,-1.3
2001-11-24,770.0,10.9,5.7,111,4.6
2001-11-25,650.0,1.9,2.0,121,9.3
2001-11-26,553.0,1.0,1.0,139,0.4
2001-11-27,454.0,2.3,0.3,126,1.0
2001-11-28,418.0,2.6,0.7,177,0.8
2001-11-29,417.0,3.5,0.7,191,0.7
2001-11-30,359.0,5.7,0.3,201,0.6
2001-12-01,348.0,16.8,1.7,215,3.5
2001-12-02,361.0,15.3,1.3,241,3.1
2001-12-03,388.0,9.9,2.0,242,3.8
2001-12-04,473.0,4.6,2.3,234,1.0
2001-12-05,444.0,5.9,2.3,255,-0.1
2001-12-06,432.0,5.8,2.7,229,-1.1
2001-12-07,459.0,3.7,1.7,223,0.7
2001-12-08,430.0,3.3,1.7,226,0.3
2001-12-09,386.0,2.8,0.7,228,0.4
2001-12-10,361.0,6.5,0.7,186,-0.4
2001-12-11,326.0,5.5,1.0,171,-0.8
2001-12-12,351.0,14.1,2.7,189,-3.7
2001-12-13,306.0,11.0,1.0,192,-0.5
2001-12-14,287.0,19.9,1.3,163,-1.4
2001-12-15,358.0,27.0,2.3,174,7.0
2001-12-16,519.0,7.0,2.3,194,3.7
2001-12-17,471.0,3.1,3.0,192,-1.1
2001-12-18,453.0,2.9,2.3,186,-0.4
2001-12-19,402.0,2.4,2.0,160,-1.0
2001-12-20,375.0,2.7,1.3,163,-0.2
2001-12-21,386.0,4.9,2.7,194,-3.2
2001-12-22,379.0,5.2,2.0,218,-1.7
2001-12-23,349.0,8.1,1.7,215,-0.9
2001-12-24,508.0,9.5,3.7,253,-2.4
2001-12-25,450.0,5.0,2.0,231,0.0
2001-12-26,385.0,6.8,1.7,270,0.3
2001-12-27,369.0,6.0,1.7,265,-1.0
2001-12-28,358.0,17.5,1.3,252,3.8
2001-12-29,397.0,37.0,2.7,221,8.6
2001-12-30,426.0,12.0,3.3,216,2.4
2001-12-31,538.0,4.6,2.7,218,-0.3
2002-01-01,439.0,3.8,2.0,220,-1.0
2002-01-02,404.0,4.1,2.0,218,-1.2
2002-01-03,342.0,3.7,0.7,220,0.4
2002-01-04,316.0,,0.7,230,-1.6
2002-01-05,278.0,3.3,0.3,191,-0.5
2002-01-06,300.0,,0.3,159,0.9
2002-01-07,347.0,10.1,1.7,146,-0.9
2002-01-08,397.0,5.8,2.3,162,0.4
2002-01-09,356.0,3.9,0.7,196,1.4
2002-01-10,465.0,8.7,3.0,186,-0.2
2002-01-11,610.0,5.0,4.0,209,-1.2
2002-01-12,563.0,4.2,3.0,209,-0.5
2002-01-13,518.0,4.3,2.7,201,0.0
2002-01-14,463.0,4.2,2.0,197,-0.1
2002-01-15,420.0,4.0,1.7,168,-1.0
2002-01-16,370.0,5.3,1.0,141,1.0
2002-01-17,384.0,8.8,2.0,120,-0.1
2002-01-18,332.0,7.8,1.3,139,0.4
2002-01-19,372.0,25.8,2.7,160,2.6
2002-01-20,463.0,8.2,2.3,176,-0.1
2002-01-21,452.0,4.9,2.7,191,-0.5
2002-01-22,388.0,4.5,1.7,194,-0.3
2002-01-23,379.0,5.0,2.0,227,-0.2
2002-01-24,360.0,4.4,1.0,186,0.3
2002-01-25,344.0,11.5,2.0,157,-1.7
2002-01-26,406.0,3.6,2.0,172,-0.6
2002-01-27,370.0,4.0,2.0,191,-0.6
2002-01-28,375.0,3.7,2.0,196,-1.3
2002-01-29,367.0,2.7,1.0,188,-0.8
2002-01-30,338.0,3.5,0.7,193,-0.1
2002-01-31,298.0,11.2,1.3,181,-1.2
2002-02-01,347.0,17.6,2.7,179,-2.9
2002-02-02,377.0,13.2,3.3,214,-3.4
2002-02-03,381.0,8.4,1.0,252,-0.2
2002-02-04,337.0,9.7,1.3,243,0.1
2002-02-05,415.0,18.2,3.3,239,1.5
2002-02-06,609.0,4.6,3.7,198,0.9
2002-02-07,588.0,3.4,3.0,165,0.2
2002-02-08,532.0,3.5,2.7,165,0.1
2002-02-09,452.0,3.9,2.3,174,-0.4
2002-02-10,438.0,6.0,2.0,166,0.5
2002-02-11,491.0,4.5,2.7,173,0.3
2002-02-12,515.0,4.0,2.0,174,1.8
2002-02-13,498.0,4.1,2.3,165,1.1
2002-02-14,419.0,3.9,0.7,146,0.6
2002-02-15,371.0,4.8,0.7,163,1.5
2002-02-16,326.0,10.2,1.3,125,0.6
2002-02-17,409.0,10.5,2.3,144,-0.9
2002-02-18,372.0,11.4,2.3,127,-0.4
2002-02-19,401.0,5.6,1.3,124,4.3
2002-02-20,418.0,7.0,2.0,151,0.8
2002-02-21,443.0,4.1,2.0,128,-0.2
2002-02-22,407.0,4.8,1.7,133,0.0
2002-02-23,362.0,3.7,1.0,149,-0.3
2002-02-24,329.0,4.9,1.3,157,-0.7
2002-02-25,329.0,6.1,1.7,192,-1.8
2002-02-26,333.0,5.9,2.0,195,-2.7
2002-02-27,338.0,6.0,1.3,170,-0.2
2002-02-28,372.0,17.4,3.7,154,-2.8
2002-03-01,382.0,9.4,1.7,163,-0.3
2002-03-02,386.0,8.4,1.3,117,4.4
2002-03-03,364.0,8.1,2.3,167,-3.2
2002-03-04,470.0,13.7,2.3,170,7.1
2002-03-05,646.0,4.2,3.3,158,1.5
2002-03-06,641.0,2.7,3.3,167,0.5
2002-03-07,575.0,3.2,2.0,139,1.5
2002-03-08,474.0,3.4,1.0,118,1.1
2002-03-09,413.0,4.4,1.3,111,1.0
2002-03-10,405.0,6.2,1.7,117,1.2
2002-03-11,370.0,7.9,2.3,154,0.6
2002-03-12,453.0,6.0,2.7,135,1.2
2002-03-13,450.0,4.1,1.3,138,1.5
2002-03-14,398.0,3.7,0.7,130,0.9
2002-03-15,335.0,7.1,1.0,150,1.7
2002-03-16,310.0,,0.7,141,3.2
2002-03-17,281.0,,0.3,132,1.0
2002-03-18,359.0,42.3,2.3,138,3.3
2002-03-19,396.0,10.4,2.7,114,6.4
2002-03-20,440.0,5.5,1.7,127,7.1
2002-03-21,451.0,7.1,1.7,142,2.9
2002-03-22,444.0,5.0,1.3,139,1.7
2002-03-23,432.0,5.3,2.3,158,-0.8
2002-03-24,443.0,7.9,4.7,166,-5.4
2002-03-25,433.0,7.3,1.7,163,8.4
2002-03-26,494.0,4.4,2.7,151,2.2
2002-03-27,450.0,3.6,1.0,172,1.2
2002-03-28,374.0,4.2,0.7,160,1.6
2002-03-29,328.0,17.1,1.0,170,1.9
2002-03-30,521.0,12.4,3.3,166,2.8
2002-03-31,680.0,4.6,3.3,187,3.4
2002-04-01,723.0,2.2,3.3,180,1.3
2002-04-02,663.0,2.3,2.7,201,1.1
2002-04-03,583.0,2.5,2.7,195,0.0
2002-04-04,479.0,2.3,1.3,197,0.4
2002-04-05,402.0,3.8,0.7,197,3.6
2002-04-06,358.0,4.0,1.0,211,1.6
2002-04-07,410.0,4.8,1.7,214,2.6
2002-04-08,372.0,3.2,0.3,208,1.7
2002-04-09,321.0,5.2,0.7,229,1.3
2002-04-10,304.0,,1.3,220,2.0
2002-04-11,450.0,9.7,3.0,235,3.5
2002-04-12,432.0,7.5,3.0,251,2.2
2002-04-13,398.0,8.4,3.3,223,-2.4
2002-04-14,396.0,11.7,2.3,232,1.6
2002-04-15,357.0,7.9,1.3,214,0.3
2002-04-16,346.0,7.8,1.7,175,-0.7
2002-04-17,439.0,16.0,4.7,146,-3.6
2002-04-18,485.0,2.1,5.3,164,-9.0
2002-04-19,508.0,5.0,5.3,161,-4.1
2002-04-20,563.0,4.8,5.3,158,-4.3
2002-04-21,459.0,3.0,1.3,147,1.8
2002-04-22,425.0,3.0,2.3,144,-0.1
2002-04-23,494.0,8.9,3.7,177,1.3
2002-04-24,488.0,4.7,1.7,232,1.0
2002-04-25,443.0,2.5,0.7,228,0.2
2002-04-26,399.0,4.8,0.7,156,2.2
2002-04-27,420.0,7.4,2.3,136,0.9
2002-04-28,511.0,4.9,3.3,110,0.9
2002-04-29,497.0,2.9,2.0,135,1.9
2002-04-30,486.0,5.4,1.7,132,2.8
2002-05-01,397.0,4.1,1.0,158,1.8
2002-05-02,445.0,2.9,1.3,177,2.3
2002-05-03,428.0,3.6,1.3,231,1.1
2002-05-04,378.0,5.2,1.3,258,1.0
2002-05-05,339.0,7.8,0.7,267,0.9
2002-05-06,342.0,7.4,1.7,231,-1.6
2002-05-07,379.0,10.8,2.0,244,0.2
2002-05-08,366.0,5.4,2.0,220,-2.3
2002-05-09,365.0,4.8,1.3,196,0.3
2002-05-10,384.0,17.1,3.0,207,-0.7
2002-05-11,397.0,13.8,4.0,214,-6.4
2002-05-12,488.0,2.5,2.7,202,-1.0
2002-05-13,457.0,7.0,1.7,161,1.3
2002-05-14,434.0,4.4,4.0,118,-4.3
2002-05-15,411.0,4.4,2.7,115,-1.7
2002-05-16,371.0,4.2,1.7,130,-0.9
2002-05-17,362.0,5.1,1.3,134,-0.6
2002-05-18,376.0,10.4,2.0,144,-0.7
2002-05-19,440.0,7.6,1.7,144,1.6
2002-05-20,453.0,5.1,2.3,166,2.0
2002-05-21,401.0,5.1,2.0,188,0.9
2002-05-22,405.0,10.1,2.0,213,0.4
2002-05-23,606.0,8.8,4.7,211,3.3
2002-05-24,682.0,0.1,0.3,199,2.3
2002-05-25,435.0,0.6,1.0,197,3.6
2002-05-26,440.0,3.2,1.7,188,0.2
2002-05-27,593.0,3.1,3.3,191,-1.1
2002-05-28,662.0,1.2,2.3,185,1.3
2002-05-29,544.0,1.4,1.7,177,0.7
2002-05-30,459.0,3.6,1.7,160,0.9
2002-05-31,350.0,4.5,0.7,186,0.8
2002-06-01,327.0,16.4,0.7,181,0.3
2002-06-02,397.0,9.2,3.0,188,-1.9
2002-06-03,437.0,4.8,2.3,194,-0.0
2002-06-04,441.0,4.4,2.7,219,-1.5
2002-06-05,416.0,3.5,1.7,184,-0.7
2002-06-06,362.0,4.3,1.0,197,-1.0
2002-06-07,308.0,7.7,1.3,197,-0.4
2002-06-08,345.0,10.0,2.3,185,0.1
2002-06-09,434.0,7.0,2.0,165,-0.9
2002-06-10,447.0,6.5,2.7,128,-1.1
2002-06-11,386.0,4.9,2.0,99,-1.2
2002-06-12,368.0,4.5,1.7,109,-0.6
2002-06-13,359.0,5.9,1.7,80,-0.9
2002-06-14,357.0,4.6,1.0,107,-0.6
2002-06-15,339.0,6.1,1.0,102,-0.8
2002-06-16,382.0,11.0,2.0,117,1.3
2002-06-17,356.0,7.4,1.0,88,0.3
2002-06-18,345.0,13.2,2.0,127,-0.1
2002-06-19,468.0,9.3,2.7,115,0.5
2002-06-20,478.0,3.2,1.3,108,0.5
2002-06-21,428.0,3.4,1.7,83,-0.1
2002-06-22,408.0,3.9,1.3,83,-0.4
2002-06-23,430.0,3.0,2.3,95,-0.2
2002-06-24,474.0,2.8,1.3,108,0.9
2002-06-25,476.0,3.7,2.0,111,0.1
2002-06-26,448.0,2.7,1.3,108,-0.4
2002-06-27,387.0,2.6,0.3,96,0.9
2002-06-28,339.0,4.3,0.3,88,2.6
2002-06-29,344.0,5.8,1.3,96,-1.1
2002-06-30,372.0,7.5,2.7,105,-2.4
2002-07-01,425.0,7.5,2.7,94,1.7
2002-07-02,409.0,4.5,1.3,99,0.8
2002-07-03,361.0,4.9,1.0,129,-0.1
2002-07-04,313.0,,1.0,133,0.3
2002-07-05,372.0,16.2,2.3,142,0.6
2002-07-06,514.0,7.8,3.7,121,-2.2
2002-07-07,436.0,4.1,2.0,107,-0.9
2002-07-08,391.0,6.2,2.0,102,0.0
2002-07-09,440.0,9.7,2.7,103,-0.5
2002-07-10,469.0,5.3,2.0,94,-0.2
2002-07-11,386.0,7.5,1.3,99,-0.3
2002-07-12,474.0,11.7,3.3,84,0.7
2002-07-13,455.0,4.1,1.7,116,0.1
2002-07-14,389.0,3.5,0.7,126,0.3
2002-07-15,316.0,,1.0,155,0.4
2002-07-16,375.0,8.5,2.3,160,-0.8
2002-07-17,434.0,8.7,3.3,147,-0.0
2002-07-18,441.0,3.2,1.3,149,1.9
2002-07-19,561.0,1.5,2.0,134,3.3
2002-07-20,789.0,1.3,3.0,124,-0.8
2002-07-21,551.0,2.7,3.3,124,-1.5
2002-07-22,510.0,3.4,3.0,147,-1.6
2002-07-23,472.0,5.9,3.0,196,-1.7
2002-07-24,433.0,5.2,1.7,209,-0.1
2002-07-25,461.0,4.7,2.7,215,0.6
2002-07-26,447.0,6.6,2.7,265,-0.9
2002-07-27,434.0,7.6,3.3,294,-1.7
2002-07-28,473.0,5.7,2.3,310,2.8
2002-07-29,466.0,5.0,2.3,293,2.9
2002-07-30,422.0,5.4,1.7,281,1.9
2002-07-31,405.0,3.2,1.7,239,0.8
2002-08-01,434.0,7.8,3.7,207,0.6
2002-08-02,489.0,5.2,4.3,199,-2.1
2002-08-03,445.0,6.7,2.7,183,0.6
2002-08-04,450.0,6.1,2.3,143,2.9
2002-08-05,429.0,5.2,1.3,127,2.8
2002-08-06,397.0,4.7,1.0,131,0.8
2002-08-07,343.0,8.0,1.0,133,0.9
2002-08-08,316.0,20.1,1.7,115,1.1
2002-08-09,397.0,10.5,2.7,110,-0.5
2002-08-10,432.0,6.0,3.0,110,-0.3
2002-08-11,450.0,6.7,2.7,149,-0.6
2002-08-12,469.0,4.2,2.7,177,-0.1
2002-08-13,462.0,2.7,2.0,202,-0.9
2002-08-14,471.0,2.5,2.7,267,-2.3
2002-08-15,567.0,1.6,3.3,279,-1.0
2002-08-16,575.0,2.1,2.3,263,0.9
2002-08-17,480.0,2.5,2.0,281,-1.5
2002-08-18,447.0,5.4,3.0,270,-1.3
2002-08-19,515.0,8.2,4.0,248,-0.2
2002-08-20,479.0,3.4,3.3,211,-2.7
2002-08-21,418.0,3.9,4.0,192,-4.1
2002-08-22,420.0,5.5,1.7,172,5.7
2002-08-23,402.0,5.4,1.7,186,2.9
2002-08-24,363.0,4.5,1.0,149,0.3
2002-08-25,321.0,,1.3,148,-0.1
2002-08-26,356.0,13.0,3.0,119,-1.8
2002-08-27,407.0,10.2,2.7,121,1.4
2002-08-28,447.0,3.3,1.7,122,1.7
2002-08-29,464.0,2.7,2.0,124,1.3
2002-08-30,379.0,6.2,2.0,146,-1.4
2002-08-31,342.0,,1.7,160,-2.1
2002-09-01,351.0,,2.3,206,-1.1
2002-09-02,350.0,,1.7,233,1.0
2002-09-03,356.0,15.6,1.7,252,6.9
2002-09-04,422.0,7.5,4.7,247,-4.8
2002-09-05,442.0,4.2,1.7,226,-0.3
2002-09-06,404.0,3.9,1.7,202,-0.5
2002-09-07,426.0,6.4,4.3,206,-6.0
2002-09-08,479.0,7.5,3.3,213,2.2
2002-09-09,465.0,4.0,1.7,199,1.3
2002-09-10,417.0,3.7,3.7,202,-4.7
2002-09-11,458.0,7.1,3.7,187,-1.0
2002-09-12,495.0,2.9,3.0,187,-1.6
2002-09-13,495.0,2.9,2.3,187,-0.7
2002-09-14,431.0,3.2,2.0,149,-1.2
2002-09-15,370.0,4.7,1.7,166,-1.5
2002-09-16,411.0,6.6,1.3,170,4.1
2002-09-17,448.0,4.0,2.3,199,-0.9
2002-09-18,492.0,3.9,3.0,207,0.9
2002-09-19,613.0,2.1,2.7,192,1.2
2002-09-20,476.0,2.9,1.0,195,1.8
2002-09-21,410.0,5.0,1.7,182,1.9
2002-09-22,399.0,2.3,1.7,185,-0.7
2002-09-23,404.0,1.6,0.3,192,4.3
2002-09-24,376.0,1.2,0.7,177,1.9
2002-09-25,363.0,3.7,0.3,190,3.1
2002-09-26,351.0,5.3,1.3,154,-1.7
2002-09-27,306.0,,1.3,154,-0.0
2002-09-28,307.0,,1.3,137,6.7
2002-09-29,296.0,,1.0,130,4.8
2002-09-30,335.0,23.5,3.7,110,2.2
2002-10-01,388.0,15.1,5.0,90,-7.0
2002-10-02,441.0,7.7,4.3,109,-4.0
2002-10-03,464.0,7.6,4.7,104,-2.2
2002-10-04,402.0,4.4,5.3,93,-7.1
2002-10-05,392.0,3.3,4.0,118,-3.6
2002-10-06,383.0,8.1,2.7,126,-1.5
2002-10-07,410.0,7.8,5.0,123,-5.6
2002-10-08,473.0,4.7,4.0,157,-1.5
2002-10-09,410.0,4.5,3.3,164,-3.1
2002-10-10,391.0,5.2,3.0,200,-2.7
2002-10-11,378.0,6.3,1.7,188,-0.4
2002-10-12,343.0,7.2,1.7,189,-1.0
2002-10-13,301.0,6.5,1.3,185,-1.8
2002-10-14,347.0,13.7,3.7,177,-4.1
2002-10-15,479.0,6.5,3.3,180,2.4
2002-10-16,543.0,3.0,3.0,199,2.0
2002-10-17,580.0,2.7,2.7,171,1.6
2002-10-18,577.0,4.0,2.7,183,2.2
2002-10-19,662.0,1.8,2.7,186,0.8
2002-10-20,635.0,1.4,2.3,189,1.2
2002-10-21,571.0,1.8,2.0,144,0.6
2002-10-22,499.0,2.5,2.3,136,0.2
2002-10-23,427.0,10.2,2.3,119,-0.5
2002-10-24,582.0,8.4,5.3,113,-2.5
2002-10-25,689.0,2.6,4.3,119,-0.7
2002-10-26,582.0,4.4,4.0,126,-0.6
2002-10-27,582.0,4.8,3.7,130,-0.9
2002-10-28,614.0,4.2,3.3,135,0.4
2002-10-29,523.0,4.9,3.0,177,0.0
2002-10-30,478.0,6.2,3.0,186,-1.8
2002-10-31,459.0,5.0,3.3,171,-2.0
2002-11-01,416.0,7.2,1.7,191,0.4
2002-11-02,459.0,7.6,4.0,177,-2.2
2002-11-03,478.0,5.3,4.3,190,-2.3
2002-11-04,486.0,4.4,3.7,165,-1.5
2002-11-05,545.0,4.2,3.7,188,-0.7
2002-11-06,565.0,3.7,3.7,211,-0.7
2002-11-07,546.0,4.8,2.7,223,0.1
2002-11-08,427.0,4.3,1.3,188,0.0
2002-11-09,374.0,8.9,1.3,199,2.4
2002-11-10,382.0,17.6,2.7,194,7.0
2002-11-11,531.0,6.7,2.7,176,3.8
2002-11-12,569.0,6.0,3.0,154,1.5
2002-11-13,570.0,2.5,2.7,145,-0.2
2002-11-14,453.0,3.9,2.0,160,0.7
2002-11-15,466.0,5.8,2.7,157,0.2
2002-11-16,457.0,4.8,1.7,137,1.9
2002-11-17,448.0,7.4,1.7,140,1.7
2002-11-18,378.0,6.7,2.3,128,-5.9
2002-11-19,392.0,6.9,2.7,114,-0.9
2002-11-20,405.0,10.8,3.3,145,-1.0
2002-11-21,619.0,14.6,5.0,126,2.1
2002-11-22,607.0,3.3,4.0,122,-1.0
2002-11-23,535.0,4.0,3.0,119,-1.1
2002-11-24,458.0,4.7,3.0,103,-1.2
2002-11-25,460.0,3.6,3.0,86,-1.9
2002-11-26,416.0,7.1,2.3,76,-0.6
2002-11-27,538.0,8.1,3.3,105,-0.7
2002-11-28,497.0,3.9,2.7,108,-0.6
2002-11-29,520.0,5.0,2.7,94,0.1
2002-11-30,514.0,5.2,3.0,94,-1.0
2002-12-01,506.0,5.1,3.3,121,-1.8
2002-12-02,482.0,5.0,2.7,110,-0.9
2002-12-03,482.0,4.6,2.3,107,0.1
2002-12-04,442.0,4.7,2.7,134,-0.5
2002-12-05,409.0,4.7,2.3,137,-0.8
2002-12-06,394.0,16.1,2.3,137,-0.2
2002-12-07,536.0,12.2,3.3,132,1.0
2002-12-08,599.0,2.9,2.7,164,1.4
2002-12-09,556.0,1.7,1.3,179,0.7
2002-12-10,456.0,2.4,1.3,157,-0.3
2002-12-11,385.0,3.3,1.0,124,0.2
2002-12-12,368.0,4.2,1.3,109,0.9
2002-12-13,342.0,7.1,1.3,126,0.7
2002-12-14,416.0,9.7,2.7,208,-1.6
2002-12-15,502.0,2.6,2.0,199,0.6
2002-12-16,471.0,3.2,1.3,216,2.5
2002-12-17,425.0,5.4,0.7,234,2.7
2002-12-18,376.0,16.9,0.7,224,8.9
2002-12-19,438.0,19.8,3.7,224,2.1
2002-12-20,528.0,5.6,3.3,208,-1.8
2002-12-21,463.0,12.5,3.0,187,-1.5
2002-12-22,441.0,13.4,2.3,174,4.5
2002-12-23,517.0,5.2,3.7,126,-1.0
2002-12-24,522.0,6.1,3.3,95,0.7
2002-12-25,491.0,5.1,2.7,59,-0.1
2002-12-26,429.0,9.3,2.7,54,-1.5
2002-12-27,686.0,5.5,4.3,49,-1.2
2002-12-28,704.0,2.5,3.3,45,-0.1
2002-12-29,611.0,3.5,2.7,52,0.2
2002-12-30,516.0,4.0,2.7,49,-0.5
2002-12-31,457.0,4.2,1.7,55,0.2
2003-01-01,403.0,5.4,1.7,52,-0.1
2003-01-02,367.0,8.5,1.7,45,-0.2
2003-01-03,492.0,11.4,3.0,110,0.1
2003-01-04,575.0,3.4,3.0,109,-0.7
2003-01-05,436.0,4.2,2.0,114,-0.4
2003-01-06,395.0,4.7,1.0,144,1.0
2003-01-07,368.0,8.4,1.7,151,-2.1
2003-01-08,290.0,18.0,1.0,181,-1.2
2003-01-09,286.0,14.5,0.7,182,-0.7
2003-01-10,405.0,8.8,2.7,196,-1.2
2003-01-11,435.0,3.5,2.0,196,-0.6
2003-01-12,403.0,4.3,2.0,174,-0.9
2003-01-13,396.0,5.8,1.7,157,-0.0
2003-01-14,384.0,6.6,2.0,157,0.2
2003-01-15,405.0,5.1,1.7,141,-1.1
2003-01-16,344.0,5.4,1.3,141,-1.8
2003-01-17,335.0,12.2,1.7,136,0.2
2003-01-18,392.0,13.4,2.7,129,1.9
2003-01-19,547.0,5.4,3.3,146,1.8
2003-01-20,653.0,2.5,3.3,156,0.8
2003-01-21,674.0,2.3,3.3,114,-0.3
2003-01-22,586.0,4.4,3.3,144,0.1
2003-01-23,643.0,3.6,3.0,117,1.0
2003-01-24,686.0,3.4,3.3,127,0.1
2003-01-25,745.0,2.8,3.7,99,-0.0
2003-01-26,678.0,3.5,3.3,121,0.7
2003-01-27,507.0,7.4,2.0,142,4.5
2003-01-28,448.0,8.7,2.7,142,0.6
2003-01-29,428.0,11.7,3.0,141,-2.5
2003-01-30,481.0,8.0,3.7,104,-1.8
2003-01-31,515.0,2.6,3.0,69,-2.8
2003-02-01,535.0,1.0,2.3,66,-1.5
2003-02-02,516.0,10.8,5.3,71,-5.8
2003-02-03,484.0,7.0,3.7,59,-1.5
2003-02-04,577.0,4.4,4.0,58,-1.4
2003-02-05,569.0,1.8,3.0,82,-1.0
2003-02-06,487.0,5.2,3.0,112,-0.8
2003-02-07,494.0,3.1,2.7,135,-0.9
2003-02-08,492.0,3.0,3.0,143,-1.2
2003-02-09,462.0,4.9,3.3,153,-2.0
2003-02-10,440.0,5.3,3.0,120,-2.8
2003-02-11,405.0,7.5,2.3,120,-1.0
2003-02-12,375.0,11.6,2.7,117,-0.8
2003-02-13,385.0,9.7,1.7,97,2.1
2003-02-14,442.0,9.7,3.3,74,2.8
2003-02-15,571.0,5.9,3.7,51,0.9
2003-02-16,611.0,4.5,3.3,33,0.8
2003-02-17,617.0,3.6,2.7,16,1.9
2003-02-18,652.0,5.0,3.3,33,4.0
2003-02-19,547.0,6.5,2.7,54,1.8
2003-02-20,646.0,4.5,3.3,72,1.7
2003-02-21,598.0,3.0,2.7,76,0.6
2003-02-22,577.0,3.2,2.7,56,1.3
2003-02-23,585.0,3.1,2.3,46,0.6
2003-02-24,486.0,2.9,1.7,46,0.7
2003-02-25,426.0,6.1,1.3,53,0.9
2003-02-26,428.0,15.0,2.7,49,-1.0
2003-02-27,547.0,5.1,4.0,71,-2.5
2003-02-28,464.0,5.8,3.0,56,-1.6
2003-03-01,424.0,5.8,2.7,79,0.2
2003-03-02,404.0,7.6,2.7,97,-1.6
2003-03-03,396.0,12.5,3.3,94,-2.2
2003-03-04,507.0,4.9,4.3,132,-1.7
2003-03-05,483.0,6.7,3.3,107,-1.2
2003-03-06,515.0,4.7,4.0,104,-2.3
2003-03-07,474.0,3.7,3.0,130,-0.4
2003-03-08,422.0,4.5,2.0,109,-0.8
2003-03-09,405.0,5.7,2.3,147,-1.0
2003-03-10,400.0,7.6,3.0,117,-2.8
2003-03-11,419.0,8.1,2.7,114,1.0
2003-03-12,445.0,5.2,2.0,92,1.8
2003-03-13,461.0,7.6,2.7,74,3.4
2003-03-14,573.0,6.4,3.3,96,2.1
2003-03-15,623.0,4.2,4.0,104,0.3
2003-03-16,679.0,3.6,4.0,102,0.1
2003-03-17,719.0,3.3,4.7,68,-0.3
2003-03-18,778.0,2.3,4.0,71,0.6
2003-03-19,711.0,2.8,2.7,64,2.3
2003-03-20,694.0,2.6,3.7,48,0.5
2003-03-21,690.0,3.0,4.0,38,0.9
2003-03-22,630.0,3.1,3.0,13,2.1
2003-03-23,611.0,3.3,3.7,45,0.7
2003-03-24,560.0,3.1,1.7,54,0.7
2003-03-25,418.0,6.1,0.7,86,1.8
2003-03-26,384.0,15.5,1.7,115,-0.2
2003-03-27,472.0,9.2,3.7,134,-2.4
2003-03-28,488.0,5.8,3.7,150,-2.2
2003-03-29,431.0,11.3,4.3,185,-4.2
2003-03-30,535.0,7.3,4.7,185,-1.7
2003-03-31,564.0,3.5,4.3,168,-1.8
2003-04-01,525.0,2.9,3.0,152,-0.6
2003-04-02,498.0,4.2,3.7,168,-2.3
2003-04-03,461.0,6.0,3.0,147,0.4
2003-04-04,484.0,6.3,4.0,117,-2.2
2003-04-05,489.0,6.6,4.0,98,-1.2
2003-04-06,468.0,4.0,2.0,85,-0.0
2003-04-07,374.0,10.6,1.3,78,-0.2
2003-04-08,420.0,15.5,3.7,55,0.1
2003-04-09,428.0,11.2,3.3,69,1.1
2003-04-10,623.0,7.1,3.7,62,1.8
2003-04-11,663.0,2.6,2.7,41,0.7
2003-04-12,595.0,3.1,2.0,60,1.5
2003-04-13,501.0,3.6,2.0,62,1.6
2003-04-14,518.0,5.6,3.0,57,2.8
2003-04-15,578.0,5.3,3.0,47,1.3
2003-04-16,716.0,3.4,4.3,26,1.2
2003-04-17,711.0,2.7,4.0,31,-0.1
2003-04-18,627.0,3.3,3.3,44,0.8
2003-04-19,600.0,2.7,2.3,55,1.4
2003-04-20,531.0,7.9,2.7,73,0.1
2003-04-21,547.0,4.3,3.7,95,-1.8
2003-04-22,563.0,3.3,3.7,122,-1.7
2003-04-23,504.0,4.5,3.3,119,-1.2
2003-04-24,490.0,5.1,3.7,119,-2.4
2003-04-25,543.0,3.4,4.3,145,-2.2
2003-04-26,447.0,5.2,3.0,140,-1.9
2003-04-27,480.0,5.1,2.7,168,-0.7
2003-04-28,451.0,2.5,2.7,163,-0.9
2003-04-29,480.0,2.7,3.3,178,-2.8
2003-04-30,584.0,5.6,4.7,160,-1.9
2003-05-01,633.0,3.7,4.7,157,-0.9
2003-05-02,583.0,3.6,2.7,137,0.2
2003-05-03,509.0,4.9,2.3,151,-0.4
2003-05-04,416.0,6.5,1.3,153,1.1
2003-05-05,517.0,9.7,2.7,148,4.9
2003-05-06,695.0,4.7,3.7,124,1.3
2003-05-07,713.0,3.7,4.7,103,-1.2
2003-05-08,760.0,2.7,4.7,52,0.1
2003-05-09,791.0,2.9,4.0,32,1.0
2003-05-10,629.0,3.0,4.0,27,-1.4
2003-05-11,620.0,4.3,4.0,57,-0.0
2003-05-12,676.0,2.9,3.3,60,0.2
2003-05-13,720.0,3.4,3.7,65,0.7
2003-05-14,748.0,2.5,4.0,68,-0.3
2003-05-15,672.0,2.7,3.7,79,-0.3
2003-05-16,596.0,2.5,2.0,81,0.2
2003-05-17,520.0,3.4,1.7,62,0.8
2003-05-18,428.0,10.1,1.7,70,-0.1
2003-05-19,426.0,7.1,2.3,76,-1.4
2003-05-20,424.0,7.5,2.3,97,-1.4
2003-05-21,442.0,9.3,3.7,79,-1.8
2003-05-22,493.0,5.4,3.7,103,-1.7
2003-05-23,475.0,4.5,3.0,91,-1.1
2003-05-24,492.0,5.7,3.7,59,-1.5
2003-05-25,537.0,2.7,3.0,62,-1.2
2003-05-26,472.0,3.8,3.0,83,-1.1
2003-05-27,520.0,5.0,4.0,91,-0.9
2003-05-28,686.0,4.3,4.3,99,-1.2
2003-05-29,676.0,12.8,5.7,89,-4.3
2003-05-30,669.0,15.3,5.0,70,9.8
2003-05-31,703.0,2.4,2.7,67,1.9
2003-06-01,607.0,3.7,3.7,64,0.1
2003-06-02,722.0,5.1,4.3,58,-0.9
2003-06-03,797.0,3.0,4.0,61,0.7
2003-06-04,783.0,2.3,3.7,72,0.8
2003-06-05,606.0,2.6,2.3,91,0.3
2003-06-06,615.0,3.6,2.7,132,-0.1
2003-06-07,648.0,4.5,3.7,150,0.9
2003-06-08,750.0,3.8,4.3,155,-0.4
2003-06-09,684.0,2.8,3.7,170,-0.1
2003-06-10,695.0,2.9,3.7,170,0.8
2003-06-11,648.0,2.2,2.7,178,0.5
2003-06-12,527.0,3.2,1.7,176,-0.1
2003-06-13,426.0,7.3,1.7,147,-0.4
2003-06-14,510.0,8.3,4.0,124,0.3
2003-06-15,545.0,7.3,3.3,97,0.5
2003-06-16,514.0,8.6,4.3,87,-2.7
2003-06-17,501.0,9.0,5.0,86,-2.0
2003-06-18,544.0,8.0,5.3,104,-2.8
2003-06-19,565.0,4.0,2.7,117,-0.1
2003-06-20,539.0,4.2,2.7,114,0.8
2003-06-21,530.0,3.7,3.3,95,-0.6
2003-06-22,524.0,3.9,2.7,94,-0.4
2003-06-23,502.0,4.1,3.3,101,-0.5
2003-06-24,541.0,4.0,3.7,104,-1.3
2003-06-25,561.0,3.6,3.0,117,0.0
2003-06-26,578.0,6.1,3.0,126,1.8
2003-06-27,692.0,5.1,4.3,143,-1.2
2003-06-28,703.0,4.7,4.7,143,0.1
2003-06-29,744.0,2.8,3.7,144,-0.2
2003-06-30,763.0,2.4,3.0,141,0.6
2003-07-01,640.0,2.0,2.0,154,-0.1
2003-07-02,509.0,3.2,2.7,149,-0.5
2003-07-03,539.0,4.3,3.0,123,-0.4
2003-07-04,736.0,2.8,3.7,103,0.2
2003-07-05,743.0,2.0,3.3,86,-0.5
2003-07-06,640.0,2.2,2.3,97,1.6
2003-07-07,569.0,1.1,2.3,131,-0.4
2003-07-08,467.0,0.9,0.7,137,1.2
2003-07-09,425.0,2.7,1.0,139,0.5
2003-07-10,356.0,13.8,1.7,114,-0.4
2003-07-11,383.0,13.8,5.0,94,-7.1
2003-07-12,619.0,4.1,4.3,105,-1.4
2003-07-13,566.0,4.2,2.7,148,0.4
2003-07-14,498.0,6.1,2.7,148,0.3
2003-07-15,568.0,4.6,3.7,162,-2.0
2003-07-16,587.0,8.5,5.0,162,-1.6
2003-07-17,616.0,3.5,3.3,173,0.2
2003-07-18,557.0,4.0,2.7,186,0.6
2003-07-19,557.0,5.6,4.0,197,-0.0
2003-07-20,632.0,2.7,3.3,248,-0.1
2003-07-21,494.0,1.7,1.7,225,0.3
2003-07-22,447.0,2.4,1.7,190,0.8
2003-07-23,444.0,4.3,2.3,154,-0.9
2003-07-24,405.0,8.0,1.7,120,1.1
2003-07-25,326.0,12.1,1.7,72,0.2
2003-07-26,392.0,22.0,4.0,43,-1.3
2003-07-27,677.0,3.8,3.3,51,-0.1
2003-07-28,647.0,4.3,3.3,77,0.9
2003-07-29,748.0,3.3,4.3,66,-1.0
2003-07-30,763.0,2.7,4.0,59,0.0
2003-07-31,793.0,2.4,4.3,65,-0.5
2003-08-01,799.0,2.1,4.3,78,-0.8
2003-08-02,736.0,2.1,3.7,89,-0.2
2003-08-03,627.0,2.6,2.7,121,-0.5
2003-08-04,538.0,5.0,2.3,116,0.8
2003-08-05,444.0,9.1,1.7,138,4.4
2003-08-06,493.0,6.4,3.7,132,-0.3
2003-08-07,538.0,5.2,3.3,124,0.5
2003-08-08,705.0,4.5,4.3,109,0.8
2003-08-09,688.0,2.9,2.7,111,0.9
2003-08-10,613.0,2.4,2.3,114,0.8
2003-08-11,566.0,3.8,2.3,114,0.9
2003-08-12,657.0,3.3,4.0,113,0.2
2003-08-13,597.0,3.8,3.0,111,0.7
2003-08-14,563.0,4.0,3.0,100,0.2
2003-08-15,571.0,4.0,2.7,106,1.2
2003-08-16,545.0,4.7,2.0,116,0.5
2003-08-17,477.0,9.8,2.3,117,1.7
2003-08-18,468.0,5.1,6.7,106,-12.1
2003-08-19,430.0,4.9,3.0,92,7.5
2003-08-20,433.0,7.8,2.7,98,0.1
2003-08-21,610.0,8.6,5.3,92,-0.8
2003-08-22,747.0,2.4,5.0,109,-0.0
2003-08-23,742.0,1.5,4.3,121,-0.5
2003-08-24,608.0,2.8,3.3,130,-0.5
2003-08-25,619.0,1.6,3.3,130,-0.9
2003-08-26,532.0,2.2,2.3,141,-0.7
2003-08-27,470.0,2.6,2.3,143,-1.5
2003-08-28,430.0,6.7,3.3,151,-0.0
2003-08-29,491.0,5.6,2.7,135,-0.1
2003-08-30,544.0,3.0,2.7,117,-0.7
2003-08-31,432.0,3.2,1.7,103,-0.7
2003-09-01,445.0,5.5,2.7,74,1.0
2003-09-02,515.0,4.0,2.7,74,1.2
2003-09-03,486.0,6.0,3.0,76,0.6
2003-09-04,612.0,4.3,3.7,81,0.9
2003-09-05,630.0,2.2,3.0,63,0.8
2003-09-06,583.0,2.0,2.3,60,0.4
2003-09-07,464.0,2.1,1.0,48,0.6
2003-09-08,410.0,5.5,1.3,40,1.5
2003-09-09,541.0,5.5,3.3,27,1.0
2003-09-10,647.0,2.9,3.3,40,1.8
2003-09-11,629.0,2.7,2.7,55,1.2
2003-09-12,593.0,2.4,2.3,47,0.8
2003-09-13,515.0,1.7,1.7,48,-0.5
2003-09-14,413.0,3.2,1.0,53,0.7
2003-09-15,365.0,5.9,1.0,68,0.5
2003-09-16,426.0,11.6,4.3,74,-3.6
2003-09-17,682.0,5.2,5.7,94,-1.9
2003-09-18,766.0,2.1,5.0,94,-1.2
2003-09-19,707.0,2.0,4.7,84,-1.0
2003-09-20,670.0,1.5,4.0,74,-1.0
2003-09-21,573.0,2.2,3.3,81,-0.7
2003-09-22,561.0,2.0,3.0,92,-0.6
2003-09-23,487.0,4.1,3.0,105,0.3
2003-09-24,606.0,4.6,4.7,103,-1.4
2003-09-25,682.0,2.7,4.0,108,-0.8
2003-09-26,576.0,2.8,3.0,124,-0.5
2003-09-27,457.0,3.2,1.3,127,0.4
2003-09-28,381.0,3.9,1.0,115,-1.0
2003-09-29,314.0,4.4,1.0,119,-1.3
2003-09-30,301.0,,1.3,106,-1.2
2003-10-01,281.0,,2.0,114,-2.9
2003-10-02,357.0,2.8,2.0,102,1.0
2003-10-03,475.0,4.5,3.0,93,1.1
2003-10-04,461.0,3.4,1.3,73,1.1
2003-10-05,394.0,7.1,1.0,75,1.1
2003-10-06,484.0,8.1,2.0,61,2.3
2003-10-07,547.0,4.3,3.0,61,1.1
2003-10-08,563.0,2.7,1.7,64,1.8
2003-10-09,560.0,1.5,1.3,70,1.8
2003-10-10,453.0,1.4,0.7,67,1.9
2003-10-11,395.0,1.3,0.3,66,0.4
2003-10-12,348.0,3.9,1.0,37,-0.5
2003-10-13,367.0,11.2,3.0,19,-0.7
2003-10-14,506.0,10.0,5.3,19,-2.8
2003-10-15,662.0,3.2,4.7,19,-0.9
2003-10-16,588.0,3.5,4.0,28,-0.9
2003-10-17,554.0,4.3,4.0,45,-1.5
2003-10-18,547.0,4.7,3.7,61,-0.6
2003-10-19,592.0,4.0,4.3,61,-2.5
2003-10-20,593.0,4.7,4.3,70,-0.7
2003-10-21,680.0,3.3,5.0,88,-2.0
2003-10-22,631.0,5.3,4.0,87,2.4
2003-10-23,479.0,3.5,1.3,91,7.9
2003-10-24,482.0,12.8,3.7,112,5.2
2003-10-25,540.0,8.2,3.0,132,7.5
2003-10-26,459.0,1.9,2.0,133,2.1
2003-10-27,467.0,1.3,2.3,199,-1.8
2003-10-28,638.0,3.2,3.7,247,0.7
2003-10-29,,,7.3,250,-3.0
2003-10-30,,,7.0,250,-3.0
2003-10-31,1003.0,4.3,6.3,239,8.1
2003-11-01,679.0,1.8,3.7,153,-1.3
2003-11-02,541.0,2.5,3.3,138,-1.7
2003-11-03,530.0,2.9,2.7,89,0.9
2003-11-04,641.0,5.8,3.7,64,3.5
2003-11-05,552.0,3.7,1.3,15,2.1
2003-11-06,490.0,3.6,2.7,11,-0.7
2003-11-07,509.0,6.0,2.0,15,0.9
2003-11-08,436.0,9.6,2.0,26,1.1
2003-11-09,541.0,5.0,4.0,48,-0.7
2003-11-10,554.0,7.9,4.0,48,-1.0
2003-11-11,717.0,4.5,5.3,37,-1.4
2003-11-12,698.0,2.4,4.0,14,-0.7
2003-11-13,667.0,3.6,5.0,26,-1.0
2003-11-14,631.0,4.1,4.7,28,-1.7
2003-11-15,663.0,4.7,4.7,41,-1.4
2003-11-16,744.0,2.5,4.7,52,-0.9
2003-11-17,750.0,2.1,4.7,42,-1.4
2003-11-18,695.0,2.3,3.7,64,-0.3
2003-11-19,537.0,3.5,2.7,86,0.0
2003-11-20,554.0,10.8,6.3,111,-16.1
2003-11-21,513.0,4.1,4.0,119,-0.4
2003-11-22,524.0,4.1,3.7,102,-1.4
2003-11-23,551.0,4.2,3.7,134,0.1
2003-11-24,550.0,4.1,2.7,132,1.2
2003-11-25,590.0,3.6,3.0,151,0.4
2003-11-26,520.0,2.7,2.0,147,0.3
2003-11-27,468.0,2.6,1.7,163,0.6
2003-11-28,417.0,3.0,1.3,149,0.7
2003-11-29,370.0,4.4,1.7,139,0.7
2003-11-30,464.0,6.6,2.3,143,1.0
2003-12-01,447.0,3.3,2.3,143,-0.8
2003-12-02,429.0,3.8,1.7,112,1.9
2003-12-03,369.0,2.7,1.0,112,-0.7
2003-12-04,344.0,5.8,1.3,103,-0.7
2003-12-05,436.0,12.3,4.7,92,-3.1
2003-12-06,479.0,4.9,3.7,70,-1.8
2003-12-07,420.0,5.7,2.7,50,-0.3
2003-12-08,519.0,6.6,4.3,40,-0.6
2003-12-09,666.0,2.8,4.0,25,-0.3
2003-12-10,753.0,2.5,4.7,39,-1.1
2003-12-11,801.0,1.9,4.7,39,-0.3
2003-12-12,746.0,2.2,3.7,39,0.1
2003-12-13,762.0,1.8,4.0,44,-0.2
2003-12-14,742.0,1.9,4.0,48,-0.2
2003-12-15,719.0,1.7,3.7,47,-0.7
2003-12-16,574.0,2.6,2.3,61,-0.2
2003-12-17,468.0,3.4,1.7,106,0.1
2003-12-18,394.0,2.9,0.7,110,-0.3
2003-12-19,326.0,,0.3,110,-0.1
2003-12-20,394.0,16.0,2.7,115,0.8
2003-12-21,548.0,7.0,3.7,93,-0.2
2003-12-22,617.0,3.5,3.3,115,-0.2
2003-12-23,526.0,2.5,2.0,118,-0.1
2003-12-24,452.0,2.7,1.7,92,-0.1
2003-12-25,387.0,3.3,1.3,68,0.4
2003-12-26,384.0,4.1,1.7,62,-0.6
2003-12-27,416.0,5.6,2.3,48,-0.7
2003-12-28,508.0,3.0,2.7,53,1.2
2003-12-29,479.0,2.9,1.3,40,1.6
2003-12-30,404.0,3.6,1.3,26,-0.4
2003-12-31,478.0,9.9,3.0,19,-0.9
2004-01-01,542.0,5.8,3.7,52,0.1
2004-01-02,494.0,6.7,3.0,65,0.2
2004-01-03,565.0,6.4,3.7,73,1.1
2004-01-04,570.0,4.7,3.7,75,-0.4
2004-01-05,604.0,3.8,3.7,71,-0.9
2004-01-06,606.0,2.9,3.3,63,-0.0
2004-01-07,677.0,2.3,4.0,81,-0.9
2004-01-08,563.0,2.0,1.7,86,1.5
2004-01-09,559.0,7.0,3.7,62,-0.5
2004-01-10,551.0,6.0,3.7,58,1.5
2004-01-11,596.0,3.3,3.0,52,-0.1
2004-01-12,498.0,4.3,2.0,47,-0.2
2004-01-13,542.0,7.9,3.3,57,0.4
2004-01-14,514.0,4.2,2.7,55,-0.8
2004-01-15,499.0,3.8,3.0,70,-0.5
2004-01-16,598.0,4.9,4.0,81,-0.5
2004-01-17,609.0,3.3,3.3,80,-0.2
2004-01-18,565.0,2.9,3.3,70,0.2
2004-01-19,599.0,3.5,3.3,88,-0.1
2004-01-20,543.0,3.5,3.3,99,-0.9
2004-01-21,490.0,4.1,3.0,99,-1.4
2004-01-22,599.0,9.9,5.3,80,-3.7
2004-01-23,531.0,3.4,4.7,68,-4.4
2004-01-24,496.0,8.6,3.0,55,-0.9
2004-01-25,472.0,5.1,4.3,26,-5.7
2004-01-26,430.0,6.6,3.3,21,-1.9
2004-01-27,465.0,9.4,3.0,0,-0.9
2004-01-28,541.0,5.5,3.3,13,0.4
2004-01-29,478.0,4.7,2.0,26,0.6
2004-01-30,552.0,6.0,3.3,44,1.7
2004-01-31,551.0,4.1,2.3,62,2.2
2004-02-01,533.0,3.2,2.3,70,0.7
2004-02-02,546.0,4.9,3.0,104,1.2
2004-02-03,611.0,3.5,3.3,103,0.2
2004-02-04,567.0,2.1,3.0,98,-0.3
2004-02-05,509.0,3.1,2.7,101,0.8
2004-02-06,576.0,2.8,3.3,83,-0.1
2004-02-07,488.0,2.8,1.7,65,-0.2
2004-02-08,412.0,4.1,1.0,73,2.2
2004-02-09,405.0,3.8,1.7,78,0.0
2004-02-10,371.0,5.2,1.7,78,-0.3
2004-02-11,394.0,10.0,3.3,72,-2.4
2004-02-12,636.0,4.9,4.0,78,-0.8
2004-02-13,655.0,2.0,3.7,78,-1.3
2004-02-14,625.0,2.4,3.3,62,-0.9
2004-02-15,667.0,0.7,3.7,82,-1.4
2004-02-16,533.0,0.4,1.3,67,-0.9
2004-02-17,462.0,0.4,1.0,29,-1.1
2004-02-18,449.0,1.3,2.0,36,-0.7
2004-02-19,442.0,2.4,1.7,29,0.3
2004-02-20,388.0,3.0,1.0,42,-0.4
2004-02-21,378.0,5.3,1.7,49,-0.7
2004-02-22,389.0,6.9,2.0,49,-0.2
2004-02-23,419.0,5.4,2.3,90,-0.3
2004-02-24,395.0,4.2,2.7,77,-2.8
2004-02-25,353.0,3.0,1.7,86,-1.0
2004-02-26,308.0,,0.7,86,-0.4
2004-02-27,375.0,9.7,2.3,109,2.6
2004-02-28,486.0,5.1,3.3,108,2.1
2004-02-29,651.0,2.3,3.7,82,1.2
2004-03-01,649.0,2.5,3.3,67,-0.0
2004-03-02,659.0,2.1,3.3,47,0.8
2004-03-03,623.0,2.1,2.7,40,1.1
2004-03-04,548.0,2.1,1.7,35,0.9
2004-03-05,442.0,3.6,1.3,53,1.5
2004-03-06,392.0,2.9,0.7,59,1.5
2004-03-07,344.0,,0.7,61,0.3
2004-03-08,361.0,4.2,0.7,53,2.2
2004-03-09,449.0,8.9,3.3,58,-1.7
2004-03-10,694.0,3.1,4.7,58,-0.6
2004-03-11,688.0,2.2,4.3,58,-1.8
2004-03-12,598.0,2.3,3.7,73,-1.4
2004-03-13,517.0,2.2,2.7,61,-1.5
2004-03-14,464.0,2.7,3.0,58,-2.3
2004-03-15,448.0,2.9,3.0,49,-1.7
2004-03-16,452.0,2.2,2.3,56,-0.8
2004-03-17,413.0,2.1,1.7,73,-1.1
2004-03-18,375.0,4.0,2.3,82,-2.9
2004-03-19,350.0,5.6,1.7,88,-0.7
2004-03-20,403.0,7.0,2.3,76,-1.5
2004-03-21,410.0,5.8,2.7,73,-1.2
2004-03-22,424.0,4.8,2.7,87,-1.2
2004-03-23,394.0,3.3,1.7,93,-1.0
2004-03-24,353.0,6.1,0.7,87,0.5
2004-03-25,370.0,10.5,1.0,127,3.8
2004-03-26,448.0,7.4,2.7,128,3.3
2004-03-27,620.0,3.8,3.3,134,2.4
2004-03-28,765.0,1.0,3.3,116,1.3
2004-03-29,612.0,2.0,2.3,101,1.0
2004-03-30,577.0,2.1,2.7,82,0.7
2004-03-31,508.0,2.3,2.0,85,0.3
2004-04-01,437.0,2.9,1.0,83,1.3
2004-04-02,404.0,4.1,0.7,77,1.8
2004-04-03,437.0,10.4,4.0,71,-3.5
2004-04-04,456.0,5.7,2.3,83,6.5
2004-04-05,402.0,10.6,2.7,86,1.3
2004-04-06,558.0,3.2,3.7,60,-2.1
2004-04-07,505.0,2.6,2.7,59,-1.5
2004-04-08,461.0,4.0,3.0,41,-1.1
2004-04-09,477.0,4.6,3.0,23,-1.1
2004-04-10,437.0,4.4,2.3,20,-0.4
2004-04-11,432.0,3.5,2.3,20,-1.5
2004-04-12,442.0,3.4,2.3,38,-1.0
2004-04-13,468.0,1.3,1.7,53,-0.8
2004-04-14,399.0,1.7,1.0,63,-0.5
2004-04-15,382.0,7.4,1.7,51,-1.2
2004-04-16,438.0,5.7,2.7,47,-1.2
2004-04-17,415.0,5.9,2.0,75,-1.3
2004-04-18,371.0,7.5,2.0,87,-2.4
2004-04-19,357.0,6.8,1.7,95,-1.7
2004-04-20,334.0,7.7,1.0,89,-0.1
2004-04-21,399.0,5.7,1.7,89,1.3
2004-04-22,393.0,5.8,1.0,86,2.9
2004-04-23,423.0,9.1,3.3,65,0.5
2004-04-24,445.0,5.2,2.3,57,2.1
2004-04-25,522.0,3.0,2.3,47,0.6
2004-04-26,483.0,2.4,1.3,51,0.7
2004-04-27,442.0,4.4,1.3,39,2.9
2004-04-28,481.0,3.0,2.0,35,2.4
2004-04-29,481.0,2.1,1.0,36,0.9
2004-04-30,448.0,4.3,2.7,51,0.3
2004-05-01,425.0,6.7,2.3,77,-0.4
2004-05-02,390.0,6.2,1.7,49,1.5
2004-05-03,363.0,9.5,1.7,56,-1.3
2004-05-04,413.0,4.7,2.0,58,-0.8
2004-05-05,473.0,7.3,3.0,51,-1.0
2004-05-06,540.0,2.7,2.0,35,-0.2
2004-05-07,504.0,3.7,3.0,28,-1.9
2004-05-08,481.0,3.3,2.3,30,-0.8
2004-05-09,447.0,2.7,1.3,42,-0.0
2004-05-10,404.0,3.7,1.3,51,-0.9
2004-05-11,414.0,7.5,2.3,44,-0.1
2004-05-12,422.0,6.3,2.3,70,-0.7
2004-05-13,412.0,6.0,2.3,65,-1.6
2004-05-14,382.0,8.6,1.3,95,0.9
2004-05-15,334.0,7.5,1.7,102,-2.6
2004-05-16,329.0,7.1,1.0,128,-1.5
2004-05-17,322.0,7.0,1.0,121,-0.4
2004-05-18,328.0,10.8,1.0,105,1.7
2004-05-19,329.0,10.1,2.0,102,0.6
2004-05-20,472.0,7.2,2.7,104,3.0
2004-05-21,505.0,3.9,1.7,91,1.7
2004-05-22,489.0,3.1,1.7,83,0.4
2004-05-23,479.0,4.3,2.7,104,0.1
2004-05-24,484.0,3.0,2.3,109,0.6
2004-05-25,470.0,1.9,1.3,97,0.1
2004-05-26,427.0,2.9,0.7,76,0.5
2004-05-27,375.0,3.8,1.0,56,0.4
2004-05-28,375.0,5.5,1.7,53,-2.4
2004-05-29,411.0,5.1,3.0,54,-1.4
2004-05-30,436.0,9.3,2.3,61,-0.1
2004-05-31,517.0,5.3,2.7,60,-0.3
2004-06-01,561.0,4.0,3.0,54,-0.2
2004-06-02,526.0,3.5,2.3,55,-0.8
2004-06-03,507.0,3.6,1.7,57,-0.2
2004-06-04,473.0,4.7,1.7,55,-0.9
2004-06-05,463.0,5.6,2.3,55,0.1
2004-06-06,496.0,4.5,2.7,45,-0.4
2004-06-07,450.0,3.7,1.7,57,-1.7
2004-06-08,417.0,3.7,2.3,51,-0.6
2004-06-09,454.0,5.2,2.7,52,-2.0
2004-06-10,477.0,6.1,2.0,48,1.3
2004-06-11,409.0,5.4,1.3,37,-0.5
2004-06-12,356.0,5.4,0.7,28,-0.3
2004-06-13,340.0,9.2,1.0,43,1.8
2004-06-14,382.0,10.5,2.3,54,-0.7
2004-06-15,475.0,6.9,3.0,68,0.1
2004-06-16,534.0,2.2,1.7,98,0.9
2004-06-17,512.0,2.0,1.7,95,0.7
2004-06-18,487.0,2.9,2.3,103,0.6
2004-06-19,456.0,3.8,1.3,106,0.7
2004-06-20,419.0,3.9,1.0,132,0.3
2004-06-21,384.0,5.0,1.0,134,-0.1
2004-06-22,338.0,4.4,0.7,117,0.3
2004-06-23,322.0,5.1,0.7,94,0.3
2004-06-24,336.0,5.4,0.7,80,1.4
2004-06-25,325.0,3.9,0.7,57,1.2
2004-06-26,343.0,3.4,1.7,52,0.5
2004-06-27,328.0,5.2,0.7,48,-1.6
2004-06-28,370.0,17.0,2.7,46,-0.3
2004-06-29,550.0,6.3,3.3,40,0.7
2004-06-30,551.0,3.9,2.0,34,0.5
2004-07-01,531.0,3.5,2.0,28,0.2
2004-07-02,497.0,3.5,2.0,33,-0.4
2004-07-03,443.0,3.6,1.7,33,-0.7
2004-07-04,421.0,4.1,1.3,31,0.1
2004-07-05,416.0,3.7,1.7,26,-0.4
2004-07-06,398.0,4.0,1.3,28,0.2
2004-07-07,370.0,4.0,0.7,15,0.2
2004-07-08,331.0,7.7,0.3,18,0.8
2004-07-09,315.0,11.5,0.7,44,0.3
2004-07-10,309.0,12.6,1.7,62,-0.4
2004-07-11,416.0,10.9,3.0,77,1.5
2004-07-12,499.0,4.1,2.3,89,0.5
2004-07-13,530.0,3.8,2.7,144,-0.6
2004-07-14,492.0,2.2,1.7,148,-0.3
2004-07-15,435.0,4.1,1.3,135,0.7
2004-07-16,411.0,8.3,2.0,107,-0.0
2004-07-17,505.0,4.5,2.7,130,-0.8
2004-07-18,414.0,4.6,1.7,153,-0.2
2004-07-19,406.0,5.0,2.0,164,-1.1
2004-07-20,527.0,1.4,2.0,149,0.2
2004-07-21,440.0,1.5,0.7,144,0.3
2004-07-22,468.0,4.6,3.0,138,-2.2
2004-07-23,562.0,2.0,4.7,121,-5.4
2004-07-24,561.0,5.7,4.3,113,1.4
2004-07-25,575.0,4.1,7.3,94,-12.7
2004-07-26,651.0,2.4,3.7,105,0.4
2004-07-27,904.0,4.1,7.7,90,-7.4
2004-07-28,660.0,0.5,3.0,64,-1.3
2004-07-29,539.0,0.9,1.3,39,0.1
2004-07-30,461.0,2.0,1.7,39,0.1
2004-07-31,467.0,3.4,1.7,38,0.3
2004-08-01,471.0,3.3,1.7,39,2.0
2004-08-02,417.0,3.0,1.3,48,-0.2
2004-08-03,373.0,5.3,0.7,51,1.9
2004-08-04,334.0,7.5,0.7,56,2.1
2004-08-05,318.0,11.4,1.3,36,-0.6
2004-08-06,343.0,12.7,1.3,56,1.0
2004-08-07,388.0,16.7,3.0,75,-0.7
2004-08-08,428.0,2.0,0.7,67,-0.3
2004-08-09,369.0,7.1,2.7,85,-3.0
2004-08-10,478.0,3.4,3.0,99,0.1
2004-08-11,543.0,2.5,2.3,107,-0.7
2004-08-12,503.0,2.9,2.0,116,0.3
2004-08-13,427.0,3.8,1.7,130,-0.8
2004-08-14,411.0,9.1,2.0,116,2.0
2004-08-15,367.0,1.4,1.0,104,1.3
2004-08-16,332.0,6.5,1.3,92,-0.0
2004-08-17,332.0,6.7,2.0,75,-0.0
2004-08-18,337.0,10.9,2.0,70,1.3
2004-08-19,335.0,9.0,1.0,61,1.2
2004-08-20,364.0,9.2,3.0,85,-2.9
2004-08-21,442.0,5.3,3.0,97,-1.4
2004-08-22,450.0,3.6,2.7,113,-1.1
2004-08-23,392.0,3.6,1.3,96,-0.4
2004-08-24,352.0,3.8,0.7,65,-0.1
2004-08-25,330.0,8.0,1.0,53,-1.0
2004-08-26,377.0,7.2,1.3,41,1.6
2004-08-27,399.0,3.0,1.3,36,0.2
2004-08-28,393.0,4.1,1.7,34,0.5
2004-08-29,413.0,7.6,1.3,27,2.9
2004-08-30,392.0,9.5,4.3,17,-7.5
2004-08-31,437.0,7.7,3.7,15,-2.2
2004-09-01,475.0,2.9,1.7,14,0.7
2004-09-02,461.0,3.3,1.3,14,0.5
2004-09-03,385.0,3.9,0.7,32,0.3
2004-09-04,325.0,11.1,0.7,35,0.1
2004-09-05,324.0,15.5,1.7,65,-1.2
2004-09-06,389.0,6.9,3.0,56,-1.0
2004-09-07,430.0,4.8,2.3,67,-1.7
2004-09-08,399.0,3.2,1.7,83,-1.3
2004-09-09,349.0,3.9,0.7,90,-0.9
2004-09-10,311.0,4.0,0.3,77,-0.1
2004-09-11,268.0,3.0,0.3,74,-0.5
2004-09-12,268.0,2.0,0.3,76,2.3
2004-09-13,334.0,2.2,1.0,69,2.9
2004-09-14,566.0,7.0,4.3,56,-1.6
2004-09-15,549.0,1.8,2.7,69,-1.8
2004-09-16,537.0,3.8,3.3,67,-0.5
2004-09-17,497.0,5.0,3.3,63,-1.4
2004-09-18,441.0,5.5,2.3,58,1.5
2004-09-19,388.0,5.0,1.0,60,0.8
2004-09-20,389.0,11.6,2.3,47,0.6
2004-09-21,404.0,7.2,1.7,42,1.7
2004-09-22,477.0,5.8,2.7,30,0.4
2004-09-23,447.0,3.6,2.3,18,-0.3
2004-09-24,422.0,3.7,1.3,18,0.4
2004-09-25,384.0,3.9,0.7,18,0.3
2004-09-26,357.0,4.9,0.7,26,1.1
2004-09-27,346.0,8.2,1.0,26,1.2
2004-09-28,387.0,7.6,1.7,14,2.4
2004-09-29,393.0,5.9,1.0,44,1.7
2004-09-30,374.0,5.7,0.7,55,1.4
2004-10-01,336.0,9.1,0.7,28,0.6
2004-10-02,366.0,10.4,2.3,25,-0.9
2004-10-03,371.0,10.3,2.3,43,-2.6
2004-10-04,383.0,8.3,2.7,42,-0.9
2004-10-05,351.0,5.0,1.0,32,-1.0
2004-10-06,326.0,5.2,0.7,26,-1.8
2004-10-07,293.0,10.7,0.3,34,-0.9
2004-10-08,325.0,17.0,1.3,36,1.2
2004-10-09,355.0,6.2,1.3,15,0.5
2004-10-10,363.0,5.1,2.0,0,0.2
2004-10-11,415.0,5.6,2.3,0,-1.3
2004-10-12,417.0,5.1,2.0,19,-1.2
2004-10-13,450.0,8.3,4.3,31,-3.0
2004-10-14,525.0,4.5,3.7,31,-1.5
2004-10-15,491.0,3.4,2.0,25,-0.8
2004-10-16,397.0,5.0,1.0,28,0.2
2004-10-17,310.0,7.8,0.3,68,0.1
2004-10-18,308.0,12.1,0.7,83,-0.7
2004-10-19,329.0,9.9,1.0,93,1.1
2004-10-20,404.0,10.9,2.3,102,1.6
2004-10-21,418.0,6.3,1.7,117,0.6
2004-10-22,397.0,4.9,1.7,124,0.2
2004-10-23,368.0,6.4,0.7,144,1.2
2004-10-24,446.0,7.7,1.7,153,2.4
2004-10-25,476.0,7.5,2.7,139,0.6
2004-10-26,439.0,3.7,0.3,141,1.7
2004-10-27,397.0,6.9,0.7,145,1.6
2004-10-28,340.0,11.6,0.7,148,1.0
2004-10-29,323.0,15.0,1.7,138,-1.3
2004-10-30,414.0,7.4,3.0,148,-2.0
2004-10-31,439.0,5.1,2.7,141,-1.1
2004-11-01,407.0,2.7,1.3,122,-0.3
2004-11-02,355.0,6.1,1.0,119,-1.1
2004-11-03,365.0,10.5,2.0,108,0.9
2004-11-04,435.0,8.5,2.0,93,0.7
2004-11-05,381.0,4.5,0.7,89,2.1
2004-11-06,335.0,5.2,0.3,100,1.0
2004-11-07,442.0,25.3,3.7,101,2.0
2004-11-08,662.0,3.5,6.3,92,-13.8
2004-11-09,680.0,6.6,6.7,84,-0.1
2004-11-10,691.0,6.9,7.0,52,-7.1
2004-11-11,589.0,7.0,3.7,61,0.5
2004-11-12,607.0,7.4,4.3,61,0.2
2004-11-13,492.0,4.3,1.7,68,-0.6
2004-11-14,493.0,3.2,1.7,77,1.4
2004-11-15,436.0,3.5,0.3,71,2.3
2004-11-16,414.0,7.1,1.7,66,0.7
2004-11-17,414.0,4.6,1.3,66,-0.1
2004-11-18,356.0,4.7,0.3,61,0.6
2004-11-19,350.0,16.1,1.0,56,1.6
2004-11-20,471.0,9.7,3.3,53,-0.4
2004-11-21,601.0,4.3,3.0,42,0.8
2004-11-22,543.0,3.3,1.7,47,-0.1
2004-11-23,433.0,7.7,1.7,45,0.4
2004-11-24,413.0,7.7,2.0,55,-0.9
2004-11-25,515.0,5.6,3.3,55,-1.7
2004-11-26,465.0,3.8,2.7,55,-1.3
2004-11-27,417.0,4.1,2.3,60,-2.0
2004-11-28,397.0,12.0,2.7,47,-2.3
2004-11-29,523.0,8.8,3.3,45,2.0
2004-11-30,630.0,4.4,3.3,52,0.9
2004-12-01,627.0,2.7,2.3,52,-0.0
2004-12-02,492.0,2.4,1.0,47,0.4
2004-12-03,411.0,3.8,0.7,48,0.3
2004-12-04,333.0,4.3,0.0,42,0.9
2004-12-05,388.0,17.2,1.7,47,11.5
2004-12-06,424.0,6.2,3.3,39,-2.6
2004-12-07,501.0,3.1,3.0,15,-0.4
2004-12-08,480.0,4.9,2.7,24,-1.0
2004-12-09,423.0,5.3,2.0,21,-0.4
2004-12-10,412.0,6.4,2.3,24,-0.7
2004-12-11,498.0,7.2,2.7,21,-1.2
2004-12-12,447.0,15.6,4.0,36,0.3
2004-12-13,393.0,4.3,1.7,26,5.0
2004-12-14,393.0,5.2,1.7,23,-0.6
2004-12-15,376.0,5.6,1.7,13,-0.3
2004-12-16,463.0,10.4,2.7,16,1.6
2004-12-17,635.0,5.7,3.0,39,0.3
2004-12-18,596.0,3.1,2.7,34,-0.3
2004-12-19,463.0,3.5,0.7,19,0.3
2004-12-20,388.0,6.2,1.0,18,0.4
2004-12-21,406.0,13.9,2.3,24,-0.7
2004-12-22,489.0,9.8,3.3,42,-0.1
2004-12-23,422.0,3.2,1.7,29,-0.5
2004-12-24,371.0,4.0,0.7,36,-0.2
2004-12-25,440.0,9.3,2.7,19,2.1
2004-12-26,503.0,4.0,2.3,16,1.0
2004-12-27,494.0,5.0,2.0,16,1.3
2004-12-28,437.0,4.6,3.0,27,-4.8
2004-12-29,429.0,7.0,3.0,19,-2.7
2004-12-30,499.0,10.8,3.3,29,-0.2
2004-12-31,450.0,3.4,1.7,36,0.3
2005-01-01,463.0,7.9,3.0,49,1.0
2005-01-02,709.0,3.1,4.3,49,-0.6
2005-01-03,646.0,2.9,3.3,37,-0.0
2005-01-04,713.0,2.6,3.7,22,-0.2
2005-01-05,676.0,2.2,3.0,17,-0.7
2005-01-06,545.0,3.0,1.0,18,2.4
2005-01-07,525.0,7.5,3.0,17,-0.8
2005-01-08,511.0,12.3,3.7,15,5.5
2005-01-09,460.0,3.7,1.0,22,7.0
2005-01-10,430.0,5.9,1.7,29,0.8
2005-01-11,434.0,8.2,2.7,42,-0.8
2005-01-12,609.0,9.8,4.3,61,-0.0
2005-01-13,709.0,2.4,3.0,63,-0.0
2005-01-14,595.0,3.2,2.7,83,0.1
2005-01-15,616.0,3.4,3.3,91,-0.8
2005-01-16,543.0,6.3,3.0,100,-0.1
2005-01-17,618.0,17.2,5.3,98,2.6
2005-01-18,776.0,3.6,6.0,94,-1.2
2005-01-19,840.0,1.7,5.0,69,-0.9
2005-01-20,775.0,0.4,3.0,65,1.5
2005-01-21,681.0,9.8,4.3,69,1.0
2005-01-22,766.0,2.9,4.0,48,-0.6
2005-01-23,674.0,2.1,3.3,40,-0.7
2005-01-24,575.0,2.3,2.3,43,-0.4
2005-01-25,464.0,3.1,1.0,49,-0.9
2005-01-26,373.0,3.9,0.7,35,-0.2
2005-01-27,334.0,11.1,0.3,31,0.5
2005-01-28,379.0,9.9,1.7,31,1.0
2005-01-29,449.0,10.4,3.3,29,2.9
2005-01-30,594.0,4.3,3.0,34,1.0
2005-01-31,611.0,3.0,3.0,40,0.7
2005-02-01,558.0,1.3,1.3,28,1.4
2005-02-02,507.0,2.6,2.0,25,0.5
2005-02-03,509.0,2.9,2.0,16,0.3
2005-02-04,463.0,2.1,0.7,22,0.5
2005-02-05,389.0,6.3,0.3,24,0.5
2005-02-06,389.0,12.5,2.0,57,-1.3
2005-02-07,514.0,10.0,4.0,57,-1.1
2005-02-08,689.0,3.7,4.3,52,-0.9
2005-02-09,719.0,3.1,3.7,58,-0.4
2005-02-10,701.0,2.6,3.7,72,-0.0
2005-02-11,630.0,2.8,2.7,78,-0.2
2005-02-12,540.0,2.3,1.0,84,0.2
2005-02-13,410.0,4.8,1.0,72,-0.4
2005-02-14,374.0,7.4,1.3,72,-0.8
2005-02-15,373.0,7.0,1.0,78,1.6
2005-02-16,396.0,9.6,2.7,67,-1.9
2005-02-17,403.0,7.3,1.3,64,0.8
2005-02-18,512.0,8.4,4.0,55,-2.7
2005-02-19,497.0,4.3,3.0,46,-0.5
2005-02-20,462.0,4.3,2.7,40,-0.2
2005-02-21,420.0,2.9,1.3,30,-2.0
2005-02-22,371.0,7.9,1.0,30,1.3
2005-02-23,381.0,11.3,0.7,24,5.5
2005-02-24,394.0,8.8,1.3,16,4.4
2005-02-25,497.0,6.9,2.0,12,2.3
2005-02-26,523.0,5.1,2.3,18,1.1
2005-02-27,531.0,3.6,1.7,12,2.0
2005-02-28,590.0,3.3,2.7,10,1.4
2005-03-01,647.0,2.8,2.3,0,1.6
2005-03-02,633.0,2.4,2.7,13,0.1
2005-03-03,524.0,2.0,1.0,15,0.1
2005-03-04,424.0,3.6,0.3,13,0.8
2005-03-05,392.0,13.4,2.3,15,-1.7
2005-03-06,533.0,10.7,4.3,16,-1.2
2005-03-07,654.0,4.4,4.7,29,-1.4
2005-03-08,722.0,2.5,4.0,53,-0.5
2005-03-09,686.0,3.3,3.7,61,-1.0
2005-03-10,650.0,2.2,2.7,66,-0.5
2005-03-11,518.0,1.9,1.3,70,-0.0
2005-03-12,404.0,2.5,0.7,68,-0.8
2005-03-13,345.0,8.6,1.3,68,-1.7
2005-03-14,366.0,15.1,3.3,65,-1.5
2005-03-15,372.0,5.8,1.0,60,1.3
2005-03-16,384.0,7.8,1.7,45,1.4
2005-03-17,396.0,7.4,2.7,40,-0.8
2005-03-18,403.0,6.5,2.0,40,0.5
2005-03-19,411.0,4.1,1.7,42,-0.7
2005-03-20,374.0,3.0,1.0,40,-1.4
2005-03-21,444.0,1.5,1.7,48,-0.0
2005-03-22,381.0,4.3,0.7,45,2.5
2005-03-23,333.0,14.8,1.0,52,1.0
2005-03-24,341.0,16.0,1.0,66,2.2
2005-03-25,539.0,6.3,3.3,55,1.9
2005-03-26,656.0,2.9,3.0,42,0.7
2005-03-27,585.0,2.4,2.7,36,0.1
2005-03-28,520.0,1.5,1.0,16,1.5
2005-03-29,488.0,3.2,1.0,15,2.8
2005-03-30,447.0,3.2,1.7,11,-0.8
2005-03-31,460.0,4.9,2.0,24,0.2
2005-04-01,422.0,6.2,1.3,26,0.7
2005-04-02,358.0,9.3,0.7,32,0.1
2005-04-03,343.0,12.4,1.3,45,-0.0
2005-04-04,462.0,8.6,3.3,53,-0.7
2005-04-05,622.0,3.6,4.7,56,-2.3
2005-04-06,555.0,3.7,2.3,46,-0.8
2005-04-07,438.0,2.9,1.7,45,-1.0
2005-04-08,371.0,4.5,0.7,43,-0.8
2005-04-09,329.0,10.2,0.7,43,-0.3
2005-04-10,333.0,8.5,0.3,43,1.2
2005-04-11,354.0,16.4,2.0,21,-1.1
2005-04-12,498.0,6.3,4.0,34,-1.7
2005-04-13,581.0,5.0,4.0,46,-1.5
2005-04-14,538.0,3.0,3.0,56,-1.1
2005-04-15,493.0,2.7,2.7,57,-1.3
2005-04-16,450.0,1.9,1.7,45,-0.6
2005-04-17,398.0,3.6,1.0,42,-0.7
2005-04-18,371.0,5.3,1.7,42,-1.7
2005-04-19,353.0,13.0,1.7,42,-0.3
2005-04-20,504.0,7.9,3.3,38,1.3
2005-04-21,476.0,2.1,0.7,26,2.7
2005-04-22,452.0,4.3,1.7,26,1.0
2005-04-23,537.0,4.7,1.3,22,2.5
2005-04-24,548.0,2.8,2.0,14,0.7
2005-04-25,516.0,3.0,2.0,16,0.6
2005-04-26,434.0,2.7,0.7,18,0.9
2005-04-27,379.0,3.6,0.3,27,0.4
2005-04-28,344.0,6.8,0.7,48,0.8
2005-04-29,360.0,17.0,2.0,56,-1.3
2005-04-30,562.0,5.9,3.7,54,0.2
2005-05-01,639.0,2.4,3.7,61,-1.3
2005-05-02,548.0,2.5,1.7,61,-0.2
2005-05-03,506.0,2.4,2.0,68,-1.1
2005-05-04,392.0,1.8,1.3,62,-1.4
2005-05-05,352.0,6.4,1.0,58,-0.7
2005-05-06,372.0,9.2,1.0,65,2.4
2005-05-07,379.0,13.2,2.0,54,-0.5
2005-05-08,653.0,6.1,5.7,67,-2.5
2005-05-09,620.0,2.1,2.0,91,0.7
2005-05-10,503.0,1.6,2.0,111,-0.4
2005-05-11,474.0,3.4,2.3,119,-1.2
2005-05-12,501.0,3.9,3.0,116,-0.6
2005-05-13,537.0,3.5,3.3,90,-0.8
2005-05-14,476.0,2.3,1.7,74,-0.1
2005-05-15,820.0,5.6,5.7,56,3.4
2005-05-16,638.0,0.7,4.3,62,-3.6
2005-05-17,516.0,0.5,3.0,48,-2.6
2005-05-18,505.0,0.9,2.0,38,0.1
2005-05-19,486.0,3.4,1.7,33,0.4
2005-05-20,466.0,10.8,3.3,22,1.7
2005-05-21,410.0,5.0,3.3,19,-3.1
2005-05-22,391.0,3.9,2.0,35,-0.4
2005-05-23,425.0,3.2,1.0,36,0.9
2005-05-24,423.0,3.1,0.7,36,1.7
2005-05-25,378.0,5.0,1.0,43,0.4
2005-05-26,328.0,4.9,0.3,64,0.7
2005-05-27,299.0,7.8,0.3,64,1.0
2005-05-28,372.0,15.6,2.3,54,-0.2
2005-05-29,464.0,8.8,3.0,62,4.3
2005-05-30,469.0,7.1,5.7,67,-6.8
2005-05-31,474.0,7.3,2.7,84,-0.9
2005-06-01,412.0,4.9,1.7,76,0.1
2005-06-02,389.0,5.5,1.7,58,0.9
2005-06-03,434.0,3.7,1.7,48,0.7
2005-06-04,432.0,9.9,3.0,71,-1.5
2005-06-05,608.0,2.4,3.3,89,-0.0
2005-06-06,531.0,2.1,2.0,92,-0.6
2005-06-07,481.0,2.9,2.7,105,-0.9
2005-06-08,441.0,2.1,1.0,98,-0.3
2005-06-09,383.0,2.8,1.0,97,-0.1
2005-06-10,340.0,4.6,0.7,101,-0.0
2005-06-11,316.0,7.9,1.0,79,-0.7
2005-06-12,412.0,15.7,4.3,75,-5.2
2005-06-13,468.0,3.6,3.7,45,-4.6
2005-06-14,468.0,5.3,2.3,48,0.8
2005-06-15,499.0,6.4,2.7,58,0.8
2005-06-16,562.0,6.3,3.3,62,3.4
2005-06-17,573.0,2.0,2.7,69,-2.5
2005-06-18,514.0,2.4,1.3,46,0.7
2005-06-19,437.0,3.1,1.3,42,-0.1
2005-06-20,374.0,3.8,0.7,45,0.3
2005-06-21,346.0,5.0,0.3,49,1.6
2005-06-22,330.0,12.9,1.3,39,1.9
2005-06-23,410.0,21.1,4.7,16,-3.6
2005-06-24,505.0,3.3,2.0,16,-0.0
2005-06-25,589.0,2.4,2.3,17,0.3
2005-06-26,552.0,1.2,1.7,0,-0.6
2005-06-27,417.0,4.2,0.7,12,-0.0
2005-06-28,384.0,4.5,1.0,13,0.3
2005-06-29,387.0,4.8,1.3,40,0.7
2005-06-30,377.0,6.6,1.3,97,-0.1
2005-07-01,411.0,14.9,2.7,122,-0.1
2005-07-02,570.0,3.9,2.7,148,0.4
2005-07-03,520.0,3.0,2.0,157,0.3
2005-07-04,463.0,3.1,1.0,167,0.4
2005-07-05,415.0,3.6,1.0,160,0.1
2005-07-06,376.0,5.6,1.0,131,0.2
2005-07-07,340.0,8.7,1.7,117,-1.1
2005-07-08,325.0,14.8,1.0,100,0.4
2005-07-09,336.0,17.0,3.7,89,-4.9
2005-07-10,439.0,18.7,5.3,65,-4.9
2005-07-11,414.0,7.2,3.3,64,-3.5
2005-07-12,476.0,3.8,4.3,59,-1.7
2005-07-13,560.0,4.8,4.0,64,0.5
2005-07-14,510.0,2.5,1.7,47,-0.1
2005-07-15,413.0,4.4,1.3,33,-0.9
2005-07-16,409.0,9.6,2.0,17,0.4
2005-07-17,457.0,12.3,3.3,12,1.1
2005-07-18,419.0,13.5,3.3,0,-3.9
2005-07-19,393.0,7.5,1.7,14,-0.8
2005-07-20,485.0,8.2,3.3,0,0.5
2005-07-21,572.0,5.4,3.3,0,0.1
2005-07-22,596.0,2.7,2.7,12,0.4
2005-07-23,496.0,1.9,1.0,25,0.0
2005-07-24,373.0,6.2,0.7,17,0.4
2005-07-25,307.0,11.6,1.0,19,-0.3
2005-07-26,310.0,13.5,1.0,23,-0.7
2005-07-27,356.0,13.7,2.3,17,-1.8
2005-07-28,514.0,9.8,3.3,28,-0.7
2005-07-29,564.0,5.7,3.0,53,0.9
2005-07-30,507.0,4.2,2.3,67,0.7
2005-07-31,461.0,4.6,1.7,107,0.3
2005-08-01,547.0,5.2,3.0,105,0.4
2005-08-02,487.0,7.4,2.3,115,2.8
2005-08-03,449.0,2.8,2.0,80,-0.8
2005-08-04,415.0,5.0,2.0,66,-1.7
2005-08-05,422.0,5.6,1.7,66,0.4
2005-08-06,507.0,4.8,4.0,55,-3.4
2005-08-07,657.0,1.1,2.7,65,-1.3
2005-08-08,527.0,1.8,1.7,61,0.4
2005-08-09,475.0,2.8,2.0,57,-0.7
2005-08-10,433.0,5.5,2.7,27,-2.4
2005-08-11,404.0,4.9,0.7,37,0.6
2005-08-12,359.0,7.3,1.3,45,-0.8
2005-08-13,474.0,12.6,3.0,37,4.6
2005-08-14,466.0,5.1,1.7,43,0.9
2005-08-15,416.0,8.0,1.3,45,2.5
2005-08-16,615.0,5.5,3.0,40,1.2
2005-08-17,681.0,3.1,2.7,33,0.8
2005-08-18,669.0,2.5,2.7,32,0.5
2005-08-19,542.0,2.5,1.7,73,0.4
2005-08-20,433.0,3.6,0.7,80,0.5
2005-08-21,419.0,10.5,1.7,65,-0.0
2005-08-22,491.0,4.1,2.0,63,0.4
2005-08-23,465.0,3.2,2.0,60,-0.4
2005-08-24,598.0,16.9,5.7,70,-0.5
2005-08-25,664.0,1.9,3.3,68,-0.4
2005-08-26,549.0,2.5,1.7,61,1.2
2005-08-27,439.0,3.7,1.3,70,0.5
2005-08-28,403.0,4.5,1.3,76,1.1
2005-08-29,381.0,4.2,1.3,71,0.2
2005-08-30,362.0,7.6,0.7,61,1.2
2005-08-31,388.0,18.8,4.0,48,-3.2
2005-09-01,501.0,5.6,2.7,29,0.0
2005-09-02,506.0,5.8,4.3,24,-0.3
2005-09-03,596.0,2.4,3.7,15,-1.1
2005-09-04,674.0,1.5,3.7,15,-1.8
2005-09-05,524.0,1.7,2.7,14,-1.2
2005-09-06,444.0,3.9,2.0,14,-0.8
2005-09-07,403.0,4.3,2.0,24,0.4
2005-09-08,375.0,6.5,1.7,34,-1.3
2005-09-09,383.0,12.6,2.7,48,-0.7
2005-09-10,619.0,6.4,4.0,59,1.5
2005-09-11,963.0,3.0,6.3,58,-1.4
2005-09-12,895.0,2.9,5.7,63,-0.8
2005-09-13,722.0,1.3,4.7,85,-0.6
2005-09-14,589.0,1.6,3.3,70,-1.0
2005-09-15,684.0,3.1,4.7,66,0.6
2005-09-16,648.0,0.8,3.3,56,-1.4
2005-09-17,576.0,0.7,2.3,59,-0.6
2005-09-18,554.0,1.0,2.3,56,-0.6
2005-09-19,458.0,1.3,1.7,44,-0.7
2005-09-20,405.0,1.3,1.3,24,-1.4
2005-09-21,364.0,2.1,0.7,22,-0.6
2005-09-22,345.0,6.5,1.7,24,-1.0
2005-09-23,355.0,5.7,1.7,32,-0.8
2005-09-24,321.0,9.3,0.3,29,0.5
2005-09-25,341.0,12.4,1.0,27,2.8
2005-09-26,392.0,15.4,3.0,37,-0.4
2005-09-27,385.0,12.7,2.3,27,-1.3
2005-09-28,374.0,12.7,2.3,25,-2.1
2005-09-29,385.0,8.5,1.7,24,-1.1
2005-09-30,386.0,12.3,2.0,12,0.3
2005-10-01,514.0,3.7,2.7,14,-1.1
2005-10-02,497.0,4.1,3.0,12,-1.3
2005-10-03,423.0,3.6,1.7,15,-0.8
2005-10-04,357.0,5.8,0.7,21,-0.6
2005-10-05,320.0,7.7,1.0,26,-1.1
2005-10-06,322.0,7.3,1.0,23,-1.1
2005-10-07,355.0,23.8,2.3,21,-1.3
2005-10-08,634.0,9.4,3.7,18,1.8
2005-10-09,636.0,1.8,2.3,15,1.1
2005-10-10,627.0,1.9,2.0,24,0.7
2005-10-11,549.0,1.5,1.7,21,0.4
2005-10-12,427.0,2.2,0.3,21,0.7
2005-10-13,383.0,3.9,1.0,0,-0.5
2005-10-14,358.0,5.8,0.3,12,0.6
2005-10-15,311.0,8.2,0.3,12,0.3
2005-10-16,338.0,5.0,1.7,12,-3.4
2005-10-17,372.0,4.7,2.7,12,-1.3
2005-10-18,345.0,5.0,1.3,12,-0.2
2005-10-19,359.0,3.4,1.7,24,-2.5
2005-10-20,354.0,4.9,0.7,14,-0.6
2005-10-21,312.0,14.1,0.3,12,0.8
2005-10-22,379.0,12.4,1.3,11,1.5
2005-10-23,355.0,8.0,0.7,12,2.2
2005-10-24,346.0,14.2,1.0,0,0.8
2005-10-25,402.0,16.6,3.3,0,-3.0
2005-10-26,503.0,4.9,2.3,0,-1.0
2005-10-27,483.0,4.3,1.7,0,-0.8
2005-10-28,430.0,4.0,1.3,0,-0.8
2005-10-29,369.0,6.6,0.7,12,-0.3
2005-10-30,349.0,11.5,1.3,14,-0.3
2005-10-31,372.0,10.8,2.7,18,-2.1
2005-11-01,361.0,7.7,2.0,28,-0.8
2005-11-02,404.0,11.3,1.7,29,1.8
2005-11-03,641.0,4.9,3.7,17,0.6
2005-11-04,681.0,3.5,3.3,18,0.7
2005-11-05,671.0,2.0,2.7,18,1.5
2005-11-06,635.0,2.2,2.7,21,0.1
2005-11-07,618.0,1.7,1.7,38,0.7
2005-11-08,504.0,2.3,0.7,12,0.4
2005-11-09,427.0,3.9,0.7,12,0.5
2005-11-10,372.0,5.9,0.7,0,0.6
2005-11-11,371.0,7.0,1.3,0,-0.2
2005-11-12,410.0,4.4,2.7,15,-2.0
2005-11-13,399.0,4.0,2.7,18,-3.1
2005-11-14,405.0,3.6,2.0,29,-1.6
2005-11-15,375.0,3.9,1.3,31,-1.0
2005-11-16,344.0,4.5,0.7,35,-1.1
2005-11-17,309.0,6.4,0.3,37,0.0
2005-11-18,303.0,14.3,1.0,40,0.1
2005-11-19,357.0,14.4,1.7,40,2.2
2005-11-20,403.0,8.7,2.0,51,-0.7
2005-11-21,368.0,6.9,1.0,41,0.1
2005-11-22,331.0,14.3,1.7,41,-2.2
2005-11-23,389.0,4.5,2.0,37,-1.6
2005-11-24,440.0,2.4,2.3,41,-1.7
2005-11-25,462.0,2.2,2.3,31,-1.2
2005-11-26,391.0,3.8,1.3,23,-0.3
2005-11-27,378.0,6.2,0.7,25,0.9
2005-11-28,374.0,15.8,2.0,26,-0.5
2005-11-29,406.0,7.2,1.7,25,1.6
2005-11-30,626.0,4.8,2.7,46,1.2
2005-12-01,712.0,2.7,3.0,71,1.2
2005-12-02,702.0,2.7,3.0,78,1.1
2005-12-03,692.0,2.3,3.0,87,0.2
2005-12-04,618.0,2.1,1.7,79,0.4
2005-12-05,495.0,2.3,0.7,79,0.0
2005-12-06,393.0,4.9,0.7,65,-0.0
2005-12-07,348.0,5.2,0.0,33,0.2
2005-12-08,297.0,6.9,0.3,36,-0.2
2005-12-09,278.0,15.7,1.3,33,-1.4
2005-12-10,333.0,13.3,2.7,56,-1.9
2005-12-11,464.0,5.6,3.3,55,-1.6
2005-12-12,487.0,1.9,2.7,48,-0.7
2005-12-13,419.0,3.0,1.3,55,-0.4
2005-12-14,427.0,3.3,0.7,55,0.4
2005-12-15,338.0,4.8,0.3,52,0.3
2005-12-16,356.0,11.5,1.7,45,-0.3
2005-12-17,325.0,14.5,1.0,40,-1.2
2005-12-18,327.0,23.9,1.0,40,1.8
2005-12-19,360.0,17.2,2.0,62,0.6
2005-12-20,540.0,3.3,3.0,56,0.3
2005-12-21,485.0,3.4,2.3,61,0.5
2005-12-22,449.0,5.0,1.0,59,1.0
2005-12-23,395.0,5.8,0.0,52,2.0
2005-12-24,346.0,9.6,1.0,76,-0.1
2005-12-25,347.0,9.4,1.7,62,-2.2
2005-12-26,364.0,7.9,1.3,75,-0.6
2005-12-27,448.0,14.0,2.7,74,2.5
2005-12-28,675.0,3.5,3.3,63,0.3
2005-12-29,699.0,2.1,2.7,65,0.7
2005-12-30,614.0,2.1,2.0,66,0.0
2005-12-31,526.0,3.6,2.3,59,-1.0
2006-01-01,465.0,8.6,1.7,34,5.8
2006-01-02,442.0,5.9,1.7,33,2.5
2006-01-03,423.0,2.6,0.7,26,0.7
2006-01-04,378.0,2.6,0.3,23,1.1
2006-01-05,340.0,5.5,1.0,20,-0.2
2006-01-06,346.0,6.8,1.7,20,-1.3
2006-01-07,377.0,6.1,1.3,11,0.3
2006-01-08,363.0,5.2,1.0,10,-0.1
2006-01-09,313.0,6.7,0.0,11,2.0
2006-01-10,292.0,8.9,0.3,11,0.2
2006-01-11,294.0,16.7,0.7,11,-0.4
2006-01-12,306.0,13.3,0.7,11,-0.3
2006-01-13,305.0,12.6,0.7,0,-0.1
2006-01-14,306.0,10.8,0.7,11,0.2
2006-01-15,347.0,11.1,1.3,27,0.9
2006-01-16,437.0,10.6,2.7,33,0.8
2006-01-17,429.0,6.7,2.0,30,0.1
2006-01-18,504.0,4.9,2.3,35,0.1
2006-01-19,463.0,3.7,2.0,33,0.2
2006-01-20,455.0,5.5,1.7,22,0.5
2006-01-21,408.0,5.3,1.0,26,-0.3
2006-01-22,370.0,7.3,1.3,42,0.3
2006-01-23,506.0,11.7,3.0,50,0.5
2006-01-24,544.0,3.1,1.7,41,2.3
2006-01-25,417.0,5.1,1.7,26,0.5
2006-01-26,538.0,5.7,4.0,19,-0.9
2006-01-27,639.0,1.9,2.7,12,-0.3
2006-01-28,523.0,1.7,1.7,10,-0.5
2006-01-29,418.0,2.0,0.3,10,-0.0
2006-01-30,339.0,4.7,0.3,0,-0.6
2006-01-31,316.0,10.5,0.3,0,0.0
2006-02-01,334.0,9.1,0.7,0,-0.1
2006-02-02,340.0,7.8,1.0,0,0.8
2006-02-03,347.0,7.9,1.3,0,1.4
2006-02-04,359.0,6.6,1.3,0,-0.1
2006-02-05,354.0,12.6,0.7,0,2.6
2006-02-06,326.0,12.5,2.7,0,-4.4
2006-02-07,338.0,12.9,1.0,8,0.4
2006-02-08,314.0,15.3,0.7,8,-0.9
2006-02-09,306.0,14.2,0.7,17,0.2
2006-02-10,303.0,16.3,0.7,12,0.3
2006-02-11,349.0,12.7,1.7,9,0.6
2006-02-12,439.0,4.3,1.3,0,1.3
2006-02-13,352.0,4.3,0.7,11,0.4
2006-02-14,334.0,7.3,0.3,13,3.0
2006-02-15,420.0,9.5,2.3,18,0.6
2006-02-16,523.0,5.8,2.0,18,0.5
2006-02-17,438.0,3.8,1.3,8,0.5
2006-02-18,370.0,7.5,0.7,8,0.1
2006-02-19,370.0,14.9,1.7,14,-1.1
2006-02-20,496.0,7.5,3.3,0,-1.5
2006-02-21,622.0,3.2,3.3,0,-0.6
2006-02-22,622.0,2.3,3.0,0,-0.3
2006-02-23,508.0,2.7,1.0,0,0.2
2006-02-24,429.0,3.1,1.3,0,-0.5
2006-02-25,381.0,3.8,0.3,0,1.8
2006-02-26,349.0,7.8,1.7,0,-0.3
2006-02-27,336.0,9.9,1.0,8,-0.2
2006-02-28,356.0,8.0,1.3,8,1.5
2006-03-01,406.0,8.3,1.7,0,1.9
2006-03-02,401.0,5.4,0.7,0,1.2
2006-03-03,394.0,5.9,0.7,0,1.1
2006-03-04,361.0,6.0,0.7,15,0.3
2006-03-05,323.0,7.9,0.3,26,0.8
2006-03-06,337.0,17.7,2.0,23,-1.8
2006-03-07,393.0,7.2,2.0,0,-1.8
2006-03-08,350.0,10.1,1.3,0,-0.8
2006-03-09,338.0,11.3,0.7,0,1.4
2006-03-10,443.0,10.3,2.7,0,0.7
2006-03-11,550.0,3.9,2.3,0,0.5
2006-03-12,496.0,2.4,1.0,15,0.9
2006-03-13,392.0,3.3,0.7,16,0.4
2006-03-14,360.0,7.7,0.7,23,1.5
2006-03-15,482.0,8.4,2.0,23,2.9
2006-03-16,463.0,5.8,2.0,21,0.7
2006-03-17,402.0,5.0,0.7,31,0.4
2006-03-18,478.0,10.4,3.7,26,-2.1
2006-03-19,630.0,4.0,4.3,26,-0.5
2006-03-20,687.0,2.6,3.3,31,-0.7
2006-03-21,604.0,2.4,2.7,31,-0.6
2006-03-22,548.0,2.2,2.0,31,-0.2
2006-03-23,434.0,2.7,1.0,29,-0.2
2006-03-24,387.0,6.0,1.0,34,0.3
2006-03-25,358.0,7.9,1.7,18,-0.8
2006-03-26,353.0,12.1,1.7,0,-0.6
2006-03-27,377.0,6.7,2.0,0,1.3
2006-03-28,406.0,5.3,1.3,15,0.7
2006-03-29,350.0,5.9,1.3,31,-0.1
2006-03-30,351.0,6.8,1.0,32,0.5
2006-03-31,360.0,8.5,1.3,39,-0.1
2006-04-01,327.0,6.7,0.3,58,1.5
2006-04-02,302.0,11.1,0.3,65,2.3
2006-04-03,280.0,13.4,0.3,73,1.5
2006-04-04,312.0,15.2,1.7,82,-2.1
2006-04-05,359.0,19.6,4.0,83,-4.0
2006-04-06,424.0,5.8,1.7,90,-0.3
2006-04-07,357.0,4.6,0.7,77,-0.1
2006-04-08,332.0,10.2,1.0,68,-0.2
2006-04-09,512.0,9.5,4.7,55,-0.3
2006-04-10,648.0,2.0,3.0,60,0.1
2006-04-11,535.0,2.0,1.3,63,0.5
2006-04-12,407.0,2.7,0.3,68,0.8
2006-04-13,461.0,8.2,2.7,67,3.8
2006-04-14,518.0,5.3,5.3,60,-6.5
2006-04-15,611.0,3.0,4.3,38,-1.8
2006-04-16,606.0,1.4,2.3,25,-0.6
2006-04-17,498.0,2.3,1.3,13,-0.4
2006-04-18,469.0,2.0,1.7,12,-1.0
2006-04-19,373.0,2.5,0.7,23,-0.1
2006-04-20,381.0,6.8,1.0,17,1.5
2006-04-21,400.0,10.1,1.7,15,0.8
2006-04-22,508.0,4.7,3.0,18,1.0
2006-04-23,544.0,1.8,1.7,13,1.1
2006-04-24,427.0,3.0,1.3,18,-0.0
2006-04-25,380.0,3.5,1.0,47,0.8
2006-04-26,348.0,6.1,0.7,58,0.1
2006-04-27,329.0,11.9,1.0,65,-0.7
2006-04-28,391.0,10.7,2.0,62,1.0
2006-04-29,374.0,3.4,0.3,53,0.6
2006-04-30,330.0,3.7,0.0,62,0.9
2006-05-01,305.0,4.7,0.3,55,1.3
2006-05-02,283.0,9.4,0.7,58,0.3
2006-05-03,285.0,12.7,0.7,57,1.4
2006-05-04,325.0,14.8,2.7,60,-0.4
2006-05-05,348.0,10.6,2.0,53,-1.5
2006-05-06,419.0,12.3,3.0,45,-0.4
2006-05-07,606.0,3.6,3.0,53,0.5
2006-05-08,564.0,2.1,1.3,52,0.9
2006-05-09,462.0,2.9,0.7,47,0.6
2006-05-10,391.0,9.1,0.7,32,1.2
2006-05-11,548.0,5.1,3.3,27,-0.9
2006-05-12,626.0,2.1,2.7,12,-0.3
2006-05-13,604.0,2.4,2.3,12,-0.6
2006-05-14,517.0,3.1,1.7,0,-0.5
2006-05-15,411.0,3.0,0.7,0,-0.5
2006-05-16,350.0,4.0,0.3,0,-0.3
2006-05-17,335.0,10.2,1.3,0,-1.3
2006-05-18,452.0,12.3,2.7,13,1.3
2006-05-19,556.0,2.5,1.7,13,1.2
2006-05-20,515.0,2.7,1.3,32,0.2
2006-05-21,461.0,3.2,1.7,33,0.2
2006-05-22,457.0,4.2,2.0,47,0.8
2006-05-23,458.0,3.8,1.0,50,0.3
2006-05-24,383.0,7.6,0.7,43,0.6
2006-05-25,341.0,9.1,0.7,42,-0.5
2006-05-26,349.0,5.2,0.7,47,-0.0
2006-05-27,302.0,5.0,0.3,53,0.0
2006-05-28,313.0,7.4,1.3,62,-0.7
2006-05-29,300.0,3.8,0.7,58,-1.1
2006-05-30,320.0,17.1,1.7,53,0.1
2006-05-31,360.0,9.0,1.3,45,1.1
2006-06-01,458.0,7.0,2.3,14,0.3
2006-06-02,564.0,3.4,1.7,0,1.4
2006-06-03,535.0,2.4,1.0,0,1.0
2006-06-04,414.0,3.9,0.3,19,1.5
2006-06-05,354.0,8.1,0.7,26,0.6
2006-06-06,422.0,14.5,3.7,32,-2.4
2006-06-07,611.0,4.5,3.3,58,0.3
2006-06-08,636.0,2.9,3.3,58,-0.7
2006-06-09,635.0,2.1,2.3,47,-0.2
2006-06-10,566.0,2.6,2.0,49,-0.6
2006-06-11,478.0,3.4,1.3,37,-0.2
2006-06-12,399.0,3.8,0.7,30,-0.2
2006-06-13,364.0,5.1,0.7,28,-0.2
2006-06-14,393.0,7.2,1.7,14,-0.1
2006-06-15,558.0,4.7,3.7,14,0.4
2006-06-16,572.0,1.6,2.0,21,-0.2
2006-06-17,580.0,2.3,2.0,23,0.0
2006-06-18,552.0,2.1,1.3,18,-0.5
2006-06-19,463.0,1.4,0.7,21,0.6
2006-06-20,375.0,3.8,0.7,21,0.4
2006-06-21,328.0,7.8,0.3,18,0.7
2006-06-22,322.0,12.1,1.3,0,-0.3
2006-06-23,315.0,8.0,0.3,0,1.7
2006-06-24,303.0,9.8,0.7,0,1.4
2006-06-25,305.0,8.5,1.0,14,-0.9
2006-06-26,284.0,9.6,0.3,18,0.5
2006-06-27,303.0,19.9,1.3,23,0.3
2006-06-28,483.0,8.9,3.0,42,-0.4
2006-06-29,554.0,4.8,2.3,46,0.6
2006-06-30,496.0,3.5,2.0,44,-0.7
2006-07-01,431.0,4.0,1.0,38,-0.0
2006-07-02,373.0,6.4,0.3,31,1.1
2006-07-03,308.0,7.2,0.7,35,0.4
2006-07-04,384.0,14.2,2.3,36,-0.4
2006-07-05,609.0,3.5,3.0,35,-0.4
2006-07-06,589.0,2.3,2.0,36,0.2
2006-07-07,514.0,2.6,1.3,36,-0.4
2006-07-08,421.0,1.9,0.3,35,-0.1
2006-07-09,360.0,3.5,0.7,31,-0.2
2006-07-10,386.0,14.4,2.0,15,0.4
2006-07-11,382.0,9.9,1.7,15,4.6
2006-07-12,496.0,6.0,2.3,13,1.3
2006-07-13,476.0,1.8,1.3,0,0.4
2006-07-14,428.0,6.4,2.3,15,-1.2
2006-07-15,426.0,3.2,1.0,16,-0.2
2006-07-16,375.0,4.0,0.7,20,0.6
2006-07-17,353.0,6.0,0.7,22,-0.3
2006-07-18,317.0,6.8,0.3,22,-0.0
2006-07-19,291.0,9.2,0.3,24,0.2
2006-07-20,300.0,12.3,0.7,15,-0.0
2006-07-21,290.0,9.3,0.3,0,0.6
2006-07-22,306.0,12.7,1.0,15,-0.3
2006-07-23,316.0,11.4,1.0,18,0.5
2006-07-24,331.0,9.3,1.3,20,-0.4
2006-07-25,341.0,13.2,1.7,18,-1.1
2006-07-26,348.0,9.9,1.0,18,1.3
2006-07-27,358.0,13.8,1.7,18,1.0
2006-07-28,612.0,4.8,3.0,16,-0.5
2006-07-29,504.0,2.6,1.0,16,0.7
2006-07-30,423.0,6.2,1.0,31,0.7
2006-07-31,487.0,9.9,2.7,27,1.8
2006-08-01,567.0,5.0,2.7,11,0.6
2006-08-02,553.0,2.8,2.3,11,0.1
2006-08-03,526.0,2.0,1.3,15,0.7
2006-08-04,425.0,3.0,0.3,0,0.7
2006-08-05,371.0,4.2,0.7,0,-0.0
2006-08-06,349.0,10.4,0.7,0,0.7
2006-08-07,508.0,14.6,4.0,0,-1.8
2006-08-08,602.0,2.1,2.3,11,-0.2
2006-08-09,523.0,2.2,2.0,26,-0.2
2006-08-10,443.0,2.4,0.7,27,0.1
2006-08-11,456.0,3.1,1.3,26,-0.1
2006-08-12,423.0,2.9,1.3,24,-0.6
2006-08-13,355.0,3.1,0.3,26,0.2
2006-08-14,313.0,6.0,0.7,31,-0.9
2006-08-15,304.0,11.1,0.7,31,-0.3
2006-08-16,305.0,9.7,0.7,31,1.6
2006-08-17,322.0,16.3,1.3,27,1.4
2006-08-18,355.0,11.8,2.7,31,0.5
2006-08-19,398.0,14.8,3.7,24,-3.3
2006-08-20,408.0,6.8,2.7,16,2.4
2006-08-21,418.0,2.7,2.7,26,-2.2
2006-08-22,469.0,5.8,3.7,15,-0.6
2006-08-23,466.0,2.6,1.0,19,0.2
2006-08-24,405.0,4.7,1.0,19,-1.0
2006-08-25,358.0,3.6,0.3,24,-0.1
2006-08-26,332.0,5.9,0.7,23,0.0
2006-08-27,413.0,21.7,3.0,34,0.3
2006-08-28,598.0,2.2,2.7,35,0.8
2006-08-29,541.0,3.0,2.0,27,0.9
2006-08-30,500.0,4.9,1.7,19,1.5
2006-08-31,398.0,7.5,2.0,35,-1.1
2006-09-01,387.0,7.0,2.7,35,-2.0
2006-09-02,404.0,7.6,1.7,16,-0.7
2006-09-03,422.0,5.7,1.3,0,-0.6
2006-09-04,531.0,6.2,3.0,0,-1.1
2006-09-05,547.0,2.2,2.3,26,-0.9
2006-09-06,473.0,2.6,1.7,39,-1.4
2006-09-07,427.0,4.6,2.0,48,-1.0
2006-09-08,384.0,6.9,1.0,48,0.1
2006-09-09,352.0,6.4,0.3,49,1.0
2006-09-10,344.0,12.8,1.3,49,-0.2
2006-09-11,379.0,6.9,1.7,44,-0.4
2006-09-12,379.0,5.0,1.3,31,1.4
2006-09-13,422.0,3.8,1.3,30,-0.2
2006-09-14,387.0,3.5,1.0,15,-0.7
2006-09-15,351.0,5.6,0.0,15,1.1
2006-09-16,329.0,8.0,0.7,13,0.8
2006-09-17,400.0,6.9,2.7,25,-1.0
2006-09-18,568.0,4.6,3.7,12,-1.3
2006-09-19,550.0,2.1,2.3,13,-1.0
2006-09-20,423.0,2.9,0.7,13,-0.3
2006-09-21,336.0,8.0,0.7,13,-0.4
2006-09-22,312.0,9.6,0.3,18,-0.1
2006-09-23,338.0,20.8,1.7,13,-0.2
2006-09-24,576.0,12.6,3.3,15,0.3
2006-09-25,593.0,2.0,2.0,13,0.5
2006-09-26,523.0,3.2,1.7,16,0.3
2006-09-27,443.0,2.3,0.7,12,0.2
2006-09-28,380.0,5.0,0.7,13,1.0
2006-09-29,301.0,15.0,1.0,36,-0.2
2006-09-30,374.0,16.5,2.7,41,1.5
2006-10-01,504.0,4.4,3.3,35,-2.3
2006-10-02,482.0,4.0,1.7,33,-0.2
2006-10-03,410.0,4.9,1.7,23,-0.5
2006-10-04,385.0,4.4,1.0,23,-0.4
2006-10-05,343.0,5.3,1.0,24,-0.7
2006-10-06,326.0,9.9,0.7,23,0.2
2006-10-07,376.0,12.4,2.0,23,0.5
2006-10-08,472.0,4.6,1.7,21,1.3
2006-10-09,409.0,4.3,1.0,21,0.8
2006-10-10,369.0,4.6,0.3,14,1.0
2006-10-11,350.0,7.3,0.7,0,-0.5
2006-10-12,333.0,9.8,1.3,0,-0.3
2006-10-13,446.0,6.4,4.0,0,-1.6
2006-10-14,539.0,3.4,3.7,0,-1.1
2006-10-15,560.0,2.4,2.3,0,-0.6
2006-10-16,472.0,3.7,1.7,0,-0.9
2006-10-17,393.0,4.1,0.7,0,-0.6
2006-10-18,336.0,8.8,1.0,0,-0.6
2006-10-19,310.0,13.5,0.3,14,0.5
2006-10-20,397.0,19.1,2.3,14,2.6
2006-10-21,605.0,3.2,3.3,16,0.4
2006-10-22,578.0,2.3,2.7,23,-0.1
2006-10-23,528.0,2.2,0.7,38,1.4
2006-10-24,470.0,4.0,1.0,30,0.8
2006-10-25,453.0,3.6,1.0,14,0.6
2006-10-26,387.0,4.0,0.7,0,-0.3
2006-10-27,324.0,19.0,1.0,13,-0.5
2006-10-28,394.0,11.1,2.7,13,-1.7
2006-10-29,543.0,4.5,3.3,0,-1.5
2006-10-30,547.0,2.6,2.3,13,-0.1
2006-10-31,428.0,3.1,1.3,33,-0.8
2006-11-01,412.0,5.1,1.7,53,-0.6
2006-11-02,364.0,4.6,2.0,70,-2.4
2006-11-03,344.0,14.4,1.7,73,-0.2
2006-11-04,411.0,8.5,2.0,65,0.7
2006-11-05,397.0,5.7,1.3,53,-0.4
2006-11-06,360.0,5.6,0.3,40,0.8
2006-11-07,321.0,5.0,0.0,32,0.9
2006-11-08,298.0,8.4,0.0,43,0.5
2006-11-09,323.0,16.0,1.7,30,-0.2
2006-11-10,557.0,7.5,4.3,15,-0.2
2006-11-11,610.0,3.2,3.7,18,-0.8
2006-11-12,543.0,1.6,1.7,22,-0.1
2006-11-13,432.0,1.8,0.3,35,0.1
2006-11-14,379.0,5.2,1.3,47,-1.2
2006-11-15,356.0,9.1,1.7,45,0.2
2006-11-16,403.0,4.1,1.3,52,0.8
2006-11-17,365.0,3.2,1.3,47,-1.5
2006-11-18,370.0,1.3,0.3,47,1.2
2006-11-19,407.0,1.6,1.0,45,2.1
2006-11-20,383.0,0.8,0.3,30,3.7
2006-11-21,350.0,2.3,0.3,0,2.8
2006-11-22,351.0,8.7,1.3,0,3.5
2006-11-23,438.0,9.0,3.0,12,-0.8
2006-11-24,576.0,3.8,3.0,0,-0.8
2006-11-25,594.0,2.8,3.0,13,-0.4
2006-11-26,619.0,3.0,2.7,15,0.2
2006-11-27,553.0,2.4,2.0,33,-0.3
2006-11-28,492.0,3.1,1.7,38,-0.4
2006-11-29,440.0,4.7,1.7,40,3.7
2006-11-30,410.0,7.7,3.7,58,-4.4
2006-12-01,395.0,6.2,1.3,56,0.6
2006-12-02,378.0,6.3,0.7,53,0.4
2006-12-03,366.0,5.6,0.7,46,-0.6
2006-12-04,328.0,4.5,0.0,39,0.4
2006-12-05,320.0,11.5,0.7,46,0.5
2006-12-06,473.0,10.1,4.0,54,-1.5
2006-12-07,639.0,4.3,3.7,51,-0.7
2006-12-08,624.0,7.1,3.7,28,-0.6
2006-12-09,506.0,4.0,1.7,21,0.3
2006-12-10,600.0,3.0,3.0,23,0.5
2006-12-11,645.0,2.4,2.7,28,0.6
2006-12-12,682.0,1.7,3.7,28,-0.8
2006-12-13,633.0,1.0,1.7,26,0.7
2006-12-14,723.0,4.9,4.0,23,-0.2
2006-12-15,698.0,2.5,5.7,21,-6.2
2006-12-16,630.0,2.2,2.3,20,1.2
2006-12-17,572.0,2.6,1.3,15,0.7
2006-12-18,450.0,6.2,2.3,0,0.4
2006-12-19,571.0,4.5,2.7,0,-0.4
2006-12-20,652.0,3.7,3.7,0,-0.8
2006-12-21,678.0,2.2,3.3,0,-0.4
2006-12-22,661.0,2.5,3.3,0,-0.1
2006-12-23,610.0,2.2,3.0,0,-0.4
2006-12-24,613.0,2.6,2.7,13,0.5
2006-12-25,565.0,2.3,2.0,16,0.1
2006-12-26,478.0,3.1,1.3,21,-0.0
2006-12-27,390.0,3.5,0.7,20,-0.2
2006-12-28,341.0,7.0,0.7,0,0.2
2006-12-29,343.0,10.1,0.7,0,0.5
2006-12-30,334.0,11.1,0.7,16,-0.2
2006-12-31,316.0,10.1,0.3,28,0.1
2007-01-01,373.0,15.2,2.0,38,1.3
2007-01-02,566.0,6.4,3.7,42,-0.1
2007-01-03,658.0,4.1,3.3,44,0.5
2007-01-04,650.0,2.6,3.3,44,-0.1
2007-01-05,615.0,2.2,2.3,49,-0.1
2007-01-06,492.0,2.5,1.3,47,-0.1
2007-01-07,402.0,2.4,0.3,42,-0.1
2007-01-08,345.0,6.7,0.7,52,-0.6
2007-01-09,341.0,9.8,1.0,47,0.5
2007-01-10,397.0,6.0,1.7,42,-0.3
2007-01-11,472.0,4.6,1.7,40,1.1
2007-01-12,430.0,0.7,0.7,28,1.2
2007-01-13,355.0,0.6,0.0,30,1.7
2007-01-14,350.0,2.5,0.7,19,2.1
2007-01-15,460.0,6.6,2.7,19,-1.0
2007-01-16,604.0,4.1,2.3,19,1.6
2007-01-17,668.0,3.3,3.7,16,-0.7
2007-01-18,635.0,2.8,3.3,17,0.0
2007-01-19,641.0,2.5,2.7,24,0.3
2007-01-20,608.0,2.0,2.0,19,0.7
2007-01-21,519.0,2.5,2.0,19,-0.0
2007-01-22,449.0,2.9,0.7,21,0.4
2007-01-23,405.0,2.5,0.7,17,-0.2
2007-01-24,371.0,3.9,0.7,19,0.7
2007-01-25,335.0,7.2,0.3,14,-0.5
2007-01-26,316.0,9.2,0.7,12,-0.2
2007-01-27,300.0,10.4,1.0,12,-0.9
2007-01-28,334.0,14.6,1.3,14,-0.4
2007-01-29,490.0,21.6,3.7,31,0.8
2007-01-30,667.0,3.0,3.7,35,0.3
2007-01-31,680.0,2.3,3.3,35,-0.2
2007-02-01,591.0,2.3,2.0,38,0.4
2007-02-02,500.0,2.5,1.0,41,0.3
2007-02-03,412.0,2.7,0.7,36,0.3
2007-02-04,353.0,5.0,0.3,29,0.7
2007-02-05,340.0,10.4,1.7,27,-2.0
2007-02-06,373.0,7.2,1.7,26,0.3
2007-02-07,417.0,6.0,2.7,26,-1.3
2007-02-08,446.0,3.8,2.0,14,-0.7
2007-02-09,435.0,2.7,1.3,12,-0.3
2007-02-10,357.0,1.5,1.0,12,-1.0
2007-02-11,292.0,1.6,0.7,0,-1.6
2007-02-12,374.0,14.5,1.7,0,1.0
2007-02-13,524.0,6.5,3.3,0,1.6
2007-02-14,676.0,3.2,3.3,0,1.2
2007-02-15,672.0,2.0,2.7,0,0.5
2007-02-16,560.0,2.0,2.0,0,0.4
2007-02-17,487.0,2.4,2.0,14,-0.3
2007-02-18,422.0,2.5,1.3,14,-0.3
2007-02-19,395.0,4.6,0.7,34,0.8
2007-02-20,356.0,5.0,0.3,29,0.5
2007-02-21,325.0,5.5,0.0,17,0.6
2007-02-22,306.0,8.9,0.7,27,-0.5
2007-02-23,286.0,9.2,0.7,26,-0.8
2007-02-24,280.0,8.8,0.3,14,0.2
2007-02-25,296.0,12.6,0.7,14,-1.4
2007-02-26,382.0,8.1,1.3,26,2.8
2007-02-27,450.0,7.8,2.3,26,2.0
2007-02-28,635.0,3.8,3.7,14,0.1
2007-03-01,612.0,2.4,2.3,11,0.3
2007-03-02,480.0,2.4,1.0,11,-0.1
2007-03-03,362.0,4.8,0.3,11,0.5
2007-03-04,362.0,6.7,1.0,13,-0.3
2007-03-05,412.0,7.3,2.0,27,-0.3
2007-03-06,500.0,6.7,3.0,22,0.5
2007-03-07,583.0,2.5,3.3,0,-1.3
2007-03-08,460.0,1.9,1.0,0,-0.4
2007-03-09,366.0,3.4,0.3,0,-1.4
2007-03-10,337.0,6.2,1.3,0,-1.7
2007-03-11,344.0,12.2,1.7,14,-0.7
2007-03-12,493.0,8.1,2.3,13,2.1
2007-03-13,666.0,3.4,3.7,0,0.7
2007-03-14,669.0,2.4,2.3,0,1.4
2007-03-15,628.0,2.6,2.3,0,0.9
2007-03-16,620.0,2.3,2.3,0,0.6
2007-03-17,563.0,2.1,1.7,0,0.1
2007-03-18,469.0,2.8,0.7,0,0.7
2007-03-19,394.0,3.1,0.3,0,0.5
2007-03-20,331.0,4.4,0.3,0,0.2
2007-03-21,294.0,10.6,0.3,0,0.3
2007-03-22,271.0,12.4,0.7,0,-1.3
2007-03-23,308.0,14.7,2.0,13,-1.9
2007-03-24,360.0,10.8,3.0,13,-1.5
2007-03-25,418.0,8.6,2.0,0,2.4
2007-03-26,469.0,5.0,2.3,14,0.8
2007-03-27,468.0,6.1,2.3,13,1.2
2007-03-28,528.0,2.2,1.7,13,0.5
2007-03-29,402.0,3.3,0.7,13,1.0
2007-03-30,377.0,5.7,1.0,11,1.1
2007-03-31,346.0,9.0,0.7,11,1.3
2007-04-01,513.0,7.9,4.0,16,-1.9
2007-04-02,602.0,3.4,3.7,0,-1.6
2007-04-03,591.0,2.5,2.3,0,0.4
2007-04-04,508.0,2.2,2.0,0,-0.7
2007-04-05,417.0,3.3,1.0,0,-0.5
2007-04-06,366.0,4.2,1.0,0,-0.9
2007-04-07,328.0,4.7,0.7,0,-0.5
2007-04-08,303.0,10.3,0.7,0,0.2
2007-04-09,415.0,14.2,2.0,0,1.5
2007-04-10,412.0,7.0,1.7,0,0.9
2007-04-11,484.0,3.8,1.0,0,2.0
2007-04-12,512.0,3.0,2.3,0,0.1
2007-04-13,410.0,2.2,0.3,0,1.3
2007-04-14,361.0,6.0,1.0,0,1.9
2007-04-15,358.0,6.4,1.0,0,-1.2
2007-04-16,336.0,5.1,0.0,0,0.7
2007-04-17,341.0,10.2,2.0,11,-1.8
2007-04-18,367.0,7.2,2.0,0,-1.0
2007-04-19,394.0,4.8,1.3,0,-0.5
2007-04-20,343.0,8.5,0.7,0,0.1
2007-04-21,304.0,10.9,0.3,0,-0.2
2007-04-22,362.0,15.2,2.3,0,0.0
2007-04-23,471.0,5.3,2.0,0,1.3
2007-04-24,431.0,6.0,1.0,0,1.9
2007-04-25,443.0,4.5,1.3,13,1.3
2007-04-26,439.0,5.4,1.7,16,-0.7
2007-04-27,474.0,6.6,2.7,18,-1.6
2007-04-28,601.0,3.7,4.0,23,-1.0
2007-04-29,657.0,2.6,3.3,32,-0.7
2007-04-30,616.0,2.5,2.7,34,-0.9
2007-05-01,509.0,2.1,1.7,33,-0.9
2007-05-02,424.0,2.4,0.3,33,-0.0
2007-05-03,337.0,5.9,1.0,20,-1.1
2007-05-04,320.0,6.1,0.7,18,-0.6
2007-05-05,290.0,6.1,0.3,17,-0.8
2007-05-06,275.0,12.3,0.3,15,-0.7
2007-05-07,380.0,18.1,2.7,13,0.7
2007-05-08,606.0,3.8,2.7,15,1.3
2007-05-09,569.0,2.5,1.3,18,0.5
2007-05-10,458.0,2.5,0.7,20,0.2
2007-05-11,413.0,4.2,0.7,23,0.4
2007-05-12,363.0,3.7,0.3,22,0.5
2007-05-13,329.0,6.5,0.3,18,-0.2
2007-05-14,312.0,9.4,0.7,30,-0.9
2007-05-15,330.0,9.7,1.0,30,-0.5
2007-05-16,326.0,7.3,0.7,32,-0.2
2007-05-17,310.0,8.3,1.0,40,-2.5
2007-05-18,472.0,11.9,3.0,42,2.8
2007-05-19,595.0,3.0,2.7,37,0.7
2007-05-20,591.0,2.0,1.7,23,0.3
2007-05-21,508.0,3.6,1.3,18,1.6
2007-05-22,443.0,8.5,2.3,15,0.9
2007-05-23,489.0,9.1,4.3,23,-3.6
2007-05-24,600.0,4.6,4.0,15,-1.2
2007-05-25,658.0,2.4,2.7,0,0.1
2007-05-26,660.0,2.6,2.7,0,-0.2
2007-05-27,649.0,1.9,2.3,0,-0.2
2007-05-28,528.0,1.3,1.0,0,-0.1
2007-05-29,409.0,2.9,1.0,12,-0.5
2007-05-30,362.0,4.0,0.7,12,-0.4
2007-05-31,316.0,8.3,0.7,12,-0.8
2007-06-01,349.0,11.0,1.7,34,1.5
2007-06-02,380.0,11.7,1.7,44,6.5
2007-06-03,425.0,5.7,2.0,55,0.5
2007-06-04,491.0,3.9,2.0,60,0.5
2007-06-05,429.0,2.9,0.3,62,0.3
2007-06-06,364.0,3.7,0.3,58,0.1
2007-06-07,332.0,6.1,0.7,66,0.6
2007-06-08,354.0,8.7,2.0,60,1.0
2007-06-09,413.0,6.7,1.7,21,-0.8
2007-06-10,411.0,4.5,1.7,16,0.2
2007-06-11,346.0,2.7,0.7,16,-0.7
2007-06-12,307.0,2.9,0.3,14,-1.1
2007-06-13,317.0,8.9,1.3,14,-1.4
2007-06-14,483.0,7.3,3.3,0,-0.4
2007-06-15,573.0,3.2,1.7,0,0.9
2007-06-16,497.0,3.1,1.3,0,0.0
2007-06-17,468.0,3.0,1.7,0,0.8
2007-06-18,480.0,2.6,1.3,0,0.2
2007-06-19,440.0,3.0,1.3,0,-0.2
2007-06-20,426.0,2.6,1.0,0,0.6
2007-06-21,447.0,8.2,2.7,0,-0.8
2007-06-22,526.0,5.0,2.7,0,-0.5
2007-06-23,546.0,3.1,1.7,0,-0.3
2007-06-24,486.0,3.7,1.7,0,-0.6
2007-06-25,419.0,3.2,0.7,12,0.1
2007-06-26,378.0,5.1,0.7,14,0.4
2007-06-27,372.0,5.9,1.0,14,-0.4
2007-06-28,365.0,7.7,1.0,16,-0.6
2007-06-29,378.0,13.2,2.0,32,0.9
2007-06-30,503.0,2.9,1.0,32,0.0
2007-07-01,413.0,3.6,1.0,30,-0.2
2007-07-02,377.0,3.6,0.7,17,-0.1
2007-07-03,366.0,9.6,1.7,14,-0.8
2007-07-04,551.0,4.9,3.0,14,-0.3
2007-07-05,493.0,2.8,1.3,14,0.1
2007-07-06,440.0,3.5,1.3,14,-0.4
2007-07-07,439.0,3.7,1.3,12,-0.1
2007-07-08,385.0,3.1,1.0,16,-0.8
2007-07-09,327.0,5.0,0.3,22,0.3
2007-07-10,312.0,13.4,1.0,27,0.5
2007-07-11,530.0,11.2,3.3,27,0.4
2007-07-12,541.0,2.3,1.3,23,-0.1
2007-07-13,439.0,3.0,0.7,41,1.0
2007-07-14,447.0,7.0,3.0,42,-1.9
2007-07-15,543.0,2.6,2.3,39,-0.9
2007-07-16,475.0,2.7,1.0,31,-0.5
2007-07-17,410.0,2.9,0.7,17,0.0
2007-07-18,348.0,5.8,0.3,14,-0.3
2007-07-19,318.0,7.1,0.3,12,1.0
2007-07-20,375.0,13.5,2.3,0,-1.1
2007-07-21,490.0,4.4,2.3,0,-0.5
2007-07-22,426.0,2.4,0.7,0,0.5
2007-07-23,386.0,3.6,0.7,0,0.6
2007-07-24,360.0,5.6,0.7,0,-0.1
2007-07-25,316.0,7.1,0.3,0,0.1
2007-07-26,341.0,20.3,1.7,0,0.6
2007-07-27,439.0,4.2,1.7,0,-0.3
2007-07-28,366.0,6.0,0.7,14,-0.5
2007-07-29,487.0,10.7,3.0,14,1.0
2007-07-30,573.0,3.0,2.0,14,0.6
2007-07-31,544.0,2.1,1.3,0,0.1
2007-08-01,587.0,3.1,3.0,0,-0.0
2007-08-02,580.0,2.3,1.3,0,0.1
2007-08-03,497.0,2.1,1.0,11,0.0
2007-08-04,383.0,2.0,0.3,11,0.4
2007-08-05,324.0,7.5,0.3,11,0.4
2007-08-06,353.0,13.7,2.3,13,-1.2
2007-08-07,635.0,4.4,3.3,13,-0.5
2007-08-08,550.0,1.9,1.3,15,-0.0
2007-08-09,431.0,4.0,0.7,15,0.1
2007-08-10,434.0,7.9,2.3,15,-1.4
2007-08-11,534.0,3.9,2.3,13,-1.1
2007-08-12,457.0,3.8,1.3,13,-0.7
2007-08-13,377.0,2.7,0.3,13,0.1
2007-08-14,344.0,6.1,0.7,0,-0.8
2007-08-15,420.0,7.8,2.0,0,-0.2
2007-08-16,444.0,4.4,1.3,0,0.5
2007-08-17,410.0,3.9,0.7,0,0.8
2007-08-18,376.0,4.4,0.3,0,2.5
2007-08-19,372.0,4.5,0.7,0,1.6
2007-08-20,365.0,4.3,0.3,0,0.7
2007-08-21,337.0,10.8,1.0,15,0.3
2007-08-22,322.0,8.5,0.7,13,-0.2
2007-08-23,319.0,6.2,0.3,13,0.8
2007-08-24,298.0,8.2,0.3,13,0.8
2007-08-25,325.0,15.5,1.7,13,-1.2
2007-08-26,380.0,11.3,2.3,13,1.2
2007-08-27,620.0,2.9,2.7,13,1.0
2007-08-28,620.0,1.8,2.3,13,-0.1
2007-08-29,520.0,2.1,1.0,13,0.7
2007-08-30,441.0,2.7,1.0,13,-0.1
2007-08-31,386.0,6.2,1.7,28,-0.6
2007-09-01,457.0,7.0,2.3,24,-0.1
2007-09-02,600.0,3.8,3.7,13,-0.9
2007-09-03,623.0,2.0,2.3,13,-0.4
2007-09-04,593.0,1.3,1.3,13,-0.1
2007-09-05,495.0,3.2,2.3,13,-1.9
2007-09-06,441.0,4.2,2.3,0,-1.5
2007-09-07,522.0,3.1,2.3,0,-0.3
2007-09-08,471.0,2.6,1.7,0,-0.5
2007-09-09,373.0,4.8,0.3,0,0.1
2007-09-10,325.0,4.3,0.3,0,-0.7
2007-09-11,307.0,5.9,0.7,0,-1.2
2007-09-12,282.0,7.1,0.7,0,-2.0
2007-09-13,268.0,9.8,0.3,0,-0.1
2007-09-14,298.0,17.2,1.0,0,2.1
2007-09-15,397.0,5.5,1.0,0,2.3
2007-09-16,368.0,4.9,0.7,0,1.1
2007-09-17,327.0,4.9,0.7,0,0.6
2007-09-18,341.0,6.4,0.7,0,0.2
2007-09-19,342.0,7.3,0.7,0,1.4
2007-09-20,364.0,13.9,2.0,0,0.8
2007-09-21,480.0,7.1,2.3,0,1.8
2007-09-22,602.0,3.5,2.7,0,1.3
2007-09-23,652.0,2.3,2.7,0,0.5
2007-09-24,655.0,2.1,2.3,0,0.4
2007-09-25,566.0,1.8,1.7,0,0.5
2007-09-26,462.0,2.1,0.7,0,0.6
2007-09-27,424.0,7.8,2.3,0,0.5
2007-09-28,567.0,5.1,3.3,15,-0.5
2007-09-29,630.0,3.4,4.0,15,-1.3
2007-09-30,624.0,1.9,2.7,15,-0.2
2007-10-01,519.0,2.4,2.0,0,-0.8
2007-10-02,436.0,2.8,1.3,0,-0.9
2007-10-03,520.0,4.0,3.0,0,-0.3
2007-10-04,552.0,2.8,2.3,0,-0.4
2007-10-05,466.0,2.9,1.7,0,-0.5
2007-10-06,387.0,3.6,1.0,19,-0.7
2007-10-07,348.0,4.2,0.3,16,-0.5
2007-10-08,310.0,5.2,0.0,12,0.0
2007-10-09,289.0,7.6,0.3,0,-0.5
2007-10-10,272.0,7.3,0.3,0,-1.2
2007-10-11,265.0,11.5,0.0,0,0.2
2007-10-12,301.0,15.2,1.0,0,1.2
2007-10-13,334.0,10.5,0.7,0,2.0
2007-10-14,314.0,10.5,1.3,0,-1.0
2007-10-15,306.0,10.0,0.3,0,1.8
2007-10-16,325.0,7.7,0.7,0,0.6
2007-10-17,333.0,7.2,0.0,0,1.2
2007-10-18,414.0,8.9,2.3,0,0.4
2007-10-19,614.0,4.0,3.0,0,0.9
2007-10-20,640.0,2.1,2.3,0,0.2
2007-10-21,499.0,2.3,1.3,0,0.5
2007-10-22,444.0,4.1,1.3,0,0.4
2007-10-23,412.0,6.4,1.7,0,-0.2
2007-10-24,364.0,7.5,0.7,0,0.8
2007-10-25,469.0,10.0,2.7,0,-0.7
2007-10-26,654.0,2.6,2.7,0,-0.3
2007-10-27,567.0,2.5,2.7,0,-1.0
2007-10-28,494.0,2.9,1.7,0,-0.7
2007-10-29,468.0,3.7,2.3,0,-1.7
2007-10-30,517.0,2.7,2.0,0,-1.0
2007-10-31,448.0,3.5,1.0,0,-0.6
2007-11-01,372.0,5.3,1.0,0,-0.1
2007-11-02,341.0,6.9,0.7,0,-0.0
2007-11-03,315.0,4.8,0.3,0,-1.1
2007-11-04,307.0,17.1,1.0,0,-1.4
2007-11-05,298.0,9.1,0.7,0,-0.5
2007-11-06,273.0,10.4,0.0,13,0.2
2007-11-07,257.0,11.1,0.0,0,0.2
2007-11-08,291.0,12.6,1.0,0,0.3
2007-11-09,343.0,10.6,1.0,0,2.1
2007-11-10,416.0,4.2,1.0,0,1.0
2007-11-11,385.0,4.3,0.7,0,1.0
2007-11-12,366.0,7.5,0.7,0,1.2
2007-11-13,532.0,7.3,2.3,0,1.4
2007-11-14,637.0,2.8,2.3,0,1.1
2007-11-15,597.0,2.5,1.7,0,1.0
2007-11-16,553.0,2.6,2.0,16,0.3
2007-11-17,462.0,1.7,1.7,15,0.3
2007-11-18,383.0,1.9,0.7,0,0.7
2007-11-19,386.0,7.6,0.7,0,0.9
2007-11-20,471.0,11.0,3.7,0,-0.9
2007-11-21,632.0,2.2,3.0,0,-0.4
2007-11-22,535.0,5.2,2.3,0,-0.5
2007-11-23,605.0,2.2,2.7,0,-0.1
2007-11-24,530.0,3.3,2.7,16,-0.9
2007-11-25,602.0,2.8,3.0,13,-0.6
2007-11-26,585.0,2.2,2.0,12,-0.6
2007-11-27,474.0,3.7,1.3,0,-0.3
2007-11-28,429.0,3.0,1.0,0,-0.9
2007-11-29,391.0,3.9,0.7,0,-0.2
2007-11-30,343.0,10.0,0.7,0,-0.1
2007-12-01,344.0,8.6,0.7,17,-0.1
2007-12-02,343.0,7.3,0.3,15,0.5
2007-12-03,320.0,7.2,0.0,12,0.3
2007-12-04,308.0,11.9,0.3,15,-0.8
2007-12-05,356.0,7.7,0.7,14,2.0
2007-12-06,344.0,6.1,0.7,27,-0.1
2007-12-07,319.0,5.8,0.3,26,0.0
2007-12-08,294.0,9.3,0.0,43,0.6
2007-12-09,327.0,9.2,0.7,45,-0.6
2007-12-10,373.0,12.8,2.0,41,-0.0
2007-12-11,588.0,4.9,3.0,41,0.0
2007-12-12,598.0,2.2,2.3,48,0.3
2007-12-13,543.0,1.8,1.3,51,0.4
2007-12-14,489.0,2.2,1.0,41,0.4
2007-12-15,427.0,2.8,0.3,38,-0.0
2007-12-16,369.0,4.7,0.7,31,-0.2
2007-12-17,510.0,11.7,3.3,19,0.2
2007-12-18,638.0,3.0,3.7,12,-1.2
2007-12-19,623.0,2.0,2.3,0,-0.1
2007-12-20,627.0,3.4,3.0,0,-0.1
2007-12-21,646.0,2.2,2.7,0,0.1
2007-12-22,609.0,2.3,2.0,0,0.0
2007-12-23,550.0,2.6,2.0,0,-0.3
2007-12-24,424.0,3.1,0.7,0,-0.1
2007-12-25,380.0,3.6,0.3,0,0.4
2007-12-26,343.0,10.1,0.3,0,0.5
2007-12-27,375.0,9.3,1.3,0,0.6
2007-12-28,436.0,3.0,1.0,0,0.3
2007-12-29,371.0,3.8,0.3,0,0.0
2007-12-30,360.0,8.6,1.0,0,0.7
2007-12-31,343.0,11.2,1.3,0,0.7
2008-01-01,358.0,5.5,1.0,9,-0.2
2008-01-02,336.0,11.6,0.3,9,-0.1
2008-01-03,320.0,6.6,0.3,9,-0.5
2008-01-04,307.0,12.2,0.7,12,-0.5
2008-01-05,533.0,11.1,3.3,10,0.2
2008-01-06,634.0,3.1,3.3,14,-0.4
2008-01-07,664.0,1.4,2.7,14,-0.3
2008-01-08,616.0,1.3,3.0,11,-0.5
2008-01-09,549.0,1.3,1.7,0,0.2
2008-01-10,486.0,1.6,1.0,10,-0.1
2008-01-11,424.0,2.2,0.7,10,-0.0
2008-01-12,435.0,6.0,1.7,0,-0.0
2008-01-13,498.0,4.0,2.3,0,-0.1
2008-01-14,646.0,3.3,3.3,0,0.3
2008-01-15,676.0,2.3,2.3,0,0.5
2008-01-16,655.0,2.2,2.7,0,-0.7
2008-01-17,616.0,3.0,2.7,0,0.3
2008-01-18,643.0,2.5,2.7,0,0.2
2008-01-19,626.0,2.6,2.3,0,0.6
2008-01-20,610.0,2.3,1.7,0,0.9
2008-01-21,553.0,2.4,1.7,0,-0.1
2008-01-22,454.0,2.5,0.7,0,0.6
2008-01-23,427.0,5.2,1.0,0,0.7
2008-01-24,420.0,5.7,1.3,0,-0.4
2008-01-25,510.0,4.1,2.3,0,-0.1
2008-01-26,466.0,3.0,1.7,0,-0.1
2008-01-27,417.0,4.6,1.0,0,-0.2
2008-01-28,391.0,4.5,1.0,0,0.2
2008-01-29,407.0,4.8,1.0,0,0.3
2008-01-30,378.0,3.7,0.3,10,0.6
2008-01-31,364.0,10.7,1.3,10,0.4
2008-02-01,529.0,4.9,3.0,15,-0.8
2008-02-02,597.0,2.6,3.3,12,-0.6
2008-02-03,599.0,2.1,3.0,12,-0.1
2008-02-04,560.0,1.5,2.0,11,-1.2
2008-02-05,460.0,2.2,1.0,0,0.2
2008-02-06,374.0,4.2,1.0,0,-1.0
2008-02-07,370.0,4.3,1.7,0,1.5
2008-02-08,412.0,5.5,1.7,0,-0.1
2008-02-09,389.0,6.8,1.0,0,1.2
2008-02-10,531.0,8.9,3.3,0,1.9
2008-02-11,695.0,2.6,3.3,0,0.2
2008-02-12,657.0,2.5,2.7,0,0.4
2008-02-13,640.0,2.5,2.7,0,1.1
2008-02-14,644.0,2.5,2.7,0,0.7
2008-02-15,645.0,2.6,2.7,0,0.3
2008-02-16,598.0,1.7,2.0,0,0.5
2008-02-17,534.0,2.1,1.3,0,1.0
2008-02-18,524.0,4.1,2.7,0,-0.7
2008-02-19,604.0,3.0,2.7,0,0.0
2008-02-20,543.0,2.8,1.3,0,0.5
2008-02-21,488.0,2.9,1.3,0,-0.1
2008-02-22,476.0,3.1,1.0,0,0.9
2008-02-23,444.0,3.5,1.3,0,0.0
2008-02-24,450.0,3.7,1.0,0,0.6
2008-02-25,416.0,3.6,0.7,11,0.2
2008-02-26,374.0,4.7,1.0,11,0.1
2008-02-27,372.0,7.5,2.3,11,-0.4
2008-02-28,468.0,8.2,3.7,0,-1.2
2008-02-29,671.0,3.1,4.0,0,-1.1
2008-03-01,750.0,1.4,3.3,0,-0.4
2008-03-02,669.0,1.2,2.3,0,-0.2
2008-03-03,559.0,1.1,1.3,12,-0.0
2008-03-04,433.0,2.2,1.0,0,0.5
2008-03-05,410.0,5.2,2.0,0,-1.4
2008-03-06,398.0,2.6,0.7,13,0.0
2008-03-07,343.0,5.3,0.7,0,-1.4
2008-03-08,377.0,15.3,1.7,0,1.1
2008-03-09,576.0,7.2,4.0,0,-0.2
2008-03-10,653.0,2.7,3.3,15,0.5
2008-03-11,677.0,2.3,3.0,0,0.5
2008-03-12,659.0,1.9,2.7,0,0.7
2008-03-13,614.0,2.1,2.7,0,0.5
2008-03-14,610.0,2.5,3.0,0,-0.1
2008-03-15,599.0,2.1,2.3,12,0.7
2008-03-16,570.0,2.7,1.7,12,0.7
2008-03-17,512.0,3.4,1.0,12,0.6
2008-03-18,486.0,3.6,1.7,0,0.7
2008-03-19,494.0,3.8,1.7,0,0.0
2008-03-20,536.0,3.4,2.0,0,0.7
2008-03-21,488.0,4.4,1.7,0,0.1
2008-03-22,435.0,4.5,1.0,0,1.2
2008-03-23,473.0,4.1,2.0,0,0.9
2008-03-24,451.0,3.5,0.7,32,1.3
2008-03-25,393.0,6.1,0.7,54,0.5
2008-03-26,474.0,10.6,3.7,60,-1.9
2008-03-27,610.0,3.0,4.3,59,-2.2
2008-03-28,644.0,1.5,3.7,57,-1.7
2008-03-29,573.0,1.5,2.3,50,-1.1
2008-03-30,501.0,1.9,2.0,52,-0.8
2008-03-31,409.0,2.2,1.0,42,-0.7
2008-04-01,400.0,2.9,1.0,20,-0.6
2008-04-02,375.0,1.8,0.3,11,0.2
2008-04-03,347.0,6.4,0.3,11,1.7
2008-04-04,440.0,7.4,2.0,9,0.9
2008-04-05,602.0,3.5,2.7,0,1.5
2008-04-06,673.0,2.7,3.3,0,0.7
2008-04-07,600.0,2.6,2.7,0,0.7
2008-04-08,671.0,2.4,2.3,0,1.0
2008-04-09,691.0,1.8,2.7,0,0.1
2008-04-10,636.0,2.1,2.3,0,0.4
2008-04-11,540.0,2.1,1.3,0,1.2
2008-04-12,562.0,2.6,2.7,0,0.5
2008-04-13,597.0,2.8,2.0,9,0.6
2008-04-14,477.0,1.6,0.3,9,0.5
2008-04-15,386.0,5.4,1.0,0,0.1
2008-04-16,461.0,8.7,3.0,0,-1.4
2008-04-17,533.0,2.6,1.7,0,0.7
2008-04-18,520.0,2.8,1.7,0,1.1
2008-04-19,527.0,2.6,1.3,10,0.8
2008-04-20,516.0,2.8,1.0,0,0.8
2008-04-21,441.0,3.2,1.3,0,0.4
2008-04-22,346.0,8.0,1.3,10,0.0
2008-04-23,550.0,5.8,4.0,10,-2.3
2008-04-24,576.0,2.3,3.0,9,-0.6
2008-04-25,556.0,1.7,2.0,0,-0.7
2008-04-26,489.0,2.4,2.3,0,-1.4
2008-04-27,482.0,3.3,1.7,0,0.1
2008-04-28,465.0,4.5,2.3,0,-0.6
2008-04-29,430.0,2.6,1.3,0,-0.3
2008-04-30,414.0,5.2,1.3,0,0.2
2008-05-01,478.0,5.7,1.7,10,0.5
2008-05-02,460.0,5.7,2.0,0,1.4
2008-05-03,483.0,5.9,2.7,0,0.7
2008-05-04,541.0,3.2,2.0,10,1.2
2008-05-05,614.0,2.4,2.7,12,0.0
2008-05-06,582.0,2.1,2.0,0,0.8
2008-05-07,508.0,2.8,1.0,0,0.4
2008-05-08,481.0,3.4,1.0,0,0.5
2008-05-09,429.0,4.2,0.7,0,0.6
2008-05-10,364.0,9.3,1.0,0,0.4
2008-05-11,356.0,8.7,1.0,0,0.5
2008-05-12,324.0,9.6,0.7,0,-0.4
2008-05-13,340.0,6.0,0.7,12,0.3
2008-05-14,334.0,6.9,0.7,0,0.1
2008-05-15,334.0,9.8,0.7,13,1.6
2008-05-16,388.0,6.1,1.0,20,1.2
2008-05-17,355.0,3.0,0.3,17,0.9
2008-05-18,334.0,5.7,0.7,22,1.2
2008-05-19,370.0,9.3,1.7,16,0.0
2008-05-20,410.0,6.0,2.0,10,-0.5
2008-05-21,553.0,3.7,2.3,0,-0.6
2008-05-22,561.0,2.0,2.3,0,-1.1
2008-05-23,497.0,3.0,2.0,0,-0.6
2008-05-24,528.0,2.7,1.7,0,-0.0
2008-05-25,463.0,3.2,1.3,0,-0.4
2008-05-26,401.0,2.8,0.7,0,-0.8
2008-05-27,360.0,5.4,0.7,0,-0.7
2008-05-28,462.0,9.2,2.3,0,-0.3
2008-05-29,483.0,5.2,2.3,0,1.0
2008-05-30,557.0,2.5,2.0,0,1.1
2008-05-31,585.0,2.7,2.0,0,0.3
2008-06-01,574.0,2.6,2.0,0,0.8
2008-06-02,548.0,2.0,1.3,0,0.2
2008-06-03,486.0,3.8,1.0,0,0.4
2008-06-04,443.0,3.3,0.7,0,0.4
2008-06-05,382.0,4.6,0.3,14,0.3
2008-06-06,393.0,6.1,1.7,0,0.4
2008-06-07,474.0,6.1,2.3,0,-0.7
2008-06-08,479.0,2.9,1.7,0,-0.3
2008-06-09,407.0,2.8,0.7,0,-0.2
2008-06-10,362.0,4.7,0.3,14,0.7
2008-06-11,354.0,6.4,0.7,12,0.8
2008-06-12,317.0,6.3,0.7,11,-0.1
2008-06-13,307.0,7.5,0.3,12,0.2
2008-06-14,361.0,13.0,2.3,0,-0.6
2008-06-15,618.0,4.3,3.0,11,-0.1
2008-06-16,654.0,2.8,2.7,11,-0.1
2008-06-17,700.0,1.7,2.3,11,-0.3
2008-06-18,634.0,1.8,2.0,12,0.3
2008-06-19,523.0,3.2,1.7,11,0.3
2008-06-20,557.0,3.0,2.0,12,0.1
2008-06-21,512.0,1.7,1.0,12,-0.1
2008-06-22,439.0,2.0,0.7,12,0.3
2008-06-23,382.0,3.1,1.0,0,0.1
2008-06-24,334.0,5.6,1.3,0,-0.8
2008-06-25,393.0,12.2,2.3,0,-0.1
2008-06-26,604.0,4.6,2.7,0,1.1
2008-06-27,623.0,2.3,2.0,0,0.9
2008-06-28,575.0,2.4,1.3,0,0.3
2008-06-29,476.0,3.9,2.0,0,-0.4
2008-06-30,486.0,3.6,1.0,0,0.2
2008-07-01,435.0,4.4,1.0,0,0.2
2008-07-02,379.0,4.1,0.3,0,0.3
2008-07-03,341.0,6.3,0.7,0,0.6
2008-07-04,320.0,9.3,0.7,0,0.7
2008-07-05,359.0,9.2,1.7,0,0.3
2008-07-06,372.0,5.4,0.7,0,-0.1
2008-07-07,338.0,3.9,0.3,0,-0.3
2008-07-08,310.0,6.7,0.3,0,0.0
2008-07-09,317.0,7.1,0.7,0,0.1
2008-07-10,322.0,6.4,0.7,0,0.4
2008-07-11,385.0,10.3,1.7,0,1.9
2008-07-12,569.0,4.9,3.0,0,0.2
2008-07-13,657.0,2.6,2.7,0,0.0
2008-07-14,678.0,1.9,2.3,0,0.1
2008-07-15,620.0,1.7,1.7,0,0.6
2008-07-16,562.0,2.2,1.3,0,-0.2
2008-07-17,494.0,2.4,1.0,0,0.1
2008-07-18,409.0,2.3,0.7,6,-0.3
2008-07-19,326.0,4.0,0.3,7,1.0
2008-07-20,306.0,7.0,0.7,6,-0.1
2008-07-21,352.0,10.8,1.3,0,-0.9
2008-07-22,474.0,8.5,2.3,0,0.1
2008-07-23,623.0,3.5,3.0,0,-0.3
2008-07-24,551.0,1.9,2.3,0,-0.7
2008-07-25,427.0,3.4,0.3,0,0.4
2008-07-26,406.0,2.6,1.0,0,-0.7
2008-07-27,376.0,3.8,1.3,0,-0.4
2008-07-28,441.0,4.2,1.3,0,-0.3
2008-07-29,377.0,3.8,0.7,0,-0.4
2008-07-30,363.0,6.8,1.0,0,0.5
2008-07-31,378.0,4.9,0.7,0,0.9
2008-08-01,387.0,4.0,1.0,0,0.3
2008-08-02,350.0,3.1,0.3,0,1.1
2008-08-03,337.0,5.2,1.0,0,-0.5
2008-08-04,335.0,4.7,0.7,0,0.3
2008-08-05,318.0,7.8,0.3,0,0.4
2008-08-06,331.0,7.1,1.0,0,-0.2
2008-08-07,345.0,3.3,1.0,0,0.2
2008-08-08,344.0,4.7,0.7,0,1.9
2008-08-09,510.0,9.9,3.3,0,2.2
2008-08-10,621.0,2.8,2.3,0,0.2
2008-08-11,618.0,1.7,1.3,0,0.6
2008-08-12,562.0,2.4,1.7,0,0.1
2008-08-13,482.0,2.0,1.0,0,0.3
2008-08-14,446.0,3.4,1.3,0,-0.1
2008-08-15,402.0,3.0,0.7,0,0.6
2008-08-16,342.0,10.3,1.0,0,-0.1
2008-08-17,366.0,9.3,1.7,0,-0.6
2008-08-18,532.0,6.4,3.3,0,-1.3
2008-08-19,567.0,1.8,2.3,0,-0.5
2008-08-20,482.0,1.9,1.0,0,0.2
2008-08-21,418.0,2.5,0.7,5,-0.1
2008-08-22,369.0,4.4,0.7,5,-0.7
2008-08-23,334.0,7.8,0.7,0,-0.3
2008-08-24,314.0,9.8,0.3,0,-0.5
2008-08-25,294.0,6.5,0.0,0,-0.3
2008-08-26,297.0,8.8,0.3,0,0.7
2008-08-27,302.0,9.7,0.7,0,0.8
2008-08-28,305.0,8.0,0.7,0,0.6
2008-08-29,329.0,6.2,0.7,0,2.2
2008-08-30,333.0,5.0,0.3,0,0.5
2008-08-31,318.0,8.7,1.0,0,0.6
2008-09-01,344.0,7.3,0.7,0,0.3
2008-09-02,305.0,6.6,0.7,0,-0.3
2008-09-03,405.0,10.0,2.0,0,4.2
2008-09-04,546.0,6.3,3.7,0,-1.3
2008-09-05,516.0,2.2,1.7,0,0.3
2008-09-06,538.0,3.7,2.0,0,1.4
2008-09-07,600.0,2.6,2.0,0,1.3
2008-09-08,556.0,2.5,2.3,0,-0.6
2008-09-09,505.0,2.7,1.7,0,0.5
2008-09-10,450.0,3.2,1.3,0,0.4
2008-09-11,391.0,2.5,0.3,7,0.1
2008-09-12,368.0,1.9,0.0,0,0.8
2008-09-13,311.0,9.0,0.0,0,0.9
2008-09-14,304.0,14.3,1.3,0,-0.7
2008-09-15,509.0,8.6,3.0,0,-0.6
2008-09-16,532.0,2.2,2.0,0,-0.9
2008-09-17,435.0,2.4,0.7,0,2.5
2008-09-18,375.0,5.1,1.7,0,-2.2
2008-09-19,349.0,8.2,1.0,0,-1.1
2008-09-20,324.0,6.5,1.0,0,0.7
2008-09-21,318.0,7.2,0.3,0,-0.4
2008-09-22,302.0,6.6,0.7,9,1.2
2008-09-23,278.0,4.9,0.7,10,-0.2
2008-09-24,287.0,6.8,0.3,0,-0.3
2008-09-25,319.0,9.5,0.7,0,0.2
2008-09-26,326.0,7.1,0.7,0,0.7
2008-09-27,319.0,7.1,0.7,0,0.8
2008-09-28,345.0,6.1,0.7,0,1.2
2008-09-29,359.0,3.5,0.7,9,0.8
2008-09-30,383.0,4.7,1.0,0,1.1
2008-10-01,512.0,4.5,2.0,0,1.3
2008-10-02,643.0,2.9,3.0,0,0.0
2008-10-03,647.0,2.3,3.0,0,-0.2
2008-10-04,607.0,2.3,2.3,10,0.5
2008-10-05,525.0,1.9,1.0,0,0.6
2008-10-06,457.0,2.3,0.7,0,1.0
2008-10-07,387.0,2.8,0.3,0,0.9
2008-10-08,351.0,5.4,0.3,0,1.6
2008-10-09,316.0,5.5,0.0,0,1.1
2008-10-10,307.0,6.7,0.7,10,-0.2
2008-10-11,423.0,11.8,3.7,13,-1.7
2008-10-12,522.0,2.1,2.7,16,-1.1
2008-10-13,494.0,2.3,2.0,13,-0.2
2008-10-14,392.0,3.1,0.7,13,-0.9
2008-10-15,367.0,3.8,2.0,12,-2.5
2008-10-16,338.0,3.9,1.0,17,-1.8
2008-10-17,305.0,6.2,0.3,12,-0.8
2008-10-18,287.0,6.5,0.0,0,1.4
2008-10-19,299.0,12.7,2.0,0,-1.9
2008-10-20,358.0,5.7,0.7,0,2.2
2008-10-21,383.0,4.3,1.0,0,0.8
2008-10-22,372.0,5.1,1.0,0,0.7
2008-10-23,403.0,4.0,0.7,0,0.9
2008-10-24,347.0,4.3,0.3,0,0.9
2008-10-25,309.0,9.3,0.3,0,0.2
2008-10-26,361.0,8.7,1.3,0,0.9
2008-10-27,340.0,2.7,0.3,0,1.6
2008-10-28,383.0,8.1,1.3,0,1.2
2008-10-29,630.0,3.9,3.0,0,1.7
2008-10-30,674.0,2.2,2.7,0,0.7
2008-10-31,616.0,1.7,1.7,13,0.2
2008-11-01,478.0,2.0,0.7,15,1.4
2008-11-02,418.0,2.5,0.7,18,1.0
2008-11-03,402.0,2.2,0.3,18,0.8
2008-11-04,345.0,2.3,0.3,16,0.3
2008-11-05,317.0,3.8,0.3,13,0.9
2008-11-06,292.0,13.6,0.3,11,0.9
2008-11-07,385.0,17.0,2.0,0,0.8
2008-11-08,542.0,3.9,2.7,0,-1.0
2008-11-09,493.0,3.1,2.3,0,-1.2
2008-11-10,428.0,2.3,0.7,0,-0.3
2008-11-11,371.0,2.7,0.3,20,-0.4
2008-11-12,336.0,5.3,0.7,23,-1.0
2008-11-13,307.0,6.0,0.3,15,-0.5
2008-11-14,297.0,8.9,0.3,13,0.2
2008-11-15,327.0,9.3,1.0,13,0.1
2008-11-16,466.0,5.4,2.3,13,-0.4
2008-11-17,392.0,2.8,0.7,11,0.9
2008-11-18,335.0,4.0,0.3,0,1.1
2008-11-19,313.0,5.4,0.3,0,-0.3
2008-11-20,300.0,6.9,0.3,0,1.0
2008-11-21,312.0,6.7,0.0,0,1.1
2008-11-22,284.0,9.8,0.0,0,0.5
2008-11-23,292.0,6.6,0.7,0,-1.1
2008-11-24,272.0,8.1,0.3,0,1.2
2008-11-25,503.0,15.0,2.7,0,1.3
2008-11-26,596.0,3.0,2.3,0,0.4
2008-11-27,558.0,1.9,2.0,0,-0.3
2008-11-28,489.0,3.0,1.3,0,0.4
2008-11-29,423.0,2.9,0.7,0,-0.2
2008-11-30,360.0,3.2,0.3,0,0.6
2008-12-01,320.0,3.2,0.0,0,0.6
2008-12-02,293.0,5.9,0.0,0,1.2
2008-12-03,341.0,11.7,1.0,0,0.7
2008-12-04,443.0,5.0,2.0,0,-1.3
2008-12-05,406.0,4.9,2.3,0,-1.6
2008-12-06,506.0,4.3,3.0,0,-1.5
2008-12-07,548.0,2.7,2.0,0,-0.5
2008-12-08,459.0,2.0,0.7,0,-0.0
2008-12-09,370.0,3.2,0.3,0,0.2
2008-12-10,339.0,7.5,0.7,11,-0.4
2008-12-11,375.0,5.9,1.3,10,-0.0
2008-12-12,396.0,4.4,0.7,11,0.0
2008-12-13,400.0,2.4,0.3,0,0.4
2008-12-14,360.0,2.9,0.0,0,0.2
2008-12-15,333.0,7.4,0.7,0,-0.3
2008-12-16,347.0,12.0,1.3,0,-1.0
2008-12-17,338.0,7.3,1.7,0,-1.0
2008-12-18,316.0,6.2,0.3,0,-0.4
2008-12-19,301.0,7.8,1.0,0,-1.8
2008-12-20,318.0,7.5,0.3,0,1.1
2008-12-21,308.0,3.8,0.3,0,-0.7
2008-12-22,325.0,10.5,1.0,0,1.7
2008-12-23,503.0,5.1,2.7,0,-0.6
2008-12-24,499.0,4.0,1.7,0,0.4
2008-12-25,470.0,3.0,1.0,0,-0.1
2008-12-26,402.0,3.4,0.7,0,0.1
2008-12-27,348.0,4.5,0.3,0,0.0
2008-12-28,334.0,7.3,0.3,0,-0.6
2008-12-29,310.0,5.9,0.3,0,-0.5
2008-12-30,300.0,13.0,0.3,0,0.1
2008-12-31,475.0,8.6,2.7,0,0.0
2009-01-01,457.0,2.1,2.0,0,-0.7
2009-01-02,420.0,2.3,1.0,0,-0.3
2009-01-03,511.0,3.6,2.3,0,-0.4
2009-01-04,460.0,2.3,1.3,0,-0.4
2009-01-05,420.0,3.7,1.3,0,-0.3
2009-01-06,369.0,2.6,1.0,0,-1.3
2009-01-07,325.0,6.0,0.7,0,-0.8
2009-01-08,314.0,10.7,0.7,0,-0.4
2009-01-09,364.0,7.5,1.3,7,-0.1
2009-01-10,378.0,6.6,1.0,9,-0.8
2009-01-11,343.0,3.4,0.3,10,-0.8
2009-01-12,308.0,3.2,0.0,8,0.7
2009-01-13,316.0,7.7,1.0,0,0.0
2009-01-14,332.0,8.4,1.7,0,-1.7
2009-01-15,340.0,7.5,1.7,0,-1.2
2009-01-16,379.0,5.1,1.0,0,0.7
2009-01-17,349.0,3.3,0.7,0,-0.7
2009-01-18,350.0,4.9,0.7,0,0.3
2009-01-19,433.0,6.0,2.0,7,0.3
2009-01-20,435.0,3.6,1.0,0,-0.0
2009-01-21,410.0,4.8,0.7,0,0.0
2009-01-22,355.0,7.1,0.3,0,-0.1
2009-01-23,311.0,6.3,0.3,0,0.4
2009-01-24,302.0,7.6,0.3,0,0.0
2009-01-25,290.0,9.5,0.3,0,-0.2
2009-01-26,350.0,11.1,2.3,0,-0.2
2009-01-27,364.0,5.1,1.0,0,0.1
2009-01-28,356.0,3.9,0.3,0,1.6
2009-01-29,397.0,5.3,1.0,0,0.3
2009-01-30,371.0,5.0,1.0,0,0.6
2009-01-31,449.0,5.1,1.7,0,0.5
2009-02-01,430.0,1.8,0.7,0,-0.0
2009-02-02,360.0,2.6,0.3,0,0.1
2009-02-03,329.0,5.7,0.7,0,-0.7
2009-02-04,357.0,14.8,2.7,0,-1.3
2009-02-05,359.0,5.9,1.3,0,-0.6
2009-02-06,317.0,4.4,0.3,0,-0.3
2009-02-07,316.0,8.6,0.3,0,-0.5
2009-02-08,313.0,7.3,0.0,0,0.2
2009-02-09,311.0,6.2,0.3,0,-0.1
2009-02-10,294.0,10.9,0.3,0,-0.5
2009-02-11,308.0,9.0,0.7,7,0.0
2009-02-12,332.0,5.0,0.7,6,-0.4
2009-02-13,311.0,8.2,0.7,6,-0.3
2009-02-14,451.0,14.2,3.0,0,-0.8
2009-02-15,559.0,2.8,2.3,0,-1.1
2009-02-16,477.0,2.6,1.0,0,0.2
2009-02-17,409.0,2.9,0.3,0,0.1
2009-02-18,335.0,5.8,0.7,0,-0.9
2009-02-19,310.0,8.1,0.3,0,0.6
2009-02-20,329.0,10.7,1.0,0,0.1
2009-02-21,370.0,9.2,0.7,0,2.4
2009-02-22,431.0,4.7,1.0,0,1.8
2009-02-23,445.0,4.6,1.3,0,0.3
2009-02-24,433.0,3.7,1.7,7,0.2
2009-02-25,419.0,3.0,0.7,7,-0.1
2009-02-26,397.0,3.8,0.7,0,0.9
2009-02-27,560.0,5.4,2.3,0,1.2
2009-02-28,560.0,1.9,1.3,0,0.6
2009-03-01,439.0,3.2,0.7,0,0.7
2009-03-02,361.0,3.3,0.0,0,0.5
2009-03-03,348.0,11.7,2.0,0,1.0
2009-03-04,362.0,9.3,1.7,0,-1.2
2009-03-05,363.0,6.3,0.7,0,0.1
2009-03-06,361.0,5.4,0.3,7,0.6
2009-03-07,339.0,5.7,0.3,7,0.5
2009-03-08,398.0,6.7,2.0,0,-0.0
2009-03-09,378.0,2.6,0.3,0,0.3
2009-03-10,325.0,5.5,1.0,0,-0.1
2009-03-11,334.0,9.4,1.0,0,-0.5
2009-03-12,358.0,8.3,1.7,0,6.0
2009-03-13,495.0,6.2,3.0,0,-1.6
2009-03-14,548.0,2.3,2.3,0,-0.4
2009-03-15,503.0,2.6,2.0,0,0.5
2009-03-16,424.0,4.7,1.3,0,0.5
2009-03-17,381.0,5.3,1.0,0,-0.2
2009-03-18,345.0,7.8,0.3,0,-0.2
2009-03-19,309.0,10.3,1.0,0,-0.4
2009-03-20,329.0,7.5,1.0,0,1.7
2009-03-21,404.0,7.4,1.7,0,2.2
2009-03-22,417.0,3.1,1.0,0,1.9
2009-03-23,391.0,3.2,0.7,0,1.3
2009-03-24,417.0,5.1,2.0,0,-0.9
2009-03-25,480.0,2.7,2.0,0,-0.1
2009-03-26,457.0,3.0,1.7,6,-0.5
2009-03-27,420.0,3.6,1.0,0,0.3
2009-03-28,399.0,4.1,0.7,0,0.8
2009-03-29,420.0,4.3,1.0,0,1.4
2009-03-30,415.0,3.7,1.0,0,0.9
2009-03-31,386.0,3.9,0.7,0,0.4
2009-04-01,351.0,6.0,1.0,0,0.3
2009-04-02,329.0,6.8,0.3,0,-0.4
2009-04-03,295.0,9.1,0.3,0,0.1
2009-04-04,284.0,11.0,0.3,0,-0.2
2009-04-05,358.0,6.2,1.0,0,-0.0
2009-04-06,392.0,4.3,0.7,0,0.8
2009-04-07,357.0,4.7,0.7,0,0.2
2009-04-08,340.0,9.5,1.3,0,-0.5
2009-04-09,448.0,6.1,2.7,0,-0.5
2009-04-10,503.0,3.4,2.0,0,-0.3
2009-04-11,525.0,2.8,2.3,0,-0.7
2009-04-12,500.0,2.5,1.7,0,-0.5
2009-04-13,417.0,2.6,1.0,0,-0.7
2009-04-14,348.0,4.4,0.7,0,-1.3
2009-04-15,320.0,8.4,1.0,0,-0.5
2009-04-16,343.0,9.2,1.3,0,-0.4
2009-04-17,416.0,4.5,1.3,0,2.7
2009-04-18,491.0,3.6,2.0,0,0.5
2009-04-19,469.0,3.3,1.3,0,0.4
2009-04-20,445.0,3.5,1.0,0,0.6
2009-04-21,430.0,3.1,1.0,11,0.5
2009-04-22,394.0,2.9,1.0,0,0.7
2009-04-23,362.0,4.1,0.3,0,0.8
2009-04-24,386.0,8.4,1.7,0,1.4
2009-04-25,409.0,4.1,1.0,0,0.4
2009-04-26,385.0,4.9,0.7,0,0.5
2009-04-27,360.0,3.5,0.7,0,-0.2
2009-04-28,340.0,6.9,0.7,0,0.2
2009-04-29,328.0,6.0,0.7,13,-0.1
2009-04-30,323.0,5.2,0.7,13,-0.3
2009-05-01,312.0,5.6,0.7,0,-0.8
2009-05-02,310.0,9.9,1.0,0,0.2
2009-05-03,343.0,6.1,0.7,0,1.1
2009-05-04,362.0,4.2,0.7,7,0.1
2009-05-05,342.0,6.2,0.3,0,0.5
2009-05-06,378.0,6.3,1.7,0,-0.7
2009-05-07,451.0,5.0,1.7,0,-1.0
2009-05-08,489.0,4.0,2.3,0,-1.3
2009-05-09,483.0,2.8,1.3,0,-0.0
2009-05-10,411.0,2.8,1.0,0,-0.2
2009-05-11,394.0,2.8,1.0,0,-1.1
2009-05-12,344.0,3.3,0.3,0,-0.3
2009-05-13,312.0,8.0,0.7,7,0.8
2009-05-14,346.0,6.6,2.0,10,-0.4
2009-05-15,354.0,5.5,0.7,9,0.6
2009-05-16,362.0,5.3,1.0,8,0.5
2009-05-17,341.0,3.2,0.3,9,0.7
2009-05-18,307.0,7.7,0.7,8,-0.3
2009-05-19,292.0,6.4,0.7,7,-1.4
2009-05-20,298.0,12.7,1.3,0,1.8
2009-05-21,340.0,6.7,1.0,0,1.4
2009-05-22,363.0,4.5,1.3,8,0.2
2009-05-23,368.0,3.7,1.0,8,-0.4
2009-05-24,356.0,4.1,1.0,0,-0.3
2009-05-25,333.0,3.7,0.3,0,-0.0
2009-05-26,313.0,6.0,0.7,0,-0.0
2009-05-27,291.0,5.5,0.3,0,-0.7
2009-05-28,372.0,7.7,1.3,0,-0.6
2009-05-29,382.0,3.5,1.0,0,-1.0
2009-05-30,355.0,5.8,0.7,0,-0.9
2009-05-31,324.0,5.5,0.7,10,0.1
2009-06-01,316.0,4.1,0.3,24,0.7
2009-06-02,303.0,4.9,0.7,26,0.6
2009-06-03,304.0,10.5,1.0,24,0.5
2009-06-04,314.0,6.4,1.3,19,-2.4
2009-06-05,310.0,6.5,1.3,17,-2.2
2009-06-06,312.0,5.8,0.7,0,-0.8
2009-06-07,333.0,5.8,1.0,0,-0.2
2009-06-08,349.0,3.0,0.7,0,-0.4
2009-06-09,310.0,6.8,0.3,0,0.1
2009-06-10,345.0,6.6,0.7,0,0.2
2009-06-11,331.0,5.8,0.7,0,0.3
2009-06-12,293.0,6.5,0.3,0,0.3
2009-06-13,286.0,8.4,0.7,0,-0.4
2009-06-14,316.0,9.1,1.3,0,0.2
2009-06-15,308.0,7.0,0.7,0,0.0
2009-06-16,311.0,8.1,0.7,0,2.0
2009-06-17,300.0,5.6,0.3,15,0.8
2009-06-18,301.0,5.1,0.7,0,0.1
2009-06-19,315.0,6.4,0.3,0,1.1
2009-06-20,315.0,10.0,1.0,0,1.1
2009-06-21,332.0,8.9,1.3,15,-0.5
2009-06-22,300.0,5.8,0.3,17,0.3
2009-06-23,270.0,18.7,1.0,15,-0.3
2009-06-24,328.0,33.6,2.7,17,0.2
2009-06-25,473.0,4.5,1.7,0,-0.0
2009-06-26,429.0,2.4,0.7,0,-0.1
2009-06-27,398.0,4.9,1.0,0,1.5
2009-06-28,386.0,7.2,2.0,0,-0.6
2009-06-29,511.0,3.4,1.7,0,-0.4
2009-06-30,486.0,1.8,1.0,0,-0.1
2009-07-01,416.0,2.3,0.7,0,0.3
2009-07-02,373.0,2.1,0.3,0,0.1
2009-07-03,356.0,2.5,0.7,0,-0.4
2009-07-04,343.0,5.2,0.7,24,-1.1
2009-07-05,346.0,6.8,1.3,27,1.0
2009-07-06,341.0,5.0,0.7,24,-0.4
2009-07-07,339.0,7.3,1.0,19,0.0
2009-07-08,324.0,7.7,1.0,21,-2.5
2009-07-09,322.0,8.0,1.3,17,-0.2
2009-07-10,413.0,7.2,1.7,15,0.9
2009-07-11,435.0,2.8,0.7,0,0.2
2009-07-12,385.0,3.0,0.7,0,-0.3
2009-07-13,384.0,8.9,1.7,0,0.6
2009-07-14,520.0,3.0,1.7,0,-0.6
2009-07-15,460.0,2.9,1.0,0,-0.2
2009-07-16,385.0,2.3,0.3,0,-0.0
2009-07-17,339.0,3.1,0.0,0,0.3
2009-07-18,301.0,6.1,0.3,0,0.3
2009-07-19,289.0,6.2,0.3,0,0.2
2009-07-20,304.0,8.1,1.0,0,-0.1
2009-07-21,320.0,8.4,1.0,0,-0.8
2009-07-22,403.0,10.1,3.0,0,-2.9
2009-07-23,489.0,3.3,1.7,12,0.4
2009-07-24,548.0,2.3,1.3,0,1.0
2009-07-25,487.0,2.2,1.0,0,0.1
2009-07-26,414.0,1.7,0.3,0,0.9
2009-07-27,379.0,2.8,0.7,0,0.3
2009-07-28,395.0,2.9,0.7,0,0.1
2009-07-29,380.0,3.5,0.3,0,0.6
2009-07-30,352.0,6.6,0.7,12,1.9
2009-07-31,374.0,5.8,1.0,0,-0.3
2009-08-01,407.0,4.1,0.7,0,0.8
2009-08-02,362.0,5.1,0.7,0,0.5
2009-08-03,374.0,7.3,1.7,0,-0.5
2009-08-04,349.0,5.5,0.7,0,-0.6
2009-08-05,374.0,7.7,1.3,0,3.4
2009-08-06,454.0,8.3,2.3,0,1.4
2009-08-07,471.0,3.4,1.7,0,0.1
2009-08-08,472.0,3.1,0.7,0,1.4
2009-08-09,428.0,4.6,1.7,0,-0.5
2009-08-10,369.0,3.9,0.7,0,0.2
2009-08-11,345.0,7.2,0.7,0,-0.7
2009-08-12,355.0,6.5,1.0,0,-0.5
2009-08-13,339.0,6.1,1.0,0,-0.7
2009-08-14,317.0,5.7,0.3,0,-0.6
2009-08-15,293.0,5.6,0.3,0,-0.7
2009-08-16,273.0,6.7,0.3,0,-0.7
2009-08-17,288.0,11.7,0.3,0,0.4
2009-08-18,325.0,5.3,0.7,0,0.5
2009-08-19,352.0,8.5,1.7,0,-1.2
2009-08-20,485.0,4.1,2.3,0,1.6
2009-08-21,511.0,2.6,1.7,0,0.2
2009-08-22,503.0,2.7,1.0,0,1.0
2009-08-23,472.0,1.9,1.0,0,0.2
2009-08-24,383.0,2.7,0.3,0,0.3
2009-08-25,333.0,4.2,0.7,0,0.6
2009-08-26,357.0,3.0,0.7,0,0.1
2009-08-27,368.0,7.0,1.3,0,0.1
2009-08-28,358.0,2.7,0.3,0,0.4
2009-08-29,334.0,6.2,0.3,0,1.0
2009-08-30,412.0,9.0,3.0,0,-0.0
2009-08-31,432.0,3.9,1.3,0,0.5
2009-09-01,386.0,5.0,0.7,13,-0.0
2009-09-02,361.0,4.6,0.7,0,0.0
2009-09-03,352.0,7.2,1.3,0,0.3
2009-09-04,458.0,4.4,1.7,0,0.7
2009-09-05,420.0,2.3,0.7,0,0.4
2009-09-06,385.0,3.8,1.0,0,0.7
2009-09-07,353.0,4.0,0.7,0,0.2
2009-09-08,322.0,6.8,0.3,0,0.9
2009-09-09,304.0,7.0,0.3,0,1.0
2009-09-10,304.0,7.0,0.7,0,0.9
2009-09-11,299.0,5.6,0.7,0,-2.2
2009-09-12,301.0,6.3,0.3,0,-0.6
2009-09-13,304.0,14.3,1.3,0,-2.3
2009-09-14,378.0,6.2,1.3,0,0.9
2009-09-15,420.0,4.4,1.3,0,0.3
2009-09-16,455.0,3.6,1.3,0,1.3
2009-09-17,441.0,4.3,1.7,0,0.3
2009-09-18,407.0,3.3,0.7,0,0.7
2009-09-19,346.0,3.2,0.3,0,0.4
2009-09-20,330.0,9.7,1.0,0,0.9
2009-09-21,414.0,3.8,1.7,13,1.0
2009-09-22,404.0,2.2,0.7,22,-0.4
2009-09-23,341.0,1.5,0.0,33,0.4
2009-09-24,301.0,3.7,0.3,33,0.8
2009-09-25,289.0,6.5,0.3,28,1.2
2009-09-26,304.0,10.5,0.7,15,0.8
2009-09-27,333.0,13.9,1.7,12,-1.4
2009-09-28,325.0,13.4,1.7,17,-1.6
2009-09-29,319.0,5.9,0.3,15,0.1
2009-09-30,343.0,9.6,1.3,12,2.6
2009-10-01,340.0,3.9,0.3,11,0.5
2009-10-02,336.0,2.2,0.3,0,0.1
2009-10-03,325.0,4.5,0.3,0,1.0
2009-10-04,355.0,11.1,1.0,0,2.0
2009-10-05,381.0,3.0,0.7,0,0.2
2009-10-06,339.0,3.2,0.3,0,0.2
2009-10-07,290.0,6.0,0.3,0,0.1
2009-10-08,277.0,7.6,0.3,0,0.4
2009-10-09,291.0,5.8,0.3,0,-1.5
2009-10-10,265.0,6.0,0.0,0,-1.7
2009-10-11,374.0,15.1,1.7,13,1.5
2009-10-12,381.0,3.1,0.3,0,1.8
2009-10-13,350.0,4.4,0.7,0,0.1
2009-10-14,334.0,3.5,0.0,0,1.2
2009-10-15,367.0,8.1,1.3,0,0.9
2009-10-16,399.0,4.0,0.7,0,0.5
2009-10-17,329.0,3.4,0.0,0,1.0
2009-10-18,308.0,6.3,0.3,0,-0.3
2009-10-19,308.0,8.1,0.3,0,1.4
2009-10-20,293.0,5.1,0.0,0,1.0
2009-10-21,282.0,8.7,0.3,0,1.3
2009-10-22,341.0,13.6,2.7,0,-1.9
2009-10-23,383.0,7.2,2.0,18,-0.3
2009-10-24,386.0,9.7,1.7,26,0.1
2009-10-25,416.0,3.8,1.3,30,-0.8
2009-10-26,391.0,3.6,1.0,32,-0.7
2009-10-27,370.0,3.4,0.7,32,-0.3
2009-10-28,360.0,4.0,0.7,32,-1.1
2009-10-29,363.0,7.5,1.3,26,3.2
2009-10-30,361.0,7.0,2.0,18,-2.3
2009-10-31,334.0,6.4,0.3,0,-1.1
2009-11-01,347.0,9.3,0.7,0,2.2
2009-11-02,331.0,9.2,0.7,0,1.9
2009-11-03,322.0,2.7,0.0,0,0.3
2009-11-04,288.0,6.2,0.0,0,0.8
2009-11-05,299.0,9.1,0.0,12,1.6
2009-11-06,287.0,6.0,0.0,13,2.3
2009-11-07,266.0,7.9,0.0,0,0.9
2009-11-08,343.0,12.1,1.7,0,-1.0
2009-11-09,387.0,6.4,1.0,13,0.5
2009-11-10,353.0,5.3,0.3,12,0.7
2009-11-11,312.0,5.5,0.0,12,0.3
2009-11-12,285.0,6.1,0.0,0,-0.2
2009-11-13,285.0,7.5,0.3,12,0.4
2009-11-14,320.0,11.6,1.3,13,-1.0
2009-11-15,346.0,6.1,1.3,12,-0.6
2009-11-16,333.0,4.0,0.0,13,-0.1
2009-11-17,320.0,2.7,0.3,0,0.5
2009-11-18,303.0,9.4,0.3,12,-0.2
2009-11-19,335.0,8.0,0.3,29,-0.4
2009-11-20,378.0,4.4,0.7,25,1.7
2009-11-21,491.0,4.5,2.0,15,0.1
2009-11-22,508.0,2.2,1.3,13,0.4
2009-11-23,412.0,2.3,0.0,0,0.3
2009-11-24,387.0,7.1,1.7,0,-0.6
2009-11-25,434.0,2.5,1.3,0,-1.4
2009-11-26,399.0,4.5,1.3,0,-2.0
2009-11-27,349.0,4.4,0.3,0,0.7
2009-11-28,342.0,5.8,0.3,0,0.1
2009-11-29,330.0,3.9,0.0,0,0.7
2009-11-30,294.0,3.3,0.0,0,-0.7
2009-12-01,266.0,6.2,0.0,0,-0.1
2009-12-02,274.0,9.5,0.3,0,0.5
2009-12-03,256.0,6.0,0.0,0,-0.5
2009-12-04,256.0,8.7,0.0,0,0.1
2009-12-05,274.0,16.8,1.0,0,-0.4
2009-12-06,386.0,5.9,0.7,0,0.7
2009-12-07,342.0,9.2,0.7,0,-0.2
2009-12-08,312.0,7.0,0.0,0,1.0
2009-12-09,299.0,6.8,0.0,11,0.7
2009-12-10,281.0,7.6,0.3,12,-0.0
2009-12-11,268.0,6.4,0.0,12,0.9
2009-12-12,278.0,10.2,0.7,12,2.1
2009-12-13,270.0,13.0,0.7,14,-1.2
2009-12-14,271.0,11.3,1.3,30,0.9
2009-12-15,286.0,9.5,0.3,36,1.1
2009-12-16,310.0,9.3,1.3,33,-0.7
2009-12-17,357.0,6.3,0.7,26,0.9
2009-12-18,409.0,4.1,0.7,23,1.7
2009-12-19,406.0,2.7,0.3,24,0.2
2009-12-20,368.0,3.7,0.3,44,-0.1
2009-12-21,332.0,6.5,0.7,46,0.7
2009-12-22,342.0,5.8,0.7,33,-0.2
2009-12-23,345.0,9.1,0.7,26,-0.1
2009-12-24,387.0,3.6,0.3,20,0.3
2009-12-25,325.0,9.3,1.0,0,0.0
2009-12-26,389.0,4.0,1.0,14,-0.0
2009-12-27,371.0,3.3,0.7,15,0.1
2009-12-28,339.0,3.0,0.3,18,0.0
2009-12-29,312.0,3.2,0.0,18,-0.2
2009-12-30,278.0,5.6,0.0,18,0.0
2009-12-31,279.0,7.8,0.0,21,0.1
2010-01-01,288.0,6.0,0.0,18,1.2
2010-01-02,290.0,7.9,0.3,21,4.3
2010-01-03,286.0,11.2,1.0,16,-1.4
2010-01-04,288.0,7.6,0.3,15,0.8
2010-01-05,293.0,6.3,0.3,10,-0.1
2010-01-06,321.0,3.8,0.3,0,0.3
2010-01-07,293.0,5.5,0.0,0,0.4
2010-01-08,292.0,4.5,0.3,15,-0.1
2010-01-09,296.0,7.3,0.3,15,0.3
2010-01-10,296.0,14.0,0.7,22,0.3
2010-01-11,384.0,13.0,1.7,37,-0.6
2010-01-12,460.0,3.7,1.0,35,0.2
2010-01-13,458.0,4.1,1.7,31,-0.8
2010-01-14,479.0,1.8,1.0,26,-0.6
2010-01-15,415.0,3.3,1.0,26,0.2
2010-01-16,402.0,2.8,0.3,23,0.7
2010-01-17,339.0,4.8,0.0,18,0.4
2010-01-18,336.0,8.1,0.7,13,-0.1
2010-01-19,329.0,6.8,0.3,0,0.8
2010-01-20,378.0,12.6,2.0,13,-1.2
2010-01-21,462.0,2.1,1.3,18,0.3
2010-01-22,412.0,2.4,0.7,31,0.6
2010-01-23,356.0,5.9,1.3,38,-1.0
2010-01-24,353.0,5.1,1.0,38,-2.4
2010-01-25,361.0,3.5,0.7,34,0.3
2010-01-26,358.0,4.2,0.7,25,0.3
2010-01-27,341.0,5.9,0.3,13,0.5
2010-01-28,345.0,5.6,0.7,12,-0.1
2010-01-29,331.0,3.3,0.3,12,0.9
2010-01-30,358.0,6.4,1.3,12,0.1
2010-01-31,411.0,3.3,1.0,16,-0.2
2010-02-01,403.0,4.4,2.0,17,-0.6
2010-02-02,471.0,3.5,2.0,14,-1.1
2010-02-03,524.0,2.5,2.3,14,-0.2
2010-02-04,421.0,2.5,0.7,12,0.2
2010-02-05,361.0,3.9,0.3,12,-0.4
2010-02-06,350.0,6.6,1.0,36,-0.9
2010-02-07,360.0,4.8,0.7,38,0.5
2010-02-08,360.0,7.0,1.0,59,3.2
2010-02-09,333.0,4.8,0.7,56,-0.1
2010-02-10,314.0,4.3,0.7,50,-1.3
2010-02-11,358.0,7.7,1.3,44,1.3
2010-02-12,337.0,2.9,1.3,41,-2.2
2010-02-13,318.0,3.6,1.0,43,-1.1
2010-02-14,310.0,3.9,1.0,33,-0.9
2010-02-15,308.0,7.9,2.7,30,-6.1
2010-02-16,321.0,7.3,2.0,30,-1.3
2010-02-17,344.0,6.1,1.3,43,-0.4
2010-02-18,410.0,5.2,1.0,23,2.7
2010-02-19,472.0,2.0,1.0,20,2.4
2010-02-20,420.0,3.4,0.3,20,3.6
2010-02-21,369.0,3.0,0.3,17,2.4
2010-02-22,358.0,5.5,1.3,17,-0.9
2010-02-23,348.0,4.3,0.7,15,0.3
2010-02-24,351.0,5.2,0.7,30,-0.7
2010-02-25,354.0,4.0,0.7,29,0.4
2010-02-26,367.0,3.1,0.3,27,0.9
2010-02-27,312.0,5.6,0.3,14,0.7
2010-02-28,325.0,9.7,0.7,14,1.4
2010-03-01,350.0,12.9,1.3,23,1.4
2010-03-02,376.0,6.5,1.0,37,-0.0
2010-03-03,414.0,6.0,2.0,36,-0.8
2010-03-04,426.0,4.5,1.7,39,-0.2
2010-03-05,408.0,3.5,0.7,28,-0.3
2010-03-06,365.0,4.8,0.7,0,-0.4
2010-03-07,396.0,5.3,1.0,12,1.3
2010-03-08,340.0,4.8,0.7,17,-0.7
2010-03-09,365.0,4.7,0.7,0,1.7
2010-03-10,396.0,5.3,2.0,0,-0.9
2010-03-11,475.0,3.2,2.0,34,-0.5
2010-03-12,520.0,1.5,2.0,36,-1.1
2010-03-13,429.0,2.0,0.7,31,-0.5
2010-03-14,417.0,3.1,1.3,33,-1.8
2010-03-15,354.0,5.7,0.7,27,0.9
2010-03-16,376.0,4.7,1.0,23,0.7
2010-03-17,469.0,4.0,1.3,28,1.4
2010-03-18,416.0,4.3,1.3,30,1.5
2010-03-19,376.0,4.3,0.7,22,0.6
2010-03-20,405.0,5.3,1.7,14,0.3
2010-03-21,377.0,2.8,0.3,22,0.4
2010-03-22,319.0,3.7,0.0,17,0.8
2010-03-23,293.0,5.0,0.3,14,0.2
2010-03-24,295.0,9.7,0.7,17,-0.2
2010-03-25,335.0,13.3,1.3,23,1.5
2010-03-26,389.0,5.2,1.0,22,1.1
2010-03-27,386.0,6.2,0.7,34,3.7
2010-03-28,414.0,3.5,1.3,31,-0.3
2010-03-29,379.0,7.2,1.0,33,-0.4
2010-03-30,378.0,3.7,1.7,33,-0.9
2010-03-31,395.0,5.5,1.3,27,-2.3
2010-04-01,402.0,5.4,2.7,22,-0.8
2010-04-02,469.0,5.1,2.7,22,-1.5
2010-04-03,511.0,4.2,2.0,24,-0.1
2010-04-04,494.0,4.0,2.7,33,-1.1
2010-04-05,654.0,5.8,4.7,34,-0.3
2010-04-06,577.0,1.8,4.7,25,-5.5
2010-04-07,601.0,2.2,3.7,21,-0.8
2010-04-08,591.0,1.9,2.3,29,-0.4
2010-04-09,466.0,2.2,1.3,9,-0.9
2010-04-10,408.0,3.3,0.7,10,1.0
2010-04-11,397.0,6.4,2.0,10,-1.6
2010-04-12,409.0,10.1,2.7,10,1.0
2010-04-13,387.0,3.4,0.7,9,1.1
2010-04-14,407.0,7.8,1.7,0,0.8
2010-04-15,486.0,3.8,1.7,0,2.0
2010-04-16,452.0,3.4,0.7,0,1.9
2010-04-17,390.0,3.1,0.7,0,1.0
2010-04-18,359.0,4.2,0.7,0,0.6
2010-04-19,361.0,6.9,1.3,0,-0.6
2010-04-20,335.0,8.2,1.0,0,-1.2
2010-04-21,373.0,7.2,1.7,9,0.2
2010-04-22,410.0,5.4,1.3,9,0.7
2010-04-23,433.0,6.3,2.0,0,-0.4
2010-04-24,392.0,3.5,1.3,0,-0.0
2010-04-25,367.0,4.4,0.7,16,0.6
2010-04-26,339.0,7.6,0.3,0,1.1
2010-04-27,357.0,6.2,1.0,0,0.6
2010-04-28,332.0,6.0,0.7,10,0.5
2010-04-29,369.0,5.3,1.3,0,0.9
2010-04-30,380.0,3.2,0.7,9,-0.9
2010-05-01,358.0,5.0,0.7,13,-0.9
2010-05-02,468.0,14.6,3.7,21,-0.4
2010-05-03,671.0,2.9,3.7,40,-0.9
2010-05-04,636.0,1.6,2.3,51,-0.6
2010-05-05,571.0,1.7,1.7,47,0.0
2010-05-06,534.0,2.8,2.0,19,-0.4
2010-05-07,504.0,3.2,2.0,16,-1.1
2010-05-08,471.0,2.3,1.3,16,-0.9
2010-05-09,403.0,2.0,0.3,0,-0.0
2010-05-10,348.0,7.2,1.0,0,0.6
2010-05-11,383.0,7.8,1.7,0,0.6
2010-05-12,460.0,9.1,1.3,0,0.8
2010-05-13,420.0,4.0,0.7,0,0.8
2010-05-14,361.0,2.9,0.7,0,1.3
2010-05-15,364.0,2.0,0.7,0,-0.6
2010-05-16,332.0,4.2,0.7,0,-0.4
2010-05-17,357.0,8.7,1.3,0,-1.3
2010-05-18,355.0,7.0,1.3,0,-0.9
2010-05-19,410.0,14.0,1.7,0,4.5
2010-05-20,472.0,5.0,2.3,0,0.7
2010-05-21,443.0,2.5,1.0,14,0.3
2010-05-22,391.0,3.9,0.7,21,1.0
2010-05-23,363.0,2.8,0.0,22,0.7
2010-05-24,323.0,5.0,0.3,19,0.8
2010-05-25,306.0,11.1,1.3,24,-1.2
2010-05-26,326.0,9.7,1.3,16,0.3
2010-05-27,337.0,4.7,0.3,13,0.7
2010-05-28,363.0,15.4,2.3,13,1.0
2010-05-29,350.0,7.9,4.0,19,-8.5
2010-05-30,432.0,7.3,3.3,29,-2.1
2010-05-31,554.0,3.1,3.0,18,-1.7
2010-06-01,546.0,1.8,2.3,15,-0.8
2010-06-02,469.0,1.7,1.7,18,-0.2
2010-06-03,491.0,4.5,2.3,21,-0.9
2010-06-04,558.0,2.6,2.3,28,-0.3
2010-06-05,483.0,2.7,1.3,26,0.1
2010-06-06,450.0,3.9,1.3,12,-0.6
2010-06-07,402.0,5.5,1.3,18,-0.8
2010-06-08,396.0,4.4,0.7,14,0.5
2010-06-09,340.0,9.6,1.0,29,0.3
2010-06-10,424.0,6.2,1.3,39,1.2
2010-06-11,411.0,3.0,1.0,46,-0.3
2010-06-12,348.0,4.0,0.3,46,0.1
2010-06-13,399.0,6.4,1.3,25,0.2
2010-06-14,373.0,4.9,1.0,14,-0.4
2010-06-15,414.0,12.1,2.0,0,0.0
2010-06-16,538.0,5.0,3.3,0,-1.1
2010-06-17,522.0,2.6,2.0,12,0.1
2010-06-18,523.0,2.7,1.3,12,0.9
2010-06-19,431.0,3.1,0.7,26,0.4
2010-06-20,378.0,3.6,0.7,18,0.2
2010-06-21,382.0,4.7,1.0,14,2.7
2010-06-22,339.0,7.6,1.0,15,0.4
2010-06-23,312.0,5.0,0.7,14,-1.3
2010-06-24,328.0,10.2,1.0,12,0.5
2010-06-25,365.0,12.5,1.7,17,-0.7
2010-06-26,421.0,7.6,2.7,18,-0.2
2010-06-27,504.0,5.4,2.7,11,-0.9
2010-06-28,520.0,2.7,1.7,11,0.2
2010-06-29,513.0,3.1,2.3,22,-0.3
2010-06-30,647.0,2.4,3.0,11,-0.3
2010-07-01,627.0,2.0,2.3,13,-0.7
2010-07-02,602.0,1.9,2.0,13,-0.0
2010-07-03,586.0,1.9,1.7,13,0.2
2010-07-04,560.0,1.6,1.0,14,0.5
2010-07-05,466.0,2.3,0.7,27,-0.0
2010-07-06,385.0,2.2,0.3,25,-0.2
2010-07-07,336.0,3.3,0.3,13,0.1
2010-07-08,322.0,5.8,0.3,13,-0.7
2010-07-09,333.0,4.4,1.0,17,-1.8
2010-07-10,296.0,3.3,0.3,22,0.5
2010-07-11,272.0,13.6,1.0,36,0.2
2010-07-12,311.0,6.2,0.7,34,0.8
2010-07-13,318.0,5.8,0.3,30,0.4
2010-07-14,340.0,13.5,2.0,17,-0.0
2010-07-15,431.0,4.0,1.7,25,-1.8
2010-07-16,396.0,3.7,0.7,16,0.1
2010-07-17,345.0,4.0,0.3,14,0.5
2010-07-18,306.0,5.0,0.3,14,-0.5
2010-07-19,297.0,7.4,0.7,14,2.1
2010-07-20,298.0,10.6,1.3,30,1.1
2010-07-21,326.0,5.3,1.0,31,0.2
2010-07-22,345.0,3.7,1.0,36,-1.4
2010-07-23,377.0,10.8,1.7,44,2.4
2010-07-24,371.0,7.9,1.0,47,3.3
2010-07-25,402.0,6.2,1.3,39,-0.0
2010-07-26,434.0,5.0,1.3,33,-0.2
2010-07-27,557.0,4.7,3.3,19,0.3
2010-07-28,650.0,2.9,2.7,34,0.2
2010-07-29,606.0,2.0,1.7,38,0.4
2010-07-30,586.0,2.2,1.7,31,0.7
2010-07-31,560.0,1.6,1.3,30,0.6
2010-08-01,493.0,1.3,1.0,24,0.3
2010-08-02,453.0,2.8,1.3,24,-0.4
2010-08-03,462.0,5.1,3.0,14,-1.3
2010-08-04,554.0,8.3,4.7,32,-0.7
2010-08-05,504.0,2.2,1.7,51,0.4
2010-08-06,475.0,2.4,1.3,51,-0.2
2010-08-07,405.0,3.9,1.0,48,0.2
2010-08-08,378.0,2.6,0.7,38,2.8
2010-08-09,414.0,2.9,2.3,55,-0.6
2010-08-10,433.0,3.3,1.7,58,-0.3
2010-08-11,448.0,5.1,1.7,67,-1.2
2010-08-12,350.0,6.7,1.0,50,-0.8
2010-08-13,375.0,3.5,0.7,41,-0.1
2010-08-14,407.0,2.1,0.7,33,0.4
2010-08-15,384.0,6.3,1.3,38,0.4
2010-08-16,375.0,4.2,1.3,51,-1.9
2010-08-17,375.0,4.1,1.0,26,-0.6
2010-08-18,364.0,4.7,1.0,23,0.1
2010-08-19,330.0,3.6,0.7,15,-1.0
2010-08-20,311.0,8.0,0.3,12,-0.1
2010-08-21,297.0,10.0,0.3,0,0.0
2010-08-22,282.0,7.3,0.3,0,1.5
2010-08-23,302.0,21.4,1.0,0,2.1
2010-08-24,587.0,5.0,3.3,12,1.6
2010-08-25,663.0,2.3,3.0,23,-0.2
2010-08-26,652.0,2.0,2.3,23,0.4
2010-08-27,659.0,2.2,2.7,12,0.3
2010-08-28,616.0,1.4,2.0,12,0.4
2010-08-29,488.0,1.4,0.3,27,0.9
2010-08-30,405.0,1.8,0.3,29,1.4
2010-08-31,345.0,3.2,0.7,30,1.7
2010-09-01,339.0,4.6,1.0,30,1.7
2010-09-02,403.0,4.4,1.7,58,0.2
2010-09-03,416.0,1.7,0.3,49,0.8
2010-09-04,364.0,2.2,0.3,58,0.4
2010-09-05,330.0,4.9,0.7,43,-0.2
2010-09-06,374.0,5.1,2.0,29,-1.1
2010-09-07,422.0,3.8,2.3,14,-1.2
2010-09-08,420.0,4.0,2.3,0,-0.9
2010-09-09,379.0,3.0,1.3,0,1.4
2010-09-10,432.0,1.8,0.3,16,1.6
2010-09-11,367.0,2.3,0.0,12,1.1
2010-09-12,319.0,2.8,0.3,13,0.8
2010-09-13,306.0,6.1,0.3,26,-0.0
2010-09-14,337.0,7.0,2.0,27,-1.7
2010-09-15,367.0,6.1,1.3,27,1.7
2010-09-16,406.0,6.3,1.3,43,3.9
2010-09-17,473.0,3.3,2.0,53,0.4
2010-09-18,427.0,2.7,1.0,51,0.5
2010-09-19,350.0,7.5,0.7,49,-0.3
2010-09-20,332.0,7.9,1.0,39,0.2
2010-09-21,414.0,3.9,1.0,38,1.8
2010-09-22,341.0,2.4,0.3,36,1.9
2010-09-23,375.0,9.1,1.7,39,3.5
2010-09-24,510.0,4.8,3.0,39,-0.6
2010-09-25,562.0,1.8,1.7,39,0.2
2010-09-26,456.0,2.6,1.7,49,-0.2
2010-09-27,475.0,2.5,1.7,56,1.1
2010-09-28,517.0,2.3,2.3,55,1.1
2010-09-29,484.0,1.7,1.0,55,0.5
2010-09-30,412.0,2.3,0.3,48,1.1
2010-10-01,367.0,3.6,0.3,36,0.6
2010-10-02,337.0,3.2,0.0,27,0.9
2010-10-03,307.0,4.5,0.3,29,0.2
2010-10-04,291.0,9.0,0.3,21,-0.4
2010-10-05,306.0,10.2,1.3,13,-2.0
2010-10-06,334.0,7.3,1.3,0,-1.6
2010-10-07,314.0,8.1,0.7,0,-1.6
2010-10-08,338.0,6.1,1.0,0,0.2
2010-10-09,349.0,4.7,1.0,13,0.0
2010-10-10,329.0,9.0,0.7,13,-0.5
2010-10-11,350.0,18.3,3.3,13,-2.4
2010-10-12,407.0,4.2,2.3,13,-2.1
2010-10-13,360.0,8.8,1.0,23,-0.3
2010-10-14,306.0,12.2,0.3,37,0.9
2010-10-15,311.0,15.1,1.3,41,1.0
2010-10-16,341.0,8.0,1.7,49,-0.9
2010-10-17,378.0,5.7,2.3,57,-2.0
2010-10-18,378.0,5.6,1.3,60,-0.1
2010-10-19,414.0,7.4,1.7,63,1.2
2010-10-20,430.0,3.0,1.0,51,0.6
2010-10-21,380.0,4.0,0.7,36,1.5
2010-10-22,414.0,6.6,1.3,36,1.0
2010-10-23,614.0,4.6,4.0,44,0.3
2010-10-24,646.0,2.2,3.3,60,-0.2
2010-10-25,615.0,1.8,1.7,67,1.4
2010-10-26,600.0,1.9,2.0,63,0.5
2010-10-27,527.0,2.0,1.0,41,1.2
2010-10-28,439.0,2.0,0.7,31,0.7
2010-10-29,386.0,2.6,0.7,39,0.2
2010-10-30,369.0,7.1,0.3,33,1.3
2010-10-31,361.0,10.5,1.0,34,4.4
2010-11-01,330.0,7.8,0.7,21,4.5
2010-11-02,326.0,9.4,0.7,18,-0.1
2010-11-03,329.0,6.1,1.3,18,-2.0
2010-11-04,312.0,10.4,0.7,14,-0.7
2010-11-05,320.0,11.3,0.7,27,-0.5
2010-11-06,303.0,9.4,0.3,35,0.1
2010-11-07,293.0,8.9,0.3,37,0.1
2010-11-08,311.0,15.3,1.0,37,-0.7
2010-11-09,319.0,3.7,0.3,30,-1.1
2010-11-10,293.0,9.7,0.7,48,-1.0
2010-11-11,402.0,8.7,3.0,51,-0.7
2010-11-12,497.0,3.9,3.0,48,-1.4
2010-11-13,464.0,2.7,1.7,69,1.0
2010-11-14,523.0,3.1,1.7,61,0.9
2010-11-15,613.0,1.4,2.0,61,1.2
2010-11-16,536.0,1.9,1.7,59,0.7
2010-11-17,477.0,2.5,1.0,56,0.4
2010-11-18,501.0,4.3,1.3,46,0.8
2010-11-19,438.0,3.6,0.7,42,1.1
2010-11-20,398.0,6.0,0.7,32,1.5
2010-11-21,397.0,4.8,1.0,27,-0.1
2010-11-22,406.0,7.2,1.7,24,0.5
2010-11-23,468.0,4.1,2.3,26,0.4
2010-11-24,450.0,3.9,1.7,13,0.0
2010-11-25,444.0,2.9,1.0,24,0.5
2010-11-26,369.0,3.0,0.3,14,-0.1
2010-11-27,361.0,9.8,1.7,13,0.6
2010-11-28,441.0,9.4,2.0,27,1.9
2010-11-29,402.0,4.1,1.0,29,-0.5
2010-11-30,364.0,5.0,1.0,24,-0.6
2010-12-01,342.0,6.9,0.7,32,0.4
2010-12-02,320.0,7.2,0.7,36,-0.6
2010-12-03,300.0,12.2,0.3,41,0.3
2010-12-04,295.0,10.2,0.3,53,-0.3
2010-12-05,285.0,8.6,0.3,44,-0.1
2010-12-06,298.0,15.1,0.7,29,0.2
2010-12-07,355.0,10.8,1.3,31,-0.5
2010-12-08,373.0,6.5,1.7,31,-0.6
2010-12-09,359.0,4.9,0.3,29,0.0
2010-12-10,338.0,6.3,0.0,36,0.9
2010-12-11,345.0,6.1,0.3,27,0.6
2010-12-12,341.0,12.1,1.0,27,1.3
2010-12-13,453.0,4.9,2.0,47,-0.1
2010-12-14,612.0,3.8,3.0,27,-0.6
2010-12-15,571.0,2.2,2.0,14,-0.0
2010-12-16,506.0,2.2,1.7,24,0.6
2010-12-17,472.0,3.9,1.0,12,0.8
2010-12-18,414.0,4.7,1.0,0,0.3
2010-12-19,378.0,4.7,0.7,0,0.1
2010-12-20,386.0,7.6,2.3,0,-2.1
2010-12-21,376.0,3.5,0.7,0,-0.6
2010-12-22,321.0,4.6,0.0,17,-0.0
2010-12-23,312.0,7.3,0.3,17,0.7
2010-12-24,319.0,6.9,0.7,14,-0.8
2010-12-25,347.0,9.1,1.3,25,-0.0
2010-12-26,390.0,3.2,0.7,34,0.6
2010-12-27,353.0,3.6,0.3,17,-0.0
2010-12-28,346.0,13.1,1.7,22,-0.2
2010-12-29,380.0,3.7,1.0,19,-0.3
2010-12-30,336.0,8.6,1.0,14,-0.3
2010-12-31,338.0,5.0,1.0,42,-1.4
2011-01-01,328.0,6.2,1.0,48,-1.3
2011-01-02,339.0,10.0,1.0,48,0.5
2011-01-03,345.0,10.6,1.3,47,0.1
2011-01-04,411.0,5.5,1.3,48,-0.7
2011-01-05,362.0,4.9,0.7,36,-0.3
2011-01-06,350.0,11.6,1.3,28,-0.6
2011-01-07,548.0,3.6,2.7,35,-0.8
2011-01-08,624.0,2.5,2.0,25,0.2
2011-01-09,581.0,2.2,1.7,32,-0.1
2011-01-10,548.0,2.4,1.7,26,-0.3
2011-01-11,482.0,3.1,1.7,25,-0.6
2011-01-12,493.0,4.5,1.7,22,-0.6
2011-01-13,460.0,5.2,2.0,13,0.2
2011-01-14,522.0,2.6,2.3,0,-0.2
2011-01-15,486.0,2.6,1.3,12,-0.4
2011-01-16,448.0,5.2,1.3,20,0.5
2011-01-17,490.0,3.0,1.7,28,-0.0
2011-01-18,431.0,4.7,1.3,32,0.2
2011-01-19,497.0,4.7,2.0,26,-0.3
2011-01-20,436.0,2.9,1.3,29,-0.0
2011-01-21,397.0,4.3,0.7,33,0.3
2011-01-22,391.0,4.1,1.0,32,0.6
2011-01-23,352.0,3.6,0.3,33,-0.6
2011-01-24,366.0,7.7,1.3,29,0.2
2011-01-25,329.0,7.3,1.3,28,-2.7
2011-01-26,310.0,8.4,1.0,25,-1.1
2011-01-27,297.0,6.5,0.7,20,-0.1
2011-01-28,304.0,11.2,1.3,13,-1.2
2011-01-29,293.0,12.6,1.0,15,-1.1
2011-01-30,282.0,6.1,0.3,19,1.8
2011-01-31,277.0,25.2,1.0,20,1.0
2011-02-01,414.0,8.7,2.3,24,0.4
2011-02-02,441.0,3.7,1.7,21,-0.3
2011-02-03,344.0,2.2,0.3,29,-0.5
2011-02-04,399.0,12.3,3.0,36,-1.2
2011-02-05,601.0,3.1,3.0,26,-1.0
2011-02-06,543.0,2.0,2.7,18,-1.7
2011-02-07,464.0,1.6,1.0,15,-0.3
2011-02-08,425.0,3.2,1.3,64,-0.5
2011-02-09,365.0,2.7,0.3,51,-0.5
2011-02-10,377.0,4.1,1.0,34,-0.3
2011-02-11,368.0,5.6,1.3,57,-0.2
2011-02-12,401.0,4.8,1.0,60,-0.6
2011-02-13,350.0,8.0,0.3,78,0.2
2011-02-14,334.0,15.2,1.7,87,-0.1
2011-02-15,452.0,4.8,1.7,83,2.1
2011-02-16,427.0,2.3,0.7,78,0.2
2011-02-17,363.0,4.4,0.7,65,0.3
2011-02-18,526.0,8.6,3.3,85,4.1
2011-02-19,474.0,1.2,1.7,82,-2.4
2011-02-20,428.0,2.0,2.0,69,-1.8
2011-02-21,394.0,3.1,2.0,47,-1.9
2011-02-22,414.0,3.0,0.7,38,1.0
2011-02-23,364.0,2.6,0.7,31,-0.4
2011-02-24,350.0,4.7,0.3,24,1.0
2011-02-25,345.0,5.5,0.7,13,1.2
2011-02-26,316.0,5.3,0.7,42,-1.1
2011-02-27,305.0,3.8,0.3,44,0.1
2011-02-28,309.0,13.8,0.7,51,0.5
2011-03-01,415.0,18.1,3.7,62,-2.5
2011-03-02,650.0,2.7,3.3,56,-0.6
2011-03-03,613.0,3.3,3.0,73,-0.3
2011-03-04,573.0,2.2,2.7,99,-0.9
2011-03-05,506.0,2.5,1.7,116,0.2
2011-03-06,498.0,4.0,1.3,130,1.9
2011-03-07,413.0,5.7,2.3,138,-0.7
2011-03-08,367.0,2.7,1.3,141,-2.1
2011-03-09,319.0,7.8,1.3,113,-1.4
2011-03-10,333.0,10.3,3.3,83,-4.9
2011-03-11,406.0,8.9,4.3,83,-5.8
2011-03-12,528.0,3.4,2.7,83,0.6
2011-03-13,555.0,3.9,1.7,93,1.7
2011-03-14,561.0,2.5,0.7,61,3.5
2011-03-15,474.0,1.9,0.3,48,4.1
2011-03-16,375.0,3.3,0.3,38,3.5
2011-03-17,398.0,3.7,1.0,38,3.3
2011-03-18,368.0,3.4,0.7,28,1.3
2011-03-19,346.0,6.1,1.0,32,0.1
2011-03-20,351.0,5.5,1.3,30,-1.5
2011-03-21,343.0,5.9,1.0,24,-1.2
2011-03-22,351.0,13.5,1.7,45,2.0
2011-03-23,477.0,5.2,2.7,42,0.7
2011-03-24,461.0,3.6,1.0,55,3.0
2011-03-25,435.0,3.5,0.7,97,1.7
2011-03-26,382.0,1.7,0.3,101,1.7
2011-03-27,338.0,2.4,0.3,118,0.4
2011-03-28,351.0,5.9,0.7,124,0.8
2011-03-29,348.0,10.2,0.7,104,1.6
2011-03-30,361.0,4.4,1.0,96,10.2
2011-03-31,324.0,2.2,0.7,87,-0.4
2011-04-01,380.0,4.8,2.3,67,-1.0
2011-04-02,542.0,2.9,3.3,63,-1.3
2011-04-03,598.0,1.5,3.0,60,-1.6
2011-04-04,529.0,0.9,1.7,67,-0.6
2011-04-05,485.0,2.6,1.3,56,0.8
2011-04-06,530.0,5.9,3.7,57,-1.1
2011-04-07,514.0,2.8,1.0,81,0.8
2011-04-08,430.0,5.7,2.0,84,-0.3
2011-04-09,429.0,2.6,1.3,78,-1.8
2011-04-10,365.0,3.6,0.7,56,-1.1
2011-04-11,366.0,19.1,1.7,67,1.8
2011-04-12,535.0,5.4,3.3,92,0.5
2011-04-13,526.0,1.9,2.3,111,0.6
2011-04-14,446.0,2.0,1.0,123,0.7
2011-04-15,387.0,5.5,1.0,127,0.4
2011-04-16,347.0,9.6,0.7,92,0.4
2011-04-17,323.0,9.5,0.7,71,-0.4
2011-04-18,359.0,12.0,2.0,71,0.4
2011-04-19,387.0,5.7,1.0,71,1.5
2011-04-20,492.0,5.9,2.7,73,1.7
2011-04-21,453.0,4.2,1.0,80,1.6
2011-04-22,422.0,2.9,1.3,87,0.0
2011-04-23,390.0,4.1,0.7,78,0.9
2011-04-24,426.0,3.0,1.3,64,1.1
2011-04-25,482.0,1.5,1.0,56,0.4
2011-04-26,400.0,1.5,0.3,74,0.4
2011-04-27,361.0,2.1,0.3,73,0.3
2011-04-28,336.0,5.8,0.7,62,-0.2
2011-04-29,378.0,5.6,2.0,62,-1.1
2011-04-30,624.0,3.9,4.0,80,-0.7
2011-05-01,624.0,2.5,3.0,70,-0.9
2011-05-02,677.0,1.7,3.3,55,-1.3
2011-05-03,604.0,2.2,2.7,71,-0.4
2011-05-04,506.0,2.1,1.3,76,-0.4
2011-05-05,410.0,2.6,1.7,76,-0.5
2011-05-06,374.0,2.4,0.7,45,0.1
2011-05-07,352.0,4.2,1.3,43,-1.0
2011-05-08,307.0,5.2,0.3,63,-0.9
2011-05-09,316.0,9.2,0.7,84,0.7
2011-05-10,351.0,14.6,2.3,90,-0.9
2011-05-11,372.0,6.3,1.3,66,-1.0
2011-05-12,331.0,4.4,0.3,46,0.1
2011-05-13,349.0,8.5,0.7,36,1.3
2011-05-14,326.0,11.7,0.7,52,1.3
2011-05-15,462.0,8.1,2.3,57,2.9
2011-05-16,507.0,4.5,2.7,57,0.7
2011-05-17,564.0,3.3,2.3,50,0.4
2011-05-18,473.0,3.6,1.3,41,0.1
2011-05-19,403.0,4.4,0.7,36,0.6
2011-05-20,357.0,5.3,0.3,35,1.5
2011-05-21,373.0,5.9,1.0,36,2.0
2011-05-22,425.0,4.9,1.0,56,2.6
2011-05-23,420.0,2.7,1.0,31,0.1
2011-05-24,367.0,4.5,1.3,11,-0.3
2011-05-25,373.0,5.0,0.7,24,1.7
2011-05-26,369.0,5.9,1.7,42,-0.9
2011-05-27,428.0,5.8,2.3,63,-2.1
2011-05-28,510.0,6.1,4.3,73,-1.5
2011-05-29,693.0,2.3,4.3,98,-0.5
2011-05-30,611.0,1.7,2.0,115,0.0
2011-05-31,585.0,3.1,2.7,106,-0.8
2011-06-01,551.0,3.2,2.3,126,-0.3
2011-06-02,465.0,2.5,1.7,135,-1.9
2011-06-03,412.0,3.4,0.7,130,0.6
2011-06-04,364.0,9.0,1.7,115,0.6
2011-06-05,508.0,14.1,3.3,80,2.7
2011-06-06,446.0,3.8,1.3,70,-0.1
2011-06-07,418.0,4.5,1.7,58,-1.0
2011-06-08,494.0,3.1,2.3,45,-1.8
2011-06-09,420.0,1.4,2.0,39,-3.0
2011-06-10,419.0,6.4,2.0,33,1.7
2011-06-11,403.0,8.1,2.3,23,-0.1
2011-06-12,460.0,4.1,1.7,17,-0.1
2011-06-13,449.0,5.2,2.0,15,1.0
2011-06-14,518.0,5.2,1.7,36,2.1
2011-06-15,484.0,2.5,1.7,52,-0.4
2011-06-16,452.0,2.7,1.0,59,0.2
2011-06-17,470.0,5.3,2.0,59,1.6
2011-06-18,415.0,3.4,1.0,61,2.0
2011-06-19,396.0,4.1,0.7,47,1.6
2011-06-20,395.0,6.4,1.7,39,-0.4
2011-06-21,434.0,7.5,2.3,50,-1.0
2011-06-22,468.0,3.7,2.7,50,-1.4
2011-06-23,605.0,4.5,3.3,58,-0.6
2011-06-24,610.0,2.3,2.7,65,-0.3
2011-06-25,583.0,2.2,1.7,50,-0.0
2011-06-26,528.0,2.3,1.7,27,0.1
2011-06-27,445.0,2.4,1.0,15,0.1
2011-06-28,386.0,2.6,0.7,38,1.5
2011-06-29,354.0,4.5,0.3,41,2.5
2011-06-30,329.0,8.1,1.3,49,0.0
2011-07-01,380.0,8.0,2.7,56,-3.0
2011-07-02,384.0,5.5,1.0,44,1.0
2011-07-03,400.0,4.6,1.7,41,2.3
2011-07-04,391.0,3.3,2.3,46,-3.1
2011-07-05,387.0,4.2,2.3,32,-2.1
2011-07-06,381.0,5.4,2.0,34,-1.3
2011-07-07,356.0,5.5,1.7,38,-1.4
2011-07-08,349.0,6.1,1.3,63,-1.3
2011-07-09,380.0,12.3,2.3,49,-0.3
2011-07-10,464.0,5.0,2.3,59,0.2
2011-07-11,520.0,5.1,2.7,75,-0.2
2011-07-12,681.0,1.2,2.0,72,0.0
2011-07-13,538.0,1.9,1.7,68,0.8
2011-07-14,493.0,3.1,1.7,68,-1.0
2011-07-15,443.0,5.3,1.0,82,1.1
2011-07-16,383.0,7.2,1.0,74,0.1
2011-07-17,362.0,6.5,1.0,93,-0.7
2011-07-18,431.0,4.6,1.7,115,0.2
2011-07-19,512.0,4.8,2.7,109,0.6
2011-07-20,625.0,3.2,3.3,71,-0.1
2011-07-21,685.0,2.1,2.7,60,0.3
2011-07-22,629.0,2.3,2.3,54,0.7
2011-07-23,573.0,1.9,1.7,43,-0.6
2011-07-24,467.0,2.8,1.0,43,0.4
2011-07-25,513.0,3.6,2.3,29,0.3
2011-07-26,510.0,1.8,1.3,43,0.3
2011-07-27,406.0,2.2,0.7,63,0.4
2011-07-28,343.0,4.4,0.7,96,1.4
2011-07-29,328.0,7.9,1.0,90,1.2
2011-07-30,412.0,8.3,2.7,91,0.7
2011-07-31,619.0,2.3,2.3,99,1.7
2011-08-01,603.0,1.3,1.3,107,0.3
2011-08-02,467.0,1.5,0.7,95,0.1
2011-08-03,373.0,2.6,0.7,81,0.5
2011-08-04,354.0,2.5,0.7,92,1.6
2011-08-05,453.0,6.0,3.0,88,-0.8
2011-08-06,535.0,4.6,3.7,79,0.7
2011-08-07,539.0,1.0,1.7,79,-1.0
2011-08-08,548.0,1.9,1.7,70,-0.4
2011-08-09,581.0,1.6,1.7,61,0.3
2011-08-10,543.0,2.0,1.3,36,-0.3
2011-08-11,429.0,3.0,1.0,38,-0.6
2011-08-12,400.0,4.4,1.0,29,0.0
2011-08-13,347.0,7.0,0.7,18,-0.2
2011-08-14,409.0,10.7,2.0,0,0.2
2011-08-15,470.0,5.6,2.3,12,-0.3
2011-08-16,466.0,3.0,1.7,31,0.2
2011-08-17,426.0,4.1,1.3,51,0.5
2011-08-18,387.0,5.0,0.3,59,1.8
2011-08-19,366.0,4.5,0.3,60,1.8
2011-08-20,386.0,5.4,1.3,59,0.6
2011-08-21,383.0,5.0,0.7,73,2.5
2011-08-22,398.0,7.0,1.7,92,0.5
2011-08-23,432.0,7.1,2.0,98,2.1
2011-08-24,520.0,2.2,1.7,70,1.2
2011-08-25,442.0,2.2,1.0,65,-0.2
2011-08-26,401.0,3.1,0.7,86,0.9
2011-08-27,391.0,3.5,1.3,77,0.8
2011-08-28,414.0,6.0,1.3,64,1.2
2011-08-29,491.0,3.1,2.0,56,0.7
2011-08-30,412.0,2.8,0.7,90,-0.0
2011-08-31,360.0,3.2,0.3,125,0.6
2011-09-01,317.0,4.9,0.7,131,-0.1
2011-09-02,290.0,11.1,0.7,136,-2.0
2011-09-03,357.0,8.0,2.7,140,-1.3
2011-09-04,363.0,5.3,2.0,105,-2.3
2011-09-05,372.0,4.0,1.3,114,-1.0
2011-09-06,418.0,3.3,1.7,89,-1.8
2011-09-07,400.0,3.5,1.3,72,-0.4
2011-09-08,353.0,3.7,0.7,54,-0.1
2011-09-09,400.0,10.0,3.0,72,-2.3
2011-09-10,492.0,14.0,4.7,80,2.0
2011-09-11,597.0,3.8,2.3,94,1.6
2011-09-12,617.0,4.4,4.0,139,-1.2
2011-09-13,579.0,3.7,3.0,145,0.7
2011-09-14,518.0,2.6,1.3,169,0.6
2011-09-15,458.0,2.9,1.7,191,0.6
2011-09-16,427.0,1.7,0.7,191,-0.2
2011-09-17,457.0,8.3,4.0,160,-0.4
2011-09-18,441.0,2.6,1.3,143,2.9
2011-09-19,412.0,2.5,0.3,142,2.8
2011-09-20,405.0,2.6,1.7,123,0.7
2011-09-21,368.0,4.2,1.0,108,1.0
2011-09-22,390.0,2.9,1.0,109,1.1
2011-09-23,373.0,4.1,0.3,91,2.3
2011-09-24,345.0,4.5,1.0,116,0.5
2011-09-25,331.0,7.8,1.0,122,2.2
2011-09-26,462.0,13.0,3.3,112,-1.8
2011-09-27,604.0,6.2,4.0,103,0.2
2011-09-28,486.0,7.2,3.3,109,-1.8
2011-09-29,539.0,4.1,3.3,128,1.3
2011-09-30,454.0,2.7,1.3,116,1.3
2011-10-01,495.0,4.4,3.0,118,-0.7
2011-10-02,488.0,3.4,2.7,118,-0.2
2011-10-03,399.0,2.5,1.0,113,-1.0
2011-10-04,359.0,4.3,1.3,128,-1.2
2011-10-05,420.0,7.6,3.0,100,1.5
2011-10-06,376.0,12.3,1.7,100,3.1
2011-10-07,375.0,6.9,1.3,89,-0.4
2011-10-08,351.0,14.6,1.7,69,-1.2
2011-10-09,333.0,13.1,2.3,79,-1.6
2011-10-10,343.0,8.3,0.7,90,2.9
2011-10-11,364.0,7.1,0.7,124,2.2
2011-10-12,392.0,5.7,1.3,146,0.5
2011-10-13,359.0,5.1,0.7,161,0.5
2011-10-14,381.0,3.6,0.3,170,2.4
2011-10-15,444.0,5.0,1.7,148,2.4
2011-10-16,451.0,3.3,1.7,154,0.7
2011-10-17,406.0,3.2,1.0,176,0.7
2011-10-18,375.0,3.9,1.0,156,2.3
2011-10-19,386.0,3.6,1.3,141,0.6
2011-10-20,396.0,2.3,1.0,183,0.6
2011-10-21,339.0,2.6,1.0,194,-0.7
2011-10-22,316.0,4.0,0.3,174,2.0
2011-10-23,300.0,9.9,0.7,134,-1.1
2011-10-24,368.0,12.6,2.3,130,1.5
2011-10-25,484.0,6.9,3.3,110,4.8
2011-10-26,422.0,4.6,1.0,104,2.1
2011-10-27,419.0,2.0,1.0,93,-0.4
2011-10-28,344.0,1.9,0.0,101,0.5
2011-10-29,291.0,4.7,0.0,94,0.4
2011-10-30,316.0,11.8,1.3,103,-0.3
2011-10-31,395.0,12.6,2.0,96,-0.9
2011-11-01,392.0,7.7,3.3,125,-3.2
2011-11-02,367.0,3.4,2.0,128,-1.9
2011-11-03,363.0,2.1,0.7,125,-0.4
2011-11-04,324.0,3.7,0.7,99,-2.3
2011-11-05,299.0,4.0,0.7,114,-1.1
2011-11-06,307.0,10.1,0.7,145,2.7
2011-11-07,333.0,11.2,1.0,173,1.6
2011-11-08,384.0,6.0,1.7,171,0.1
2011-11-09,362.0,2.6,0.3,177,1.6
2011-11-10,357.0,4.1,0.7,170,0.6
2011-11-11,379.0,2.8,0.7,162,0.6
2011-11-12,422.0,2.3,0.7,157,1.4
2011-11-13,394.0,2.3,0.3,162,2.3
2011-11-14,362.0,3.2,0.3,164,3.9
2011-11-15,374.0,4.0,1.3,141,-0.7
2011-11-16,427.0,3.0,0.7,125,1.4
2011-11-17,422.0,2.7,1.0,121,0.2
2011-11-18,379.0,3.0,0.7,132,0.7
2011-11-19,348.0,4.5,0.0,128,2.6
2011-11-20,307.0,4.9,0.3,137,0.7
2011-11-21,286.0,10.3,1.0,127,-3.3
2011-11-22,340.0,13.4,1.7,138,0.0
2011-11-23,390.0,3.8,1.7,142,0.4
2011-11-24,385.0,4.7,1.7,131,-0.3
2011-11-25,403.0,4.1,1.0,158,0.8
2011-11-26,388.0,4.8,1.0,131,0.8
2011-11-27,377.0,5.3,1.7,124,-0.1
2011-11-28,397.0,2.8,0.7,98,0.5
2011-11-29,440.0,9.0,2.3,135,2.4
2011-11-30,435.0,3.9,2.3,132,0.1
2011-12-01,471.0,2.8,1.7,129,-0.3
2011-12-02,407.0,4.4,1.3,127,0.0
2011-12-03,405.0,6.6,2.3,154,-1.2
2011-12-04,458.0,3.8,1.0,162,-0.5
2011-12-05,365.0,4.2,0.3,151,-0.1
2011-12-06,317.0,5.6,0.3,151,-0.4
2011-12-07,300.0,6.1,0.3,132,-0.4
2011-12-08,307.0,12.5,0.3,159,-0.9
2011-12-09,308.0,10.0,1.0,114,0.9
2011-12-10,390.0,3.3,2.0,102,-0.1
2011-12-11,449.0,3.6,1.7,93,0.3
2011-12-12,467.0,2.7,1.7,76,0.2
2011-12-13,460.0,3.0,1.3,81,0.5
2011-12-14,412.0,2.7,0.7,78,0.3
2011-12-15,362.0,3.2,0.3,57,0.1
2011-12-16,323.0,4.9,0.0,75,0.0
2011-12-17,279.0,6.9,0.0,90,-0.3
2011-12-18,271.0,11.7,0.3,100,-0.9
2011-12-19,344.0,11.0,1.7,115,1.0
2011-12-20,335.0,5.5,1.3,108,-1.7
2011-12-21,350.0,7.6,1.3,109,-0.9
2011-12-22,395.0,3.7,1.0,103,-0.4
2011-12-23,382.0,3.9,0.3,103,1.0
2011-12-24,356.0,5.1,0.3,84,0.4
2011-12-25,359.0,6.1,0.7,97,0.6
2011-12-26,326.0,2.6,0.0,117,0.9
2011-12-27,259.0,8.7,0.0,114,2.0
2011-12-28,273.0,21.3,1.0,109,2.8
2011-12-29,358.0,19.2,2.0,112,-0.7
2011-12-30,382.0,11.3,1.7,93,1.2
2011-12-31,361.0,6.6,1.3,93,-0.2
2012-01-01,368.0,6.5,1.3,71,-0.9
2012-01-02,362.0,7.5,1.0,92,1.8
2012-01-03,392.0,3.2,2.0,120,-2.4
2012-01-04,348.0,4.2,0.3,126,1.3
2012-01-05,322.0,13.4,1.3,109,0.3
2012-01-06,419.0,6.5,1.7,113,0.8
2012-01-07,425.0,4.5,1.7,113,-0.9
2012-01-08,430.0,4.4,1.0,104,-0.0
2012-01-09,430.0,5.8,2.0,79,-0.4
2012-01-10,434.0,4.4,1.3,70,-0.8
2012-01-11,479.0,4.0,1.7,63,-0.1
2012-01-12,427.0,6.9,1.3,52,0.7
2012-01-13,484.0,3.9,1.7,71,0.7
2012-01-14,406.0,3.5,0.3,118,0.4
2012-01-15,353.0,7.6,1.0,149,0.1
2012-01-16,429.0,8.6,2.0,154,-0.4
2012-01-17,437.0,4.0,1.3,141,-0.1
2012-01-18,396.0,4.0,1.0,126,-0.4
2012-01-19,358.0,4.8,0.3,105,-0.3
2012-01-20,344.0,6.9,1.0,102,-1.3
2012-01-21,319.0,10.4,1.7,112,-1.2
2012-01-22,390.0,21.2,3.3,109,0.9
2012-01-23,428.0,5.0,1.7,113,-0.3
2012-01-24,478.0,5.0,3.0,86,0.3
2012-01-25,574.0,3.9,3.0,76,-0.5
2012-01-26,468.0,2.4,1.7,49,-0.3
2012-01-27,509.0,2.6,1.7,65,0.3
2012-01-28,463.0,3.4,1.7,45,-0.3
2012-01-29,413.0,3.3,1.7,57,-0.4
2012-01-30,380.0,6.2,1.3,62,-0.3
2012-01-31,363.0,11.5,0.7,75,2.7
2012-02-01,380.0,9.4,1.3,89,1.1
2012-02-02,408.0,5.2,1.3,59,0.2
2012-02-03,412.0,5.2,1.3,35,-0.6
2012-02-04,434.0,5.9,2.3,38,-1.8
2012-02-05,421.0,4.2,2.0,29,-0.5
2012-02-06,397.0,4.7,1.7,42,-0.5
2012-02-07,448.0,5.0,3.0,32,-1.5
2012-02-08,467.0,4.2,2.3,13,-1.5
2012-02-09,414.0,8.0,1.3,29,0.2
2012-02-10,439.0,5.5,1.3,46,1.4
2012-02-11,383.0,5.3,1.0,46,0.3
2012-02-12,343.0,9.3,1.0,49,0.6
2012-02-13,370.0,12.2,2.3,65,-0.8
2012-02-14,385.0,9.8,2.7,58,-1.8
2012-02-15,381.0,5.7,3.3,54,-6.0
2012-02-16,374.0,8.2,1.0,48,2.8
2012-02-17,331.0,7.4,0.3,49,0.8
2012-02-18,319.0,10.2,0.7,55,0.7
2012-02-19,431.0,7.0,3.0,70,-1.9
2012-02-20,521.0,4.5,3.3,64,-0.7
2012-02-21,450.0,3.0,1.7,59,-0.5
2012-02-22,482.0,8.0,2.3,44,1.2
2012-02-23,441.0,3.1,0.7,55,0.8
2012-02-24,414.0,4.9,1.3,58,0.3
2012-02-25,419.0,5.5,1.7,48,0.4
2012-02-26,418.0,5.3,1.7,48,-0.1
2012-02-27,468.0,11.2,3.0,44,0.0
2012-02-28,426.0,6.0,2.3,39,4.0
2012-02-29,448.0,6.1,1.3,20,2.0
2012-03-01,456.0,7.5,3.0,24,-1.2
2012-03-02,440.0,3.6,2.3,27,-1.4
2012-03-03,390.0,3.8,2.0,63,-3.6
2012-03-04,383.0,5.5,2.7,86,-2.3
2012-03-05,363.0,4.7,2.3,108,-1.7
2012-03-06,374.0,6.2,2.3,115,-0.1
2012-03-07,478.0,12.1,5.0,106,-4.2
2012-03-08,602.0,7.5,3.3,97,4.3
2012-03-09,668.0,2.7,5.7,110,-4.6
2012-03-10,520.0,1.6,3.0,104,-1.9
2012-03-11,436.0,6.2,2.3,116,-1.1
2012-03-12,524.0,9.9,3.7,116,-0.7
2012-03-13,621.0,0.5,2.0,96,-1.9
2012-03-14,520.0,0.8,2.0,85,-1.7
2012-03-15,609.0,4.2,4.0,88,-2.0
2012-03-16,667.0,3.0,4.0,85,-1.2
2012-03-17,656.0,2.4,3.7,88,-0.7
2012-03-18,576.0,1.6,2.7,62,-1.2
2012-03-19,516.0,3.0,2.3,74,-0.7
2012-03-20,443.0,2.9,1.3,86,-0.5
2012-03-21,398.0,5.0,1.3,77,-0.3
2012-03-22,384.0,7.2,1.3,70,-0.0
2012-03-23,375.0,7.5,1.3,71,1.8
2012-03-24,419.0,6.9,2.3,94,-0.1
2012-03-25,397.0,5.0,1.0,89,0.3
2012-03-26,355.0,7.4,0.7,88,0.5
2012-03-27,354.0,15.7,3.0,84,-3.7
2012-03-28,414.0,6.0,2.7,88,-2.5
2012-03-29,355.0,6.2,0.7,106,0.8
2012-03-30,368.0,7.1,1.0,94,2.0
2012-03-31,365.0,5.1,1.0,89,2.0
2012-04-01,348.0,6.7,1.7,65,-2.2
2012-04-02,338.0,3.9,2.0,79,-3.1
2012-04-03,326.0,4.2,1.3,72,-2.8
2012-04-04,336.0,9.9,1.7,64,-0.5
2012-04-05,343.0,8.3,3.0,53,-2.3
2012-04-06,339.0,9.0,0.7,53,4.2
2012-04-07,337.0,10.1,2.0,30,-1.2
2012-04-08,358.0,5.5,1.0,25,0.2
2012-04-09,328.0,6.2,0.7,14,0.4
2012-04-10,338.0,7.5,1.7,16,0.5
2012-04-11,325.0,11.2,1.0,30,1.8
2012-04-12,436.0,10.1,2.7,58,-1.2
2012-04-13,582.0,3.2,3.3,54,-0.9
2012-04-14,563.0,1.8,2.3,51,-0.2
2012-04-15,464.0,2.9,1.3,90,-0.4
2012-04-16,378.0,3.7,1.0,61,-0.5
2012-04-17,351.0,6.8,2.0,79,-1.0
2012-04-18,419.0,5.0,2.0,112,-1.1
2012-04-19,363.0,4.8,1.0,148,-0.1
2012-04-20,330.0,9.8,1.7,168,-1.8
2012-04-21,325.0,8.2,1.3,162,0.4
2012-04-22,320.0,8.2,2.0,146,-2.1
2012-04-23,373.0,17.1,3.3,138,-2.2
2012-04-24,467.0,5.3,4.3,134,-2.8
2012-04-25,598.0,2.3,4.0,126,-1.9
2012-04-26,621.0,3.1,2.7,117,0.5
2012-04-27,478.0,2.4,2.0,106,-0.8
2012-04-28,444.0,2.5,1.7,112,-0.1
2012-04-29,397.0,1.7,1.0,110,-0.8
2012-04-30,342.0,2.7,0.3,104,-0.6
2012-05-01,316.0,3.7,0.7,96,-1.2
2012-05-02,282.0,5.2,1.0,95,-2.6
2012-05-03,297.0,14.9,1.7,96,-2.9
2012-05-04,314.0,5.1,0.7,87,3.1
2012-05-05,299.0,5.9,0.7,88,0.5
2012-05-06,308.0,6.1,1.0,87,1.3
2012-05-07,311.0,8.6,0.7,80,3.8
2012-05-08,323.0,14.1,2.0,85,0.9
2012-05-09,505.0,7.8,4.0,91,-1.4
2012-05-10,610.0,2.3,2.3,96,-0.1
2012-05-11,572.0,1.7,2.3,110,-0.7
2012-05-12,555.0,2.0,2.3,101,-0.7
2012-05-13,471.0,3.0,2.3,105,-2.6
2012-05-14,445.0,2.4,1.0,119,0.0
2012-05-15,403.0,3.9,1.0,122,1.7
2012-05-16,393.0,6.0,2.0,137,-1.8
2012-05-17,365.0,5.6,0.7,110,4.9
2012-05-18,405.0,4.7,2.0,102,0.5
2012-05-19,393.0,4.2,1.3,109,1.1
2012-05-20,395.0,5.6,2.0,116,-0.7
2012-05-21,349.0,6.3,0.7,110,0.8
2012-05-22,389.0,10.8,3.3,80,-3.3
2012-05-23,597.0,3.5,3.0,77,-1.0
2012-05-24,543.0,2.5,1.7,87,0.6
2012-05-25,471.0,2.4,1.3,94,-0.6
2012-05-26,396.0,1.7,0.7,80,-0.6
2012-05-27,358.0,4.3,0.7,82,0.6
2012-05-28,360.0,7.6,1.0,109,0.2
2012-05-29,383.0,6.7,1.3,78,1.5
2012-05-30,421.0,4.6,1.7,73,1.7
2012-05-31,403.0,8.2,2.0,89,1.8
2012-06-01,360.0,5.8,1.3,121,3.7
2012-06-02,344.0,10.9,1.7,151,-0.1
2012-06-03,337.0,10.0,3.0,165,-3.3
2012-06-04,483.0,5.2,3.0,148,-0.5
2012-06-05,668.0,3.0,3.3,151,-0.3
2012-06-06,700.0,1.9,3.0,153,-0.8
2012-06-07,640.0,1.3,1.7,127,-0.3
2012-06-08,566.0,2.2,1.7,107,0.8
2012-06-09,472.0,2.5,1.7,106,1.1
2012-06-10,431.0,2.9,1.3,121,1.2
2012-06-11,404.0,3.9,2.7,128,-4.5
2012-06-12,393.0,2.3,2.0,111,-0.8
2012-06-13,375.0,3.8,1.0,113,1.0
2012-06-14,368.0,2.4,0.7,123,-0.3
2012-06-15,318.0,3.3,0.3,117,-0.0
2012-06-16,376.0,13.7,2.3,106,3.4
2012-06-17,435.0,15.8,4.7,88,-1.8
2012-06-18,450.0,1.8,2.7,57,-2.9
2012-06-19,432.0,0.3,0.3,51,-1.3
2012-06-20,359.0,1.2,0.7,30,-0.2
2012-06-21,363.0,0.9,0.7,16,1.2
2012-06-22,412.0,1.3,1.0,16,0.2
2012-06-23,405.0,2.3,0.7,16,0.6
2012-06-24,371.0,6.3,1.0,20,1.8
2012-06-25,378.0,7.7,2.0,17,-1.6
2012-06-26,428.0,4.6,1.7,36,0.2
2012-06-27,412.0,7.0,1.7,70,1.8
2012-06-28,441.0,3.9,1.3,87,0.4
2012-06-29,392.0,4.8,1.3,103,-0.1
2012-06-30,545.0,9.7,3.7,104,-1.0
2012-07-01,650.0,3.4,3.3,126,-0.0
2012-07-02,644.0,2.7,3.3,128,-1.2
2012-07-03,559.0,2.0,2.3,125,-0.4
2012-07-04,534.0,2.3,1.7,131,0.3
2012-07-05,487.0,4.6,2.7,129,4.3
2012-07-06,448.0,4.7,2.7,132,-0.1
2012-07-07,460.0,4.8,1.7,146,1.2
2012-07-08,427.0,10.4,2.3,117,1.7
2012-07-09,407.0,5.6,4.7,122,-7.9
2012-07-10,441.0,5.7,2.7,107,-1.0
2012-07-11,512.0,3.3,2.3,110,-0.5
2012-07-12,441.0,5.4,2.3,125,0.1
2012-07-13,356.0,2.8,0.3,129,-0.2
2012-07-14,389.0,5.8,2.3,125,-0.9
2012-07-15,584.0,6.8,5.7,117,-11.9
2012-07-16,448.0,0.8,4.7,102,-8.4
2012-07-17,464.0,1.3,3.0,86,-2.3
2012-07-18,464.0,0.9,1.0,57,0.9
2012-07-19,398.0,2.6,1.3,38,0.1
2012-07-20,421.0,6.8,2.3,36,-0.6
2012-07-21,457.0,4.4,2.0,29,3.1
2012-07-22,480.0,4.2,1.7,29,0.2
2012-07-23,445.0,7.0,2.0,63,-0.4
2012-07-24,519.0,4.3,2.0,71,0.2
2012-07-25,458.0,2.6,1.3,68,0.0
2012-07-26,373.0,3.5,0.3,86,1.0
2012-07-27,341.0,7.3,1.0,110,5.2
2012-07-28,347.0,11.6,2.3,107,0.8
2012-07-29,368.0,4.4,1.3,111,1.0
2012-07-30,413.0,4.5,2.7,120,-2.8
2012-07-31,386.0,3.8,1.3,122,0.8
2012-08-01,395.0,3.6,1.3,132,-0.1
2012-08-02,415.0,7.7,2.3,143,1.7
2012-08-03,449.0,2.4,1.3,174,0.0
2012-08-04,404.0,3.2,1.3,152,0.1
2012-08-05,346.0,6.2,1.0,123,-0.5
2012-08-06,355.0,7.9,2.3,98,-2.9
2012-08-07,395.0,5.6,1.7,122,-1.3
2012-08-08,383.0,5.8,2.0,123,0.2
2012-08-09,338.0,4.0,1.3,158,-0.8
2012-08-10,320.0,6.3,0.3,131,1.8
2012-08-11,327.0,6.1,1.0,108,-1.3
2012-08-12,359.0,8.4,1.7,98,0.6
2012-08-13,433.0,3.7,2.0,74,1.4
2012-08-14,476.0,3.4,1.7,33,0.2
2012-08-15,450.0,3.4,1.3,30,0.7
2012-08-16,484.0,5.2,2.3,32,-0.7
2012-08-17,419.0,4.4,1.7,50,-1.9
2012-08-18,382.0,9.7,2.3,54,1.0
2012-08-19,473.0,7.0,2.3,72,2.2
2012-08-20,553.0,3.3,2.7,80,-0.8
2012-08-21,436.0,2.8,1.3,71,-1.0
2012-08-22,390.0,4.8,1.3,69,-1.0
2012-08-23,397.0,4.2,2.0,71,-2.2
2012-08-24,388.0,7.5,2.0,71,-0.8
2012-08-25,528.0,5.4,2.3,77,1.2
2012-08-26,546.0,3.1,2.3,78,1.7
2012-08-27,604.0,1.1,1.3,75,0.5
2012-08-28,474.0,1.0,0.7,80,0.6
2012-08-29,496.0,0.9,0.7,83,0.5
2012-08-30,431.0,1.7,0.7,126,0.5
2012-08-31,346.0,3.5,0.3,150,0.5
2012-09-01,321.0,7.5,1.3,145,-1.7
2012-09-02,317.0,7.6,3.0,142,-6.3
2012-09-03,363.0,14.1,4.0,171,-4.5
2012-09-04,425.0,7.7,3.0,159,0.3
2012-09-05,500.0,7.0,4.0,122,0.5
2012-09-06,417.0,4.1,2.0,116,4.1
2012-09-07,372.0,3.1,2.3,95,-3.3
2012-09-08,374.0,3.6,2.0,82,-1.9
2012-09-09,352.0,3.4,1.0,89,-0.9
2012-09-10,342.0,6.0,0.7,70,0.9
2012-09-11,300.0,4.3,0.3,76,0.2
2012-09-12,296.0,12.5,1.3,73,-0.6
2012-09-13,375.0,5.9,1.3,58,2.0
2012-09-14,431.0,5.8,1.3,52,2.4
2012-09-15,428.0,4.3,1.7,61,0.2
2012-09-16,400.0,4.7,1.7,64,0.1
2012-09-17,422.0,4.8,1.0,55,0.5
2012-09-18,392.0,6.2,2.0,64,-0.5
2012-09-19,373.0,7.3,2.3,67,-1.7
2012-09-20,505.0,4.7,2.3,81,1.5
2012-09-21,487.0,2.8,1.7,84,0.4
2012-09-22,445.0,2.3,1.0,58,0.4
2012-09-23,367.0,2.7,0.0,75,1.6
2012-09-24,339.0,5.3,0.3,95,1.4
2012-09-25,342.0,4.9,0.3,136,1.2
2012-09-26,369.0,7.7,1.3,145,3.7
2012-09-27,410.0,2.1,1.0,113,0.9
2012-09-28,351.0,3.7,0.0,85,1.4
2012-09-29,300.0,6.6,0.7,79,-0.5
2012-09-30,297.0,13.3,2.3,99,-2.9
2012-10-01,373.0,9.9,3.0,78,0.6
2012-10-02,323.0,6.8,1.3,73,2.8
2012-10-03,324.0,5.7,1.3,63,-0.2
2012-10-04,306.0,4.4,0.3,62,-1.0
2012-10-05,309.0,7.1,1.0,60,-0.8
2012-10-06,327.0,5.5,1.7,43,-2.1
2012-10-07,324.0,6.5,1.3,40,-0.5
2012-10-08,370.0,9.2,4.3,49,-6.5
2012-10-09,420.0,5.8,4.3,70,-3.9
2012-10-10,513.0,3.9,2.3,76,1.6
2012-10-11,458.0,2.5,1.7,73,0.1
2012-10-12,506.0,4.2,2.7,83,-0.6
2012-10-13,511.0,4.6,4.7,80,-5.1
2012-10-14,514.0,4.1,3.7,95,-1.6
2012-10-15,449.0,3.1,2.0,119,-0.8
2012-10-16,375.0,7.3,1.3,115,-0.4
2012-10-17,454.0,2.8,1.7,102,0.3
2012-10-18,559.0,1.4,1.3,109,1.9
2012-10-19,467.0,1.1,0.7,95,0.7
2012-10-20,375.0,2.5,0.3,73,0.7
2012-10-21,340.0,3.2,0.7,82,0.6
2012-10-22,360.0,4.5,0.7,85,0.4
2012-10-23,361.0,5.9,1.7,92,-0.5
2012-10-24,339.0,4.0,0.7,95,-1.3
2012-10-25,337.0,3.9,0.7,79,-0.3
2012-10-26,328.0,4.3,1.0,78,-1.0
2012-10-27,320.0,3.1,0.7,67,-0.6
2012-10-28,335.0,3.0,0.7,53,-0.9
2012-10-29,298.0,4.0,0.3,69,-1.1
2012-10-30,277.0,7.4,0.3,65,-0.9
2012-10-31,305.0,13.6,1.0,50,1.8
2012-11-01,348.0,11.3,3.7,47,-6.0
2012-11-02,308.0,8.6,1.3,45,1.9
2012-11-03,308.0,7.1,0.7,44,0.8
2012-11-04,317.0,5.1,0.3,45,0.1
2012-11-05,292.0,5.5,0.7,51,-2.2
2012-11-06,298.0,10.3,1.0,47,-2.1
2012-11-07,438.0,9.1,2.7,61,0.8
2012-11-08,431.0,3.5,0.7,65,1.5
2012-11-09,360.0,4.6,0.0,65,0.4
2012-11-10,311.0,6.4,0.3,79,0.1
2012-11-11,296.0,10.9,0.3,108,-0.0
2012-11-12,302.0,10.5,1.0,122,-0.4
2012-11-13,397.0,10.3,3.3,121,1.5
2012-11-14,399.0,6.9,3.7,133,-4.9
2012-11-15,440.0,1.4,0.7,138,-0.1
2012-11-16,412.0,1.8,1.7,142,-1.6
2012-11-17,411.0,6.3,2.3,139,0.1
2012-11-18,402.0,2.8,1.3,132,-1.2
2012-11-19,390.0,3.9,1.3,121,-0.1
2012-11-20,407.0,4.4,3.0,105,-3.2
2012-11-21,414.0,2.5,1.7,106,-1.4
2012-11-22,355.0,2.2,0.7,95,-0.7
2012-11-23,325.0,5.1,1.0,78,-2.1
2012-11-24,388.0,12.4,2.7,82,2.1
2012-11-25,408.0,5.4,1.0,84,3.1
2012-11-26,488.0,4.5,1.0,72,2.6
2012-11-27,430.0,2.1,1.0,77,-0.4
2012-11-28,383.0,1.8,0.3,77,0.6
2012-11-29,350.0,2.9,0.7,78,-1.1
2012-11-30,337.0,7.6,0.3,70,0.0
2012-12-01,317.0,11.7,1.0,53,0.8
2012-12-02,331.0,8.7,1.7,47,-0.1
2012-12-03,329.0,8.7,1.0,44,1.0
2012-12-04,402.0,4.9,1.0,54,0.6
2012-12-05,357.0,2.8,0.3,60,0.5
2012-12-06,319.0,4.0,0.0,28,0.1
2012-12-07,288.0,5.7,0.0,31,0.1
2012-12-08,277.0,11.3,0.0,50,0.5
2012-12-09,306.0,13.6,1.0,42,-0.1
2012-12-10,304.0,8.7,0.7,43,-0.4
2012-12-11,293.0,8.6,0.3,47,1.1
2012-12-12,286.0,13.1,0.3,67,-0.5
2012-12-13,291.0,10.5,0.7,72,-0.2
2012-12-14,319.0,8.9,0.7,60,1.9
2012-12-15,345.0,7.8,2.3,62,-2.1
2012-12-16,380.0,5.1,1.3,65,0.1
2012-12-17,437.0,5.2,2.3,74,-0.7
2012-12-18,468.0,3.5,1.7,60,1.0
2012-12-19,463.0,3.4,1.0,54,0.3
2012-12-20,463.0,4.1,2.0,56,-0.3
2012-12-21,451.0,1.8,1.0,60,-0.4
2012-12-22,376.0,3.0,0.0,78,-0.1
2012-12-23,327.0,6.3,0.3,79,-0.7
2012-12-24,317.0,6.4,0.3,57,0.2
2012-12-25,319.0,7.3,0.7,53,0.1
2012-12-26,303.0,7.3,0.7,57,-0.1
2012-12-27,292.0,8.1,0.0,54,0.2
2012-12-28,288.0,13.4,0.3,53,-0.5
2012-12-29,296.0,5.8,0.7,56,-0.2
2012-12-30,372.0,7.6,1.3,56,0.3
2012-12-31,409.0,1.9,0.3,89,0.0
2013-01-01,332.0,2.4,0.3,99,0.2
2013-01-02,307.0,7.4,1.0,95,-1.0
2013-01-03,302.0,10.8,0.7,130,1.1
2013-01-04,319.0,7.0,0.7,150,1.2
2013-01-05,308.0,4.5,0.3,162,-0.3
2013-01-06,318.0,10.0,1.0,160,1.5
2013-01-07,354.0,7.3,0.7,145,1.3
2013-01-08,330.0,7.7,1.0,154,-0.2
2013-01-09,336.0,6.6,1.0,156,-1.6
2013-01-10,310.0,5.4,0.7,148,-0.4
2013-01-11,314.0,9.7,0.7,163,0.6
2013-01-12,371.0,5.8,1.0,160,0.5
2013-01-13,417.0,5.6,2.3,128,-1.3
2013-01-14,527.0,2.6,2.3,119,-0.7
2013-01-15,460.0,2.1,1.3,110,0.2
2013-01-16,404.0,3.8,1.3,90,-0.2
2013-01-17,399.0,17.9,2.7,63,-0.6
2013-01-18,417.0,13.2,2.3,43,3.9
2013-01-19,428.0,5.4,1.7,47,0.1
2013-01-20,413.0,3.7,2.0,47,-1.9
2013-01-21,368.0,4.0,1.0,37,-1.4
2013-01-22,323.0,4.7,0.3,55,-0.1
2013-01-23,297.0,5.8,0.7,60,-0.4
2013-01-24,277.0,7.5,0.7,55,0.5
2013-01-25,338.0,11.9,1.3,49,0.6
2013-01-26,468.0,9.0,3.3,66,-0.5
2013-01-27,464.0,2.8,1.7,72,-0.6
2013-01-28,400.0,3.1,1.0,61,-0.3
2013-01-29,373.0,2.8,0.7,52,-0.4
2013-01-30,335.0,3.6,0.3,53,-0.4
2013-01-31,314.0,8.5,0.7,49,0.5
2013-02-01,338.0,12.4,1.3,64,0.9
2013-02-02,448.0,4.3,2.3,72,-1.8
2013-02-03,438.0,6.0,1.0,80,0.7
2013-02-04,374.0,8.0,1.0,38,-0.0
2013-02-05,349.0,7.5,0.7,42,-0.3
2013-02-06,322.0,5.9,0.3,43,1.2
2013-02-07,351.0,11.6,1.7,62,0.1
2013-02-08,425.0,6.0,2.0,59,-0.1
2013-02-09,414.0,5.5,0.7,61,0.5
2013-02-10,378.0,7.4,1.3,48,-0.6
2013-02-11,353.0,6.8,1.3,56,0.1
2013-02-12,362.0,5.5,1.3,64,-0.9
2013-02-13,364.0,12.3,2.3,38,-0.4
2013-02-14,379.0,7.9,3.0,35,-1.8
2013-02-15,361.0,5.9,1.0,45,-0.8
2013-02-16,354.0,7.1,1.7,40,0.4
2013-02-17,355.0,9.1,2.0,72,-1.5
2013-02-18,326.0,4.8,0.7,109,2.3
2013-02-19,348.0,7.0,1.7,114,-0.1
2013-02-20,378.0,7.5,1.7,107,-0.1
2013-02-21,401.0,8.8,1.7,78,0.1
2013-02-22,390.0,5.9,2.3,67,-2.7
2013-02-23,370.0,5.4,1.7,50,-0.9
2013-02-24,337.0,5.7,0.7,30,-1.7
2013-02-25,336.0,13.6,0.7,51,2.0
2013-02-26,326.0,10.4,1.3,53,-1.4
2013-02-27,324.0,11.3,1.0,58,-0.2
2013-02-28,333.0,14.3,1.7,70,-0.3
2013-03-01,510.0,9.3,4.3,77,-2.0
2013-03-02,563.0,3.2,2.7,96,0.2
2013-03-03,472.0,2.6,2.3,92,-0.7
2013-03-04,436.0,2.8,1.0,88,-0.4
2013-03-05,364.0,4.1,0.7,83,-0.8
2013-03-06,319.0,9.8,0.7,77,1.0
2013-03-07,329.0,9.8,0.7,66,0.7
2013-03-08,314.0,9.0,0.7,73,0.0
2013-03-09,340.0,10.5,1.7,81,0.0
2013-03-10,322.0,11.9,0.7,100,-0.3
2013-03-11,311.0,13.3,1.0,101,0.7
2013-03-12,315.0,14.8,1.3,115,-0.0
2013-03-13,318.0,11.0,0.7,110,-1.0
2013-03-14,320.0,9.8,1.0,123,1.2
2013-03-15,427.0,6.2,1.3,111,2.5
2013-03-16,444.0,3.3,2.3,110,-0.7
2013-03-17,587.0,5.7,5.3,119,-4.1
2013-03-18,541.0,2.1,1.7,107,6.4
2013-03-19,468.0,1.8,1.3,66,3.2
2013-03-20,486.0,2.8,2.3,51,-1.1
2013-03-21,449.0,2.6,2.0,49,-0.1
2013-03-22,400.0,3.3,1.0,49,2.8
2013-03-23,375.0,8.9,2.0,49,-0.2
2013-03-24,409.0,8.2,1.3,41,0.7
2013-03-25,378.0,6.4,0.7,42,2.1
2013-03-26,375.0,5.7,0.7,30,1.5
2013-03-27,446.0,9.4,3.3,35,-1.9
2013-03-28,428.0,5.4,2.3,47,-0.7
2013-03-29,463.0,6.5,4.0,72,-2.6
2013-03-30,546.0,2.8,2.7,73,-0.5
2013-03-31,487.0,2.7,1.0,95,-0.1
2013-04-01,430.0,2.7,1.3,79,-0.8
2013-04-02,351.0,2.7,0.7,98,-0.5
2013-04-03,313.0,3.1,0.3,101,-0.8
2013-04-04,300.0,5.0,1.0,93,-1.3
2013-04-05,270.0,5.6,0.7,114,-0.8
2013-04-06,326.0,6.7,1.3,113,-0.8
2013-04-07,339.0,7.6,1.3,126,-0.0
2013-04-08,337.0,4.6,0.3,122,0.3
2013-04-09,347.0,2.6,0.7,136,1.0
2013-04-10,350.0,6.7,1.0,139,1.3
2013-04-11,426.0,5.2,1.0,126,2.2
2013-04-12,450.0,3.3,1.0,125,1.0
2013-04-13,404.0,3.0,1.3,117,0.8
2013-04-14,484.0,12.1,2.7,110,5.2
2013-04-15,402.0,1.9,1.3,93,6.7
2013-04-16,376.0,3.0,0.7,93,0.7
2013-04-17,336.0,3.0,0.3,95,0.2
2013-04-18,296.0,5.4,0.3,85,-0.8
2013-04-19,291.0,5.4,0.0,87,0.3
2013-04-20,298.0,9.8,0.7,90,-0.3
2013-04-21,283.0,9.9,0.3,93,3.0
2013-04-22,270.0,12.0,1.0,89,0.6
2013-04-23,291.0,23.1,1.3,82,1.2
2013-04-24,360.0,22.6,3.7,98,-3.8
2013-04-25,463.0,5.1,2.3,111,-0.4
2013-04-26,545.0,3.7,3.3,105,-1.4
2013-04-27,501.0,1.9,1.7,107,-0.5
2013-04-28,423.0,4.0,1.3,102,-0.4
2013-04-29,397.0,3.4,1.0,141,-0.3
2013-04-30,378.0,4.9,1.3,150,0.5
2013-05-01,419.0,5.9,4.0,142,-5.4
2013-05-02,458.0,3.4,2.3,104,-0.6
2013-05-03,407.0,2.5,1.3,98,0.2
2013-05-04,366.0,2.7,1.3,122,-1.6
2013-05-05,376.0,5.0,1.7,110,-0.4
2013-05-06,477.0,7.7,2.0,108,2.1
2013-05-07,522.0,4.5,2.0,116,1.1
2013-05-08,508.0,2.6,1.7,122,0.3
2013-05-09,480.0,2.5,1.0,116,1.0
2013-05-10,431.0,2.2,1.0,125,0.4
2013-05-11,393.0,2.8,0.7,134,0.4
2013-05-12,348.0,2.6,0.7,142,0.0
2013-05-13,348.0,5.5,1.0,153,1.3
2013-05-14,366.0,7.8,1.7,160,-0.2
2013-05-15,384.0,11.3,1.7,173,4.1
2013-05-16,392.0,7.1,3.0,206,-0.7
2013-05-17,389.0,7.2,2.0,183,-1.4
2013-05-18,418.0,8.4,3.0,133,-2.5
2013-05-19,377.0,5.2,2.7,127,-2.2
2013-05-20,393.0,6.4,1.7,112,0.8
2013-05-21,400.0,3.2,1.3,113,-0.1
2013-05-22,455.0,9.8,2.3,131,-0.5
2013-05-23,417.0,4.1,2.0,108,-0.7
2013-05-24,478.0,6.1,3.0,108,-1.5
2013-05-25,573.0,5.1,4.3,118,-1.6
2013-05-26,660.0,2.5,3.0,96,-1.1
2013-05-27,670.0,1.1,2.7,92,-0.8
2013-05-28,703.0,0.6,1.7,78,-0.2
2013-05-29,536.0,0.6,0.3,72,0.5
2013-05-30,399.0,0.9,0.3,73,-0.2
2013-05-31,359.0,11.4,1.7,50,-0.3
2013-06-01,550.0,9.6,5.0,60,-3.4
2013-06-02,717.0,2.2,3.3,77,-0.1
2013-06-03,681.0,1.5,2.3,64,0.3
2013-06-04,585.0,1.7,1.7,51,-0.4
2013-06-05,505.0,2.6,1.3,79,-0.5
2013-06-06,480.0,4.3,3.3,76,-3.3
2013-06-07,414.0,6.6,3.3,48,-2.4
2013-06-08,425.0,8.2,1.7,26,0.5
2013-06-09,396.0,10.1,1.7,35,-0.5
2013-06-10,371.0,11.6,2.3,26,0.0
2013-06-11,388.0,4.4,1.3,16,0.7
2013-06-12,422.0,3.0,1.0,29,0.4
2013-06-13,389.0,2.4,0.7,51,0.3
2013-06-14,335.0,4.7,0.7,64,-0.3
2013-06-15,335.0,7.7,1.0,95,-1.1
2013-06-16,324.0,3.5,0.3,104,1.0
2013-06-17,302.0,4.9,0.7,111,-0.6
2013-06-18,279.0,6.1,0.7,113,-2.6
2013-06-19,290.0,10.1,1.0,123,-0.9
2013-06-20,352.0,18.3,2.3,129,-1.6
2013-06-21,493.0,6.5,3.3,139,-0.3
2013-06-22,588.0,1.9,2.7,137,-0.8
2013-06-23,623.0,2.8,3.3,118,-0.2
2013-06-24,533.0,2.1,3.3,108,-2.3
2013-06-25,517.0,1.3,1.7,77,-0.2
2013-06-26,445.0,1.8,0.3,60,0.0
2013-06-27,401.0,5.2,1.3,61,-0.8
2013-06-28,398.0,7.7,3.3,75,-3.6
2013-06-29,410.0,10.2,5.0,69,-6.4
2013-06-30,514.0,3.6,2.3,80,-0.4
2013-07-01,493.0,2.1,1.3,77,-0.1
2013-07-02,429.0,2.3,0.7,112,0.4
2013-07-03,372.0,2.8,0.7,109,-0.4
2013-07-04,360.0,5.5,0.7,121,0.6
2013-07-05,358.0,8.8,2.0,109,0.1
2013-07-06,340.0,5.8,4.0,124,-9.0
2013-07-07,308.0,9.7,1.0,141,1.6
2013-07-08,312.0,8.7,1.0,122,-0.7
2013-07-09,328.0,10.8,1.7,110,1.5
2013-07-10,421.0,4.4,4.0,80,-6.7
2013-07-11,438.0,3.1,3.3,79,-4.7
2013-07-12,423.0,2.4,2.0,73,-0.9
2013-07-13,447.0,3.8,2.0,36,5.1
2013-07-14,386.0,4.1,3.7,60,-7.5
2013-07-15,382.0,8.3,3.3,77,-3.5
2013-07-16,364.0,4.0,1.0,77,-0.5
2013-07-17,346.0,9.6,0.7,73,0.4
2013-07-18,428.0,9.2,2.7,95,0.9
2013-07-19,574.0,2.5,3.0,85,-1.2
2013-07-20,526.0,1.5,1.0,59,0.0
2013-07-21,403.0,2.8,1.0,53,-0.3
2013-07-22,383.0,4.7,1.0,57,1.4
2013-07-23,370.0,3.5,1.0,80,-0.2
2013-07-24,338.0,3.7,1.0,70,-0.4
2013-07-25,354.0,10.6,2.0,85,-1.6
2013-07-26,539.0,6.1,2.3,71,-0.4
2013-07-27,452.0,4.3,2.3,68,-0.8
2013-07-28,445.0,2.6,1.7,73,-0.3
2013-07-29,404.0,2.4,1.3,103,-0.2
2013-07-30,372.0,2.7,1.3,89,-1.1
2013-07-31,371.0,2.3,1.0,103,-1.2
2013-08-01,350.0,5.0,1.0,96,-1.0
2013-08-02,332.0,5.6,0.7,114,0.0
2013-08-03,314.0,8.2,0.7,107,-0.3
2013-08-04,370.0,15.3,2.7,86,-2.2
2013-08-05,518.0,2.3,2.7,82,-2.6
2013-08-06,462.0,1.3,1.3,71,-0.6
2013-08-07,415.0,1.0,0.7,86,-0.2
2013-08-08,374.0,1.7,0.7,89,-0.5
2013-08-09,397.0,7.5,1.7,64,1.7
2013-08-10,429.0,5.1,1.3,72,1.7
2013-08-11,406.0,4.4,1.0,81,0.3
2013-08-12,357.0,7.4,1.0,90,-0.5
2013-08-13,372.0,11.6,1.7,108,0.4
2013-08-14,447.0,6.0,2.0,108,0.1
2013-08-15,513.0,6.8,2.7,124,1.3
2013-08-16,697.0,2.2,3.7,96,-0.3
2013-08-17,677.0,0.9,2.0,100,0.6
2013-08-18,560.0,1.2,1.3,110,0.2
2013-08-19,469.0,1.9,1.0,134,0.8
2013-08-20,407.0,4.6,0.7,129,0.6
2013-08-21,456.0,10.0,3.3,146,-1.3
2013-08-22,524.0,3.5,2.7,139,-0.8
2013-08-23,505.0,3.7,3.0,138,-2.0
2013-08-24,477.0,2.6,1.7,78,0.2
2013-08-25,408.0,2.6,1.3,50,-2.3
2013-08-26,359.0,3.7,1.3,43,-2.0
2013-08-27,363.0,7.9,2.7,56,-2.7
2013-08-28,447.0,4.3,2.0,50,-0.8
2013-08-29,368.0,3.8,0.3,53,0.6
2013-08-30,377.0,8.4,1.7,71,-0.4
2013-08-31,416.0,6.1,2.3,74,-0.8
2013-09-01,494.0,2.6,2.3,74,-1.7
2013-09-02,429.0,4.0,2.0,90,-1.1
2013-09-03,402.0,5.9,1.7,72,3.2
2013-09-04,452.0,2.9,1.3,78,0.8
2013-09-05,430.0,2.7,0.7,65,1.6
2013-09-06,400.0,2.3,1.3,49,-1.1
2013-09-07,353.0,3.6,0.7,37,0.6
2013-09-08,378.0,3.7,1.3,25,-0.9
2013-09-09,349.0,2.8,0.7,13,-0.7
2013-09-10,339.0,6.9,1.7,18,-1.3
2013-09-11,386.0,6.0,1.3,60,0.6
2013-09-12,379.0,8.3,1.7,52,0.9
2013-09-13,487.0,5.0,2.0,37,1.8
2013-09-14,520.0,1.7,1.3,25,0.1
2013-09-15,408.0,2.7,0.3,13,1.1
2013-09-16,364.0,2.7,1.0,25,-0.9
2013-09-17,370.0,8.0,2.0,52,-1.0
2013-09-18,433.0,5.9,2.0,63,0.4
2013-09-19,530.0,2.5,2.7,63,-0.9
2013-09-20,472.0,2.1,1.7,90,-0.7
2013-09-21,416.0,3.5,2.0,77,-0.6
2013-09-22,393.0,3.6,1.3,79,-0.3
2013-09-23,361.0,3.8,1.0,72,-0.5
2013-09-24,388.0,9.8,2.0,65,0.2
2013-09-25,416.0,3.3,1.0,71,1.2
2013-09-26,342.0,3.8,0.0,54,1.5
2013-09-27,309.0,4.9,0.3,63,0.8
2013-09-28,280.0,5.0,0.0,56,0.4
2013-09-29,273.0,8.6,0.3,43,0.2
2013-09-30,263.0,9.0,0.3,53,0.5
2013-10-01,309.0,10.9,1.0,48,2.1
2013-10-02,571.0,11.1,5.0,60,-0.3
2013-10-03,464.0,1.5,0.7,68,3.1
2013-10-04,383.0,1.4,0.0,79,2.4
2013-10-05,339.0,1.8,0.0,57,1.5
2013-10-06,310.0,3.5,0.3,47,-0.0
2013-10-07,306.0,6.0,1.0,73,-2.1
2013-10-08,328.0,11.2,2.0,96,-1.1
2013-10-09,560.0,6.6,3.7,106,0.4
2013-10-10,451.0,2.7,2.0,120,-0.6
2013-10-11,399.0,1.7,1.3,122,-1.1
2013-10-12,374.0,4.4,1.0,112,-0.4
2013-10-13,355.0,4.6,0.3,132,0.6
2013-10-14,407.0,8.7,3.0,128,-2.7
2013-10-15,516.0,4.0,2.7,128,0.4
2013-10-16,496.0,2.1,2.3,119,-0.5
2013-10-17,438.0,2.5,2.3,146,-1.6
2013-10-18,372.0,1.5,0.3,155,0.1
2013-10-19,337.0,1.8,0.3,130,0.2
2013-10-20,307.0,2.5,0.3,114,-1.0
2013-10-21,298.0,5.9,0.3,128,0.6
2013-10-22,328.0,11.2,1.0,118,1.8
2013-10-23,341.0,3.6,1.0,124,1.0
2013-10-24,333.0,4.2,0.3,144,3.2
2013-10-25,317.0,3.7,0.3,138,0.4
2013-10-26,294.0,4.3,0.3,132,-0.4
2013-10-27,285.0,9.4,0.3,148,1.4
2013-10-28,282.0,6.6,0.3,147,2.8
2013-10-29,317.0,8.7,1.3,150,1.3
2013-10-30,337.0,9.9,2.3,146,-3.7
2013-10-31,365.0,6.4,1.7,130,2.5
2013-11-01,363.0,3.9,1.3,106,-2.2
2013-11-02,331.0,7.4,0.7,101,-0.9
2013-11-03,359.0,3.4,1.7,123,-1.6
2013-11-04,364.0,1.5,1.3,128,-2.2
2013-11-05,329.0,2.2,1.0,122,-1.4
2013-11-06,336.0,5.2,1.0,145,0.2
2013-11-07,358.0,9.0,2.3,166,-2.1
2013-11-08,391.0,5.6,1.0,142,1.6
2013-11-09,502.0,8.0,3.3,104,-2.0
2013-11-10,556.0,1.9,2.7,101,-0.8
2013-11-11,501.0,3.4,3.3,113,-1.6
2013-11-12,419.0,1.9,0.3,135,1.8
2013-11-13,381.0,1.5,0.7,152,-0.6
2013-11-14,361.0,2.8,0.3,173,-0.7
2013-11-15,342.0,8.4,2.0,166,-3.2
2013-11-16,443.0,9.7,2.7,183,1.2
2013-11-17,477.0,2.4,1.7,192,0.2
2013-11-18,395.0,2.1,0.3,145,0.5
2013-11-19,385.0,3.0,0.7,113,0.0
2013-11-20,385.0,3.2,1.0,84,-0.7
2013-11-21,342.0,2.4,0.0,72,0.0
2013-11-22,314.0,3.1,0.3,67,1.7
2013-11-23,332.0,5.9,1.7,62,-0.8
2013-11-24,313.0,2.9,0.0,72,-0.1
2013-11-25,314.0,2.7,0.0,40,0.3
2013-11-26,295.0,4.4,0.3,37,1.1
2013-11-27,300.0,5.2,0.0,73,3.9
2013-11-28,283.0,5.5,0.3,106,-0.3
2013-11-29,296.0,16.4,1.7,98,-1.7
2013-11-30,389.0,7.7,2.0,95,-0.2
2013-12-01,492.0,3.4,2.0,124,3.8
2013-12-02,416.0,0.9,0.0,139,1.9
2013-12-03,394.0,2.8,2.0,110,-1.2
2013-12-04,366.0,3.4,1.0,117,-0.1
2013-12-05,343.0,2.4,1.0,110,-1.3
2013-12-06,337.0,7.6,0.7,98,-0.0
2013-12-07,331.0,7.9,1.3,89,-0.6
2013-12-08,555.0,7.1,3.3,95,-2.0
2013-12-09,460.0,2.7,1.0,142,0.1
2013-12-10,403.0,3.7,1.0,187,-0.7
2013-12-11,355.0,3.3,0.7,176,-0.3
2013-12-12,309.0,3.6,0.0,151,-1.4
2013-12-13,292.0,17.4,0.7,144,1.9
2013-12-14,427.0,11.1,2.7,135,0.7
2013-12-15,499.0,4.7,1.3,135,3.1
2013-12-16,442.0,1.8,1.3,114,-0.9
2013-12-17,401.0,2.0,0.7,121,0.1
2013-12-18,357.0,2.7,0.7,140,-0.3
2013-12-19,360.0,3.5,1.3,140,-1.0
2013-12-20,352.0,3.1,1.3,143,-1.2
2013-12-21,340.0,3.1,0.7,140,1.4
2013-12-22,324.0,5.3,0.0,114,1.3
2013-12-23,300.0,5.0,0.3,111,0.1
2013-12-24,289.0,6.0,0.3,109,-0.2
2013-12-25,300.0,11.5,1.7,96,-2.0
2013-12-26,274.0,10.8,0.3,103,0.4
2013-12-27,288.0,8.3,0.3,106,4.5
2013-12-28,304.0,12.0,0.3,100,1.3
2013-12-29,344.0,3.1,1.0,124,-0.1
2013-12-30,333.0,2.2,0.3,100,-1.2
2013-12-31,384.0,5.2,1.3,136,-0.3
2014-01-01,440.0,7.8,2.3,124,-1.1
2014-01-02,565.0,4.7,3.3,133,-0.3
2014-01-03,537.0,2.6,2.0,153,-0.5
2014-01-04,494.0,2.6,1.7,136,0.6
2014-01-05,442.0,2.8,0.7,134,0.7
2014-01-06,377.0,2.2,0.7,167,-0.9
2014-01-07,365.0,5.9,1.3,140,-2.0
2014-01-08,340.0,8.8,1.7,107,0.1
2014-01-09,393.0,3.9,2.0,120,0.6
2014-01-10,405.0,4.8,1.0,137,1.8
2014-01-11,397.0,3.2,0.7,142,1.6
2014-01-12,529.0,1.8,1.7,133,0.4
2014-01-13,744.0,1.2,1.3,117,1.7
2014-01-14,641.0,1.8,2.3,96,-0.0
2014-01-15,508.0,0.9,0.7,93,-0.2
2014-01-16,407.0,2.2,0.3,80,0.1
2014-01-17,362.0,3.7,0.7,74,-0.4
2014-01-18,322.0,5.0,0.3,116,-0.4
2014-01-19,299.0,7.9,0.0,110,0.5
2014-01-20,299.0,7.6,0.3,133,-0.8
2014-01-21,354.0,13.9,2.0,129,0.2
2014-01-22,518.0,2.4,2.3,154,0.9
2014-01-23,425.0,2.6,1.7,146,0.1
2014-01-24,367.0,4.3,0.7,116,1.3
2014-01-25,356.0,3.8,1.7,100,-1.7
2014-01-26,356.0,4.0,1.7,97,-0.2
2014-01-27,333.0,4.4,0.7,76,0.5
2014-01-28,338.0,4.7,1.0,77,-0.3
2014-01-29,455.0,2.3,1.7,94,0.2
2014-01-30,369.0,2.0,0.7,99,0.9
2014-01-31,342.0,2.9,0.3,93,0.7
2014-02-01,334.0,7.7,0.7,94,-0.9
2014-02-02,378.0,5.9,0.7,118,0.2
2014-02-03,376.0,6.9,1.3,127,-0.1
2014-02-04,340.0,7.7,1.0,144,2.1
2014-02-05,366.0,3.1,0.7,167,4.7
2014-02-06,386.0,2.5,2.0,171,-1.4
2014-02-07,369.0,4.4,1.7,147,0.0
2014-02-08,434.0,14.5,3.3,147,-0.8
2014-02-09,420.0,4.9,3.0,147,-2.6
2014-02-10,479.0,3.6,2.3,137,-0.5
2014-02-11,457.0,3.5,1.3,158,0.7
2014-02-12,444.0,2.0,1.7,161,-0.0
2014-02-13,363.0,4.4,0.0,147,5.0
2014-02-14,339.0,5.4,0.7,130,3.5
2014-02-15,377.0,15.2,1.7,113,2.6
2014-02-16,382.0,14.5,3.3,103,1.8
2014-02-17,384.0,2.2,1.0,106,0.6
2014-02-18,388.0,4.0,1.7,127,-1.3
2014-02-19,475.0,6.8,4.3,126,-1.8
2014-02-20,578.0,3.9,4.0,133,-1.9
2014-02-21,509.0,1.5,2.3,136,-2.6
2014-02-22,443.0,2.6,2.7,146,-2.4
2014-02-23,470.0,10.2,3.3,158,0.4
2014-02-24,493.0,2.7,1.3,153,1.5
2014-02-25,414.0,3.5,0.7,171,0.7
2014-02-26,362.0,5.3,0.3,207,1.4
2014-02-27,377.0,11.4,2.7,220,-2.3
2014-02-28,428.0,8.2,2.3,196,0.6
2014-03-01,393.0,3.7,1.7,155,-0.2
2014-03-02,372.0,3.9,0.7,158,1.4
2014-03-03,346.0,7.8,1.3,161,-1.5
2014-03-04,370.0,5.2,1.7,141,0.6
2014-03-05,431.0,3.6,1.7,154,0.9
2014-03-06,465.0,2.0,1.3,127,0.1
2014-03-07,425.0,1.6,0.3,134,0.4
2014-03-08,380.0,2.2,0.7,116,-0.1
2014-03-09,343.0,4.2,0.3,111,0.8
2014-03-10,312.0,8.1,0.7,113,-1.0
2014-03-11,307.0,6.5,0.7,111,-0.6
2014-03-12,291.0,8.6,1.3,132,-2.4
2014-03-13,365.0,9.1,2.3,112,0.7
2014-03-14,451.0,2.4,1.3,109,0.7
2014-03-15,397.0,2.3,0.7,111,0.3
2014-03-16,357.0,2.6,0.3,122,0.4
2014-03-17,309.0,5.5,0.3,126,-0.6
2014-03-18,310.0,8.2,1.3,136,-1.3
2014-03-19,310.0,7.3,1.0,141,-0.5
2014-03-20,321.0,13.0,1.3,139,0.7
2014-03-21,339.0,8.3,2.0,126,-0.7
2014-03-22,433.0,4.5,1.0,146,3.3
2014-03-23,472.0,2.1,1.7,151,0.9
2014-03-24,437.0,2.6,0.7,137,1.7
2014-03-25,396.0,5.7,1.3,136,0.3
2014-03-26,417.0,6.9,1.7,112,2.9
2014-03-27,399.0,3.3,1.3,115,0.4
2014-03-28,426.0,2.6,1.7,122,0.5
2014-03-29,414.0,2.4,1.7,118,0.5
2014-03-30,428.0,4.8,1.0,101,0.7
2014-03-31,396.0,4.2,1.3,118,0.5
2014-04-01,407.0,3.7,1.0,96,1.2
2014-04-02,416.0,3.2,0.7,114,1.8
2014-04-03,385.0,4.8,1.3,133,0.2
2014-04-04,425.0,3.9,1.3,158,1.0
2014-04-05,448.0,12.3,2.3,135,-0.0
2014-04-06,380.0,6.2,0.7,121,2.1
2014-04-07,372.0,7.4,2.3,114,-0.1
2014-04-08,419.0,2.9,1.0,117,1.1
2014-04-09,444.0,1.2,1.0,94,-0.1
2014-04-10,393.0,1.3,0.3,65,0.8
2014-04-11,373.0,5.8,1.7,61,-2.0
2014-04-12,339.0,9.0,3.3,73,-4.6
2014-04-13,351.0,6.3,3.0,80,-3.2
2014-04-14,365.0,3.7,1.7,105,-0.6
2014-04-15,348.0,3.8,1.3,145,-1.0
2014-04-16,311.0,8.2,0.7,187,-1.1
2014-04-17,371.0,10.3,2.3,199,0.2
2014-04-18,443.0,4.3,1.7,178,3.4
2014-04-19,497.0,6.3,2.7,178,1.8
2014-04-20,590.0,6.6,3.3,173,2.7
2014-04-21,579.0,4.7,3.0,150,0.8
2014-04-22,486.0,2.4,0.7,123,1.3
2014-04-23,422.0,2.5,1.3,85,0.3
2014-04-24,431.0,3.3,2.7,72,-0.9
2014-04-25,426.0,2.4,2.0,57,-1.5
2014-04-26,371.0,3.2,1.3,45,-2.1
2014-04-27,334.0,4.4,0.7,77,0.2
2014-04-28,308.0,6.7,1.0,80,-2.2
2014-04-29,278.0,10.4,0.7,77,-0.2
2014-04-30,305.0,12.0,3.0,82,-6.2
2014-05-01,341.0,7.3,1.0,88,2.0
2014-05-02,346.0,4.5,0.3,115,1.5
2014-05-03,323.0,11.2,1.0,123,-0.4
2014-05-04,349.0,13.6,2.7,127,-0.9
2014-05-05,354.0,6.2,2.0,142,-0.9
2014-05-06,368.0,2.3,0.3,148,2.1
2014-05-07,338.0,3.7,0.7,120,-0.6
2014-05-08,346.0,13.0,3.3,132,-4.2
2014-05-09,375.0,6.4,1.3,139,1.3
2014-05-10,367.0,6.1,1.7,123,-0.3
2014-05-11,394.0,6.4,2.3,150,-1.6
2014-05-12,422.0,4.2,1.7,154,-0.6
2014-05-13,356.0,8.4,0.7,133,0.2
2014-05-14,341.0,6.1,1.0,166,1.1
2014-05-15,336.0,6.1,1.0,156,1.3
2014-05-16,337.0,6.4,1.0,133,1.3
2014-05-17,334.0,4.1,0.7,151,-0.3
2014-05-18,337.0,5.3,1.0,138,0.1
2014-05-19,343.0,6.0,1.0,102,0.9
2014-05-20,336.0,4.7,0.7,87,0.1
2014-05-21,318.0,7.1,0.3,85,0.5
2014-05-22,332.0,9.7,1.7,66,-0.7
2014-05-23,459.0,5.0,2.7,91,1.2
2014-05-24,456.0,1.8,1.0,109,-0.0
2014-05-25,421.0,2.5,0.7,109,0.0
2014-05-26,359.0,2.7,0.7,91,-0.6
2014-05-27,310.0,7.0,0.7,78,-0.3
2014-05-28,323.0,6.0,1.0,70,0.4
2014-05-29,336.0,6.9,1.3,48,0.2
2014-05-30,338.0,9.3,2.0,55,0.7
2014-05-31,329.0,12.7,0.3,57,5.3
2014-06-01,300.0,9.4,0.7,64,1.5
2014-06-02,294.0,11.1,0.7,62,1.0
2014-06-03,325.0,12.0,1.3,74,3.8
2014-06-04,332.0,9.7,1.3,64,-0.6
2014-06-05,335.0,7.8,1.7,87,-0.8
2014-06-06,347.0,6.8,1.0,119,1.0
2014-06-07,368.0,9.2,2.3,133,0.4
2014-06-08,531.0,12.8,4.0,142,1.8
2014-06-09,516.0,1.5,1.0,156,-0.5
2014-06-10,428.0,2.7,1.7,162,1.0
2014-06-11,541.0,2.4,1.7,174,0.5
2014-06-12,454.0,1.8,0.7,197,1.7
2014-06-13,351.0,7.3,1.0,182,1.8
2014-06-14,386.0,6.1,1.7,137,0.3
2014-06-15,370.0,4.5,0.7,74,1.8
2014-06-16,357.0,5.8,1.3,84,0.1
2014-06-17,374.0,7.7,1.7,95,-0.4
2014-06-18,429.0,4.7,3.0,120,-0.9
2014-06-19,438.0,4.2,2.0,95,-0.3
2014-06-20,428.0,7.0,2.0,80,0.7
2014-06-21,439.0,2.5,1.3,93,-0.3
2014-06-22,382.0,2.3,0.7,90,-0.6
2014-06-23,351.0,2.9,0.7,77,-0.2
2014-06-24,330.0,7.8,1.3,40,-1.1
2014-06-25,316.0,12.5,1.3,55,0.3
2014-06-26,344.0,5.8,0.7,67,1.0
2014-06-27,327.0,4.7,0.7,67,0.6
2014-06-28,314.0,8.6,1.3,71,-0.9
2014-06-29,344.0,8.9,1.3,93,-0.2
2014-06-30,346.0,8.7,1.0,132,2.3
2014-07-01,326.0,5.8,0.7,134,0.2
2014-07-02,309.0,9.3,1.0,145,0.0
2014-07-03,322.0,9.3,1.3,167,-1.3
2014-07-04,320.0,7.9,1.0,172,-0.1
2014-07-05,292.0,7.5,0.7,194,0.8
2014-07-06,273.0,10.6,0.7,185,1.1
2014-07-07,289.0,9.9,1.3,197,-0.5
2014-07-08,313.0,7.0,1.3,183,-0.8
2014-07-09,342.0,7.6,1.7,162,-0.8
2014-07-10,388.0,5.3,1.7,161,-1.0
2014-07-11,369.0,4.1,1.3,144,-1.3
2014-07-12,359.0,3.8,1.3,119,-2.2
2014-07-13,346.0,5.2,1.0,86,1.1
2014-07-14,343.0,14.0,1.7,62,6.8
2014-07-15,436.0,4.2,1.7,18,0.5
2014-07-16,411.0,2.7,1.0,10,0.2
2014-07-17,389.0,3.8,0.7,0,0.1
2014-07-18,326.0,3.0,0.3,15,0.3
2014-07-19,309.0,3.7,0.3,35,-0.2
2014-07-20,285.0,7.6,0.7,35,-0.3
2014-07-21,282.0,13.1,0.7,17,-1.7
2014-07-22,328.0,7.1,1.0,39,0.1
2014-07-23,320.0,8.4,1.0,65,0.5
2014-07-24,339.0,6.3,1.3,62,0.1
2014-07-25,340.0,7.9,1.3,64,0.2
2014-07-26,364.0,6.0,1.7,58,-0.9
2014-07-27,344.0,5.9,1.0,78,1.0
2014-07-28,391.0,9.9,2.0,109,1.1
2014-07-29,359.0,6.4,0.7,137,0.7
2014-07-30,324.0,5.3,0.7,122,-0.0
2014-07-31,322.0,8.8,1.3,131,-1.2
2014-08-01,341.0,8.5,2.0,165,0.7
2014-08-02,406.0,3.7,2.0,165,-1.2
2014-08-03,390.0,5.1,1.3,153,0.4
2014-08-04,416.0,6.4,2.3,146,-1.2
2014-08-05,462.0,5.0,2.3,128,-0.7
2014-08-06,444.0,2.7,1.7,113,-1.1
2014-08-07,387.0,4.0,1.3,123,-0.6
2014-08-08,368.0,4.2,1.7,89,-0.7
2014-08-09,339.0,5.7,0.7,83,0.1
2014-08-10,343.0,6.2,1.7,62,0.4
2014-08-11,414.0,6.2,1.3,69,2.0
2014-08-12,452.0,4.1,2.3,75,1.1
2014-08-13,430.0,2.8,1.3,79,0.3
2014-08-14,369.0,3.3,1.0,86,-0.3
2014-08-15,347.0,4.4,1.0,107,0.1
2014-08-16,291.0,5.6,0.3,109,0.3
2014-08-17,301.0,19.4,1.3,116,2.4
2014-08-18,293.0,10.4,1.0,105,1.0
2014-08-19,358.0,14.8,2.3,93,0.4
2014-08-20,356.0,6.4,1.3,102,11.3
2014-08-21,330.0,5.1,2.3,120,-4.8
2014-08-22,344.0,5.5,0.7,125,-0.4
2014-08-23,312.0,8.6,1.0,150,-0.4
2014-08-24,283.0,9.5,0.3,149,0.2
2014-08-25,266.0,11.5,0.3,116,0.9
2014-08-26,278.0,14.6,0.7,86,1.2
2014-08-27,304.0,15.4,3.3,95,-7.4
2014-08-28,326.0,7.4,3.3,82,-4.8
2014-08-29,405.0,8.4,3.3,66,-1.3
2014-08-30,414.0,6.7,2.7,76,-0.5
2014-08-31,427.0,6.7,2.7,82,-2.2
2014-09-01,423.0,4.0,2.3,96,-0.5
2014-09-02,413.0,4.6,2.3,110,-1.1
2014-09-03,404.0,4.2,2.0,102,-1.3
2014-09-04,396.0,4.2,1.7,120,0.5
2014-09-05,380.0,7.4,1.7,116,-1.5
2014-09-06,360.0,14.0,2.3,142,1.5
2014-09-07,362.0,5.2,1.3,165,1.8
2014-09-08,398.0,2.4,1.3,154,1.8
2014-09-09,380.0,3.6,1.7,175,-0.5
2014-09-10,357.0,7.8,1.7,169,1.2
2014-09-11,365.0,8.9,2.3,160,-1.3
2014-09-12,510.0,13.5,4.0,126,2.2
2014-09-13,637.0,3.8,2.3,125,13.3
2014-09-14,495.0,0.7,0.3,104,5.0
2014-09-15,449.0,1.3,0.3,94,2.2
2014-09-16,415.0,4.3,1.7,114,0.6
2014-09-17,379.0,6.8,1.3,123,4.1
2014-09-18,369.0,7.3,1.7,82,2.7
2014-09-19,426.0,16.2,3.3,79,1.1
2014-09-20,503.0,3.2,1.3,80,1.6
2014-09-21,510.0,2.4,1.3,95,1.4
2014-09-22,436.0,3.6,2.0,101,-1.7
2014-09-23,413.0,5.2,2.3,119,-1.2
2014-09-24,416.0,6.9,3.7,108,-2.6
2014-09-25,443.0,7.3,2.7,144,-0.0
2014-09-26,447.0,6.2,3.0,165,-1.3
2014-09-27,410.0,6.5,2.7,181,-1.8
2014-09-28,404.0,4.3,1.7,193,-0.3
2014-09-29,369.0,5.1,2.0,180,-1.7
2014-09-30,374.0,5.9,2.7,178,-2.7
2014-10-01,372.0,5.2,2.3,135,-1.2
2014-10-02,371.0,4.9,1.7,126,-1.4
2014-10-03,345.0,9.4,0.7,117,0.2
2014-10-04,354.0,13.2,1.3,105,5.0
2014-10-05,393.0,7.9,1.3,89,2.6
2014-10-06,398.0,4.9,1.3,68,0.9
2014-10-07,361.0,5.3,1.0,68,0.5
2014-10-08,352.0,10.6,2.0,74,-2.1
2014-10-09,340.0,7.2,2.7,59,-2.0
2014-10-10,325.0,7.0,1.7,36,-0.9
2014-10-11,343.0,13.6,1.7,30,-1.0
2014-10-12,332.0,19.9,0.7,30,0.1
2014-10-13,350.0,15.2,1.3,42,1.8
2014-10-14,407.0,12.7,2.7,74,1.6
2014-10-15,427.0,9.5,1.7,89,1.2
2014-10-16,413.0,5.9,1.7,70,1.3
2014-10-17,425.0,5.5,1.7,64,0.5
2014-10-18,450.0,9.7,3.0,61,-1.7
2014-10-19,415.0,4.0,2.0,92,-0.6
2014-10-20,487.0,6.2,3.7,110,-2.0
2014-10-21,579.0,1.9,3.0,107,-0.4
2014-10-22,481.0,3.5,2.7,123,-1.3
2014-10-23,434.0,5.3,2.0,132,-0.9
2014-10-24,433.0,3.7,2.0,138,-1.0
2014-10-25,388.0,4.9,2.0,136,-0.7
2014-10-26,363.0,7.5,2.3,132,-1.7
2014-10-27,401.0,4.3,2.7,107,-2.1
2014-10-28,410.0,3.3,2.7,101,-1.5
2014-10-29,376.0,3.0,1.7,92,-1.1
2014-10-30,339.0,9.5,1.0,102,-0.3
2014-10-31,415.0,7.5,1.3,80,2.7
2014-11-01,482.0,4.0,1.7,90,4.0
2014-11-02,468.0,6.0,1.7,98,2.5
2014-11-03,422.0,6.6,1.0,112,0.7
2014-11-04,421.0,18.2,3.0,109,0.6
2014-11-05,499.0,7.1,2.7,137,1.7
2014-11-06,479.0,4.9,1.7,101,1.1
2014-11-07,459.0,9.4,2.7,106,1.2
2014-11-08,466.0,5.9,2.0,86,0.6
2014-11-09,427.0,4.5,2.0,75,0.9
2014-11-10,482.0,7.5,3.3,69,2.7
2014-11-11,473.0,4.8,2.3,89,2.9
2014-11-12,551.0,,1.7,92,3.9
2014-11-13,471.0,4.3,1.0,112,2.3
2014-11-14,488.0,6.5,2.7,102,0.5
2014-11-15,522.0,3.4,3.0,111,-1.3
2014-11-16,590.0,2.1,3.3,103,-1.1
2014-11-17,459.0,2.6,2.3,99,-0.3
2014-11-18,445.0,4.3,2.3,77,-0.9
2014-11-19,414.0,6.6,1.7,65,0.5
2014-11-20,390.0,6.4,2.3,74,-1.8
2014-11-21,385.0,5.2,2.7,75,-1.4
2014-11-22,368.0,5.3,2.0,84,-1.8
2014-11-23,401.0,3.8,2.0,78,-1.8
2014-11-24,375.0,2.6,1.7,103,-1.8
2014-11-25,363.0,,1.3,117,-1.0
2014-11-26,324.0,,1.0,139,-1.8
2014-11-27,355.0,9.9,1.7,152,1.3
2014-11-28,360.0,9.7,0.7,143,3.3
2014-11-29,380.0,13.9,1.0,157,4.4
2014-11-30,392.0,10.1,2.0,154,2.1
2014-12-01,457.0,10.4,2.0,141,1.4
2014-12-02,523.0,6.8,2.3,125,-0.5
2014-12-03,444.0,8.0,1.7,115,1.9
2014-12-04,490.0,5.8,2.0,93,1.3
2014-12-05,460.0,6.1,2.3,65,-0.5
2014-12-06,502.0,13.6,2.3,57,5.6
2014-12-07,718.0,3.1,3.7,57,-0.4
2014-12-08,665.0,4.1,3.0,71,0.2
2014-12-09,565.0,4.7,3.0,69,-1.5
2014-12-10,491.0,5.2,1.7,90,-0.1
2014-12-11,418.0,9.0,1.0,104,0.6
2014-12-12,507.0,6.1,3.3,115,-0.8
2014-12-13,551.0,2.3,2.0,140,0.6
2014-12-14,440.0,3.8,2.3,162,-1.4
2014-12-15,472.0,6.7,2.7,166,-0.5
2014-12-16,437.0,4.4,1.7,175,-0.6
2014-12-17,399.0,4.3,1.3,178,0.7
2014-12-18,368.0,5.1,1.3,154,0.3
2014-12-19,360.0,4.5,2.0,175,-0.3
2014-12-20,342.0,4.4,1.7,138,-1.4
2014-12-21,366.0,8.6,2.7,137,-3.5
2014-12-22,405.0,14.4,2.7,118,6.9
2014-12-23,395.0,9.0,2.0,115,6.7
2014-12-24,517.0,2.2,3.0,93,-0.9
2014-12-25,460.0,2.6,2.3,97,-1.5
2014-12-26,456.0,5.3,3.0,88,-1.2
2014-12-27,437.0,4.5,1.3,91,0.4
2014-12-28,389.0,9.9,2.0,100,0.4
2014-12-29,542.0,9.0,3.3,94,-0.3
2014-12-30,658.0,3.7,3.0,88,0.2
2014-12-31,522.0,5.6,2.0,88,0.2
2015-01-01,498.0,3.4,1.3,104,-0.6
2015-01-02,419.0,11.3,2.3,122,-2.1
2015-01-03,447.0,8.8,2.3,102,1.4
2015-01-04,410.0,7.8,3.0,105,-4.4
2015-01-05,494.0,5.2,2.7,88,0.3
2015-01-06,490.0,5.7,2.7,89,2.9
2015-01-07,450.0,14.3,3.3,103,2.3
2015-01-08,469.0,6.9,2.7,99,0.0
2015-01-09,457.0,3.2,1.7,111,0.2
2015-01-10,426.0,4.6,2.0,106,0.3
2015-01-11,482.0,2.1,2.3,122,-0.1
2015-01-12,434.0,4.2,1.7,124,0.3
2015-01-13,425.0,5.1,2.0,101,-0.0
2015-01-14,394.0,5.1,1.7,80,0.7
2015-01-15,400.0,4.8,1.0,59,1.9
2015-01-16,382.0,5.7,1.7,52,-0.2
2015-01-17,347.0,5.1,1.3,40,0.5
2015-01-18,326.0,6.0,1.0,68,-0.2
2015-01-19,306.0,6.6,1.0,66,-0.5
2015-01-20,295.0,12.4,0.3,56,2.5
2015-01-21,383.0,30.7,2.3,43,2.2
2015-01-22,461.0,6.8,2.7,50,0.3
2015-01-23,423.0,5.9,2.0,60,-0.7
2015-01-24,374.0,6.1,1.3,59,-0.9
2015-01-25,347.0,8.9,1.3,62,-1.6
2015-01-26,359.0,16.1,3.0,109,-2.7
2015-01-27,451.0,9.8,2.7,126,-0.7
2015-01-28,446.0,7.5,1.7,141,-0.3
2015-01-29,392.0,11.7,2.0,146,-0.9
2015-01-30,410.0,8.1,2.0,153,-0.4
2015-01-31,418.0,8.6,2.0,138,-1.8
2015-02-01,542.0,9.2,3.3,113,0.7
2015-02-02,658.0,4.4,4.0,93,-1.3
2015-02-03,597.0,2.8,3.0,89,-0.4
2015-02-04,477.0,3.5,2.0,96,-1.1
2015-02-05,413.0,8.6,2.3,93,-1.0
2015-02-06,423.0,4.4,1.3,89,1.6
2015-02-07,407.0,6.5,2.0,76,-0.0
2015-02-08,492.0,3.1,2.3,84,0.0
2015-02-09,428.0,3.4,1.7,88,0.5
2015-02-10,382.0,3.7,1.3,84,0.3
2015-02-11,374.0,4.1,1.3,60,1.6
2015-02-12,345.0,5.8,1.0,51,-0.1
2015-02-13,330.0,5.9,0.3,62,1.4
2015-02-14,322.0,9.4,0.3,53,2.4
2015-02-15,325.0,9.4,1.7,65,1.0
2015-02-16,338.0,11.0,1.3,41,3.0
2015-02-17,370.0,10.6,3.7,39,-4.6
2015-02-18,434.0,6.5,3.0,87,-1.8
2015-02-19,391.0,5.4,2.0,89,-1.0
2015-02-20,350.0,6.5,1.3,64,-1.3
2015-02-21,335.0,8.0,1.7,58,-0.5
2015-02-22,318.0,11.9,1.7,43,-2.0
2015-02-23,384.0,19.4,3.0,46,-1.7
2015-02-24,469.0,8.4,3.3,44,1.1
2015-02-25,470.0,3.9,2.0,21,1.3
2015-02-26,410.0,4.0,1.0,22,-0.7
2015-02-27,345.0,10.0,0.3,58,0.6
2015-02-28,378.0,17.2,2.3,60,-2.3
2015-03-01,517.0,7.3,3.3,65,-1.8
2015-03-02,572.0,6.0,3.7,52,-2.0
2015-03-03,498.0,4.1,2.3,42,-1.0
2015-03-04,465.0,7.0,2.0,37,1.1
2015-03-05,446.0,5.5,1.3,26,1.2
2015-03-06,469.0,7.4,2.3,35,2.1
2015-03-07,539.0,5.6,3.7,17,0.0
2015-03-08,557.0,4.2,2.3,28,0.5
2015-03-09,455.0,3.6,1.0,23,1.0
2015-03-10,380.0,4.9,1.0,27,1.5
2015-03-11,385.0,8.5,2.0,44,0.4
2015-03-12,401.0,7.4,1.7,56,1.0
2015-03-13,401.0,7.4,1.3,76,2.4
2015-03-14,338.0,11.4,1.3,55,0.8
2015-03-15,318.0,18.8,1.7,53,-0.3
2015-03-16,380.0,23.3,2.3,46,5.1
2015-03-17,532.0,17.5,6.0,38,-6.2
2015-03-18,595.0,4.5,5.0,41,-1.1
2015-03-19,601.0,3.5,3.7,49,-0.9
2015-03-20,570.0,2.7,3.7,20,-0.6
2015-03-21,626.0,3.0,2.3,26,1.6
2015-03-22,634.0,4.1,3.0,81,1.9
2015-03-23,587.0,3.0,3.3,99,0.4
2015-03-24,532.0,3.4,2.3,108,1.0
2015-03-25,546.0,5.7,2.7,99,1.2
2015-03-26,451.0,5.5,2.0,105,0.4
2015-03-27,406.0,6.2,2.0,101,-0.6
2015-03-28,403.0,10.9,2.0,81,3.4
2015-03-29,373.0,11.7,2.3,72,-2.0
2015-03-30,333.0,6.4,1.0,51,-0.3
2015-03-31,370.0,11.1,2.0,38,4.9
2015-04-01,408.0,10.3,1.7,43,6.0
2015-04-02,428.0,10.6,2.3,35,1.8
2015-04-03,524.0,6.2,2.7,35,3.0
2015-04-04,526.0,3.6,2.3,54,1.3
2015-04-05,545.0,3.6,1.7,55,1.6
2015-04-06,482.0,3.1,1.3,53,0.5
2015-04-07,404.0,3.8,1.0,51,0.8
2015-04-08,344.0,4.2,0.7,43,1.1
2015-04-09,363.0,12.4,2.7,47,0.4
2015-04-10,404.0,16.6,4.0,41,1.2
2015-04-11,366.0,10.5,3.0,59,-3.5
2015-04-12,344.0,9.3,0.7,86,1.5
2015-04-13,335.0,15.8,1.3,103,-0.3
2015-04-14,319.0,26.6,2.3,105,-0.8
2015-04-15,473.0,13.5,3.7,96,0.8
2015-04-16,599.0,5.2,4.7,100,-2.6
2015-04-17,647.0,2.6,3.3,117,-0.1
2015-04-18,545.0,3.8,2.3,140,-0.1
2015-04-19,424.0,5.4,2.0,137,-1.9
2015-04-20,401.0,14.6,2.3,128,1.4
2015-04-21,556.0,5.6,3.7,127,0.7
2015-04-22,535.0,4.6,2.3,138,0.6
2015-04-23,442.0,3.8,1.3,117,1.0
2015-04-24,380.0,3.1,0.7,83,-0.5
2015-04-25,341.0,5.9,0.0,69,1.0
2015-04-26,309.0,9.7,0.3,65,1.5
2015-04-27,309.0,8.6,1.0,47,-1.9
2015-04-28,313.0,8.5,1.3,41,-1.7
2015-04-29,298.0,9.6,1.0,30,-1.6
2015-04-30,322.0,9.5,1.0,15,1.6
2015-05-01,387.0,5.2,1.3,19,2.3
2015-05-02,408.0,4.8,1.7,34,1.4
2015-05-03,385.0,3.5,1.7,44,0.6
2015-05-04,374.0,3.9,1.7,103,0.7
2015-05-05,366.0,4.6,1.3,104,0.4
2015-05-06,443.0,15.3,3.3,124,1.6
2015-05-07,412.0,8.0,1.7,145,6.9
2015-05-08,383.0,8.6,1.3,150,-0.6
2015-05-09,386.0,10.0,1.7,139,1.1
2015-05-10,369.0,8.2,2.0,163,-1.0
2015-05-11,355.0,10.0,2.7,163,-3.7
2015-05-12,364.0,18.3,3.0,165,-2.6
2015-05-13,638.0,5.0,5.0,172,-1.6
2015-05-14,663.0,1.7,2.0,164,0.9
2015-05-15,530.0,2.5,1.7,124,-0.3
2015-05-16,446.0,5.0,1.3,103,-0.4
2015-05-17,387.0,6.9,1.3,89,1.4
2015-05-18,384.0,8.1,2.3,101,3.0
2015-05-19,505.0,6.5,2.3,77,3.8
2015-05-20,458.0,2.2,1.7,59,-0.6
2015-05-21,403.0,1.1,0.3,50,-0.2
2015-05-22,372.0,1.7,0.3,73,0.9
2015-05-23,333.0,5.6,0.7,72,-0.2
2015-05-24,332.0,7.2,1.0,78,-0.5
2015-05-25,320.0,6.9,0.3,67,0.2
2015-05-26,311.0,13.0,1.3,53,-0.1
2015-05-27,297.0,8.4,1.0,14,-0.2
2015-05-28,322.0,10.6,1.7,12,0.4
2015-05-29,385.0,7.9,1.7,33,2.7
2015-05-30,392.0,5.7,1.0,31,1.1
2015-05-31,362.0,5.9,1.0,29,-0.2
2015-06-01,339.0,5.9,1.7,27,0.3
2015-06-02,330.0,5.8,0.3,44,3.3
2015-06-03,315.0,6.5,0.7,49,1.3
2015-06-04,278.0,5.8,0.3,80,1.1
2015-06-05,280.0,8.1,0.3,90,0.9
2015-06-06,307.0,17.1,1.0,109,1.1
2015-06-07,327.0,18.9,1.7,124,3.5
2015-06-08,556.0,7.3,4.3,112,-1.8
2015-06-09,627.0,3.3,2.7,92,0.0
2015-06-10,634.0,2.8,2.7,93,-0.0
2015-06-11,573.0,2.5,2.0,95,-0.3
2015-06-12,478.0,7.9,1.7,98,0.1
2015-06-13,484.0,4.9,2.3,97,-0.8
2015-06-14,528.0,8.0,3.0,90,1.2
2015-06-15,563.0,3.0,2.7,54,-1.0
2015-06-16,512.0,3.8,2.3,70,0.5
2015-06-17,487.0,3.5,2.7,80,-0.9
2015-06-18,422.0,2.6,1.7,77,-0.3
2015-06-19,363.0,2.2,0.7,68,-0.3
2015-06-20,301.0,3.5,0.3,64,0.3
2015-06-21,304.0,16.1,1.3,61,0.8
2015-06-22,457.0,19.3,4.3,56,0.8
2015-06-23,627.0,3.7,5.3,45,-1.7
2015-06-24,615.0,2.0,3.0,36,-0.4
2015-06-25,602.0,4.4,4.0,27,-0.4
2015-06-26,518.0,1.6,1.7,23,-0.7
2015-06-27,578.0,1.6,2.0,21,1.2
2015-06-28,454.0,2.3,2.7,32,-1.1
2015-06-29,401.0,3.9,1.3,39,1.9
2015-06-30,379.0,9.5,1.3,41,0.1
2015-07-01,390.0,6.1,1.0,54,0.5
2015-07-02,365.0,4.2,0.3,75,-0.1
2015-07-03,319.0,7.8,0.3,88,0.6
2015-07-04,373.0,17.5,2.3,99,0.3
2015-07-05,497.0,4.4,3.3,109,-0.2
2015-07-06,499.0,2.5,2.0,97,-0.4
2015-07-07,448.0,2.0,1.0,112,0.2
2015-07-08,388.0,3.2,1.0,123,-0.9
2015-07-09,366.0,4.2,1.0,110,-0.5
2015-07-10,341.0,12.5,1.3,103,-0.0
2015-07-11,580.0,8.1,3.7,92,-0.3
2015-07-12,590.0,2.4,2.7,71,-0.3
2015-07-13,546.0,4.7,4.0,53,-3.7
2015-07-14,453.0,3.4,1.3,43,2.6
2015-07-15,515.0,2.4,1.7,43,0.7
2015-07-16,493.0,2.0,1.7,50,-0.0
2015-07-17,420.0,2.4,1.0,50,-0.4
2015-07-18,338.0,3.1,0.7,58,-0.5
2015-07-19,304.0,7.0,0.3,44,-0.3
2015-07-20,292.0,18.8,0.7,36,0.4
2015-07-21,368.0,15.2,2.0,36,1.5
2015-07-22,354.0,10.7,1.7,36,0.0
2015-07-23,445.0,4.8,3.3,29,-2.6
2015-07-24,424.0,3.0,1.3,31,-0.3
2015-07-25,413.0,3.0,1.7,34,-0.7
2015-07-26,423.0,4.2,1.7,40,0.2
2015-07-27,471.0,6.4,2.0,51,-0.1
2015-07-28,443.0,4.5,1.7,62,-0.9
2015-07-29,384.0,5.0,1.3,67,-0.1
2015-07-30,364.0,13.9,2.3,76,-0.9
2015-07-31,491.0,6.5,2.7,69,1.6
2015-08-01,557.0,3.0,2.0,64,1.3
2015-08-02,575.0,2.4,2.3,53,0.2
2015-08-03,498.0,2.7,1.7,61,0.5
2015-08-04,440.0,3.8,1.7,90,-0.1
2015-08-05,394.0,4.5,1.0,94,0.3
2015-08-06,484.0,5.0,2.3,108,-1.0
2015-08-07,519.0,5.4,3.0,112,-0.5
2015-08-08,493.0,5.1,2.3,93,-0.6
2015-08-09,514.0,5.5,2.3,76,-0.6
2015-08-10,497.0,5.6,2.0,69,-0.4
2015-08-11,422.0,3.7,1.7,78,-1.2
2015-08-12,395.0,6.2,2.3,66,-1.3
2015-08-13,378.0,5.5,2.0,55,-2.9
2015-08-14,341.0,5.8,0.7,46,1.9
2015-08-15,426.0,13.9,4.0,39,-2.1
2015-08-16,517.0,6.1,4.0,38,-1.8
2015-08-17,554.0,4.0,3.7,33,-1.7
2015-08-18,485.0,3.0,2.0,39,-0.9
2015-08-19,467.0,4.6,3.3,50,-2.9
2015-08-20,482.0,4.1,2.7,65,0.7
2015-08-21,458.0,3.1,1.3,73,0.2
2015-08-22,383.0,6.2,2.0,71,-0.8
2015-08-23,489.0,9.5,3.7,81,-2.0
2015-08-24,464.0,3.3,1.7,81,-0.5
2015-08-25,397.0,5.2,2.0,69,-1.9
2015-08-26,398.0,10.7,4.0,47,-5.6
2015-08-27,358.0,11.4,5.0,55,-7.9
2015-08-28,360.0,13.6,4.7,44,-6.0
2015-08-29,452.0,8.1,2.7,56,1.2
2015-08-30,424.0,3.9,1.0,56,0.8
2015-08-31,386.0,4.2,1.0,35,0.7
2015-09-01,358.0,6.3,1.0,43,0.3
2015-09-02,382.0,8.0,1.7,36,0.6
2015-09-03,421.0,7.4,1.7,29,-1.4
2015-09-04,470.0,6.2,3.3,37,-1.7
2015-09-05,466.0,4.2,2.7,27,-0.4
2015-09-06,463.0,5.4,2.7,43,-0.6
2015-09-07,529.0,6.0,4.3,44,-2.7
2015-09-08,501.0,13.5,3.0,42,6.0
2015-09-09,422.0,10.6,5.3,57,-7.4
2015-09-10,411.0,17.2,2.3,46,0.9
2015-09-11,557.0,9.5,5.0,81,-0.4
2015-09-12,543.0,3.5,3.0,89,-0.6
2015-09-13,463.0,5.0,2.3,83,-1.2
2015-09-14,466.0,5.3,2.7,56,-0.5
2015-09-15,494.0,4.6,3.0,68,-0.4
2015-09-16,479.0,4.5,2.3,86,-0.4
2015-09-17,453.0,3.8,2.0,75,-0.5
2015-09-18,420.0,6.9,2.7,71,-2.4
2015-09-19,415.0,9.1,2.7,64,0.5
2015-09-20,513.0,5.4,4.3,65,-1.8
2015-09-21,537.0,3.3,2.0,78,2.6
2015-09-22,578.0,3.7,2.3,86,1.7
2015-09-23,506.0,4.5,2.3,96,1.4
2015-09-24,465.0,4.2,1.7,101,0.7
2015-09-25,476.0,5.0,1.7,152,0.8
2015-09-26,430.0,4.5,1.0,162,1.5
2015-09-27,416.0,4.6,0.7,169,1.9
2015-09-28,366.0,4.3,0.7,156,0.6
2015-09-29,345.0,4.0,1.0,120,0.3
2015-09-30,313.0,8.9,0.3,95,0.7
2015-10-01,322.0,15.3,2.0,89,-2.6
2015-10-02,353.0,6.0,2.7,59,-3.5
2015-10-03,383.0,7.9,2.3,50,-2.2
2015-10-04,445.0,2.8,3.0,21,-3.6
2015-10-05,458.0,4.6,3.0,18,-1.6
2015-10-06,398.0,7.6,3.3,25,-3.0
2015-10-07,524.0,13.6,5.7,32,-4.7
2015-10-08,741.0,2.5,5.0,36,-1.0
2015-10-09,671.0,2.2,4.0,26,-1.0
2015-10-10,596.0,1.4,2.3,12,0.0
2015-10-11,470.0,3.8,2.7,31,-0.9
2015-10-12,477.0,6.7,3.3,52,-1.2
2015-10-13,534.0,3.9,3.7,62,-1.1
2015-10-14,500.0,2.7,3.7,54,-1.8
2015-10-15,452.0,5.8,2.0,51,-0.7
2015-10-16,392.0,6.1,1.7,54,-0.6
2015-10-17,353.0,13.7,2.3,74,-2.3
2015-10-18,415.0,10.7,3.3,72,-1.8
2015-10-19,395.0,4.3,1.0,91,0.3
2015-10-20,370.0,10.2,2.0,95,-1.2
2015-10-21,411.0,12.5,2.3,88,0.8
2015-10-22,409.0,5.8,1.3,104,0.9
2015-10-23,450.0,5.2,1.3,90,1.4
2015-10-24,445.0,7.6,2.0,77,1.2
2015-10-25,464.0,9.7,1.7,67,3.8
2015-10-26,423.0,2.7,0.3,74,1.7
2015-10-27,366.0,2.1,0.7,67,-1.4
2015-10-28,322.0,6.1,0.3,79,0.3
2015-10-29,305.0,11.8,1.0,91,-0.3
2015-10-30,319.0,9.2,2.0,88,-0.9
2015-10-31,338.0,6.8,1.3,83,-0.6
2015-11-01,346.0,10.4,2.0,86,-2.3
2015-11-02,324.0,13.2,1.0,104,1.4
2015-11-03,534.0,31.8,4.0,84,-0.4
2015-11-04,658.0,4.5,4.0,105,-0.6
2015-11-05,546.0,2.6,3.0,85,-0.9
2015-11-06,504.0,3.4,2.7,81,-0.1
2015-11-07,568.0,3.0,4.0,84,-2.1
2015-11-08,487.0,2.8,2.3,76,1.7
2015-11-09,509.0,4.2,4.0,67,-2.4
2015-11-10,658.0,3.2,4.3,71,-1.6
2015-11-11,670.0,1.9,3.3,63,-0.7
2015-11-12,495.0,2.1,1.0,60,-0.3
2015-11-13,415.0,9.4,2.7,50,-1.1
2015-11-14,460.0,5.1,2.0,39,-0.5
2015-11-15,406.0,7.5,2.0,58,0.2
2015-11-16,379.0,6.6,2.7,43,-2.9
2015-11-17,367.0,8.9,2.0,35,-1.1
2015-11-18,393.0,8.9,2.7,29,-0.8
2015-11-19,434.0,9.2,1.7,41,2.4
2015-11-20,388.0,10.4,1.0,53,4.0
2015-11-21,385.0,6.4,0.7,59,0.9
2015-11-22,340.0,6.3,0.3,70,0.7
2015-11-23,325.0,5.9,0.3,55,0.6
2015-11-24,296.0,6.0,0.0,59,0.4
2015-11-25,272.0,10.5,0.0,62,1.9
2015-11-26,265.0,13.7,0.3,64,-0.8
2015-11-27,287.0,18.4,1.7,59,-1.5
2015-11-28,309.0,19.9,1.7,52,0.6
2015-11-29,408.0,14.0,2.0,54,1.6
2015-11-30,491.0,11.4,3.0,48,-0.7
2015-12-01,497.0,4.3,2.7,32,-1.3
2015-12-02,429.0,2.7,2.0,49,-1.4
2015-12-03,400.0,3.0,0.7,36,0.3
2015-12-04,366.0,4.2,1.0,33,-0.4
2015-12-05,413.0,7.6,2.7,49,-0.8
2015-12-06,509.0,5.6,3.7,54,-2.4
2015-12-07,590.0,4.2,3.3,60,-0.3
2015-12-08,555.0,2.4,2.3,57,-0.5
2015-12-09,460.0,4.6,2.0,77,0.4
2015-12-10,562.0,6.2,3.7,82,-0.5
2015-12-11,643.0,3.7,3.3,81,-0.2
2015-12-12,580.0,2.3,2.3,83,-0.6
2015-12-13,498.0,2.6,1.7,81,-0.4
2015-12-14,434.0,10.3,3.0,86,-2.0
2015-12-15,521.0,4.5,2.7,65,0.6
2015-12-16,513.0,1.7,1.0,63,0.9
2015-12-17,440.0,3.7,1.3,56,-0.2
2015-12-18,404.0,4.3,1.0,53,0.1
2015-12-19,406.0,14.4,1.7,50,-0.2
2015-12-20,418.0,30.7,5.7,21,-10.2
2015-12-21,394.0,5.8,4.0,18,-6.1
2015-12-22,434.0,8.7,2.7,73,0.6
2015-12-23,458.0,6.8,2.3,68,-0.1
2015-12-24,496.0,7.6,2.3,68,1.0
2015-12-25,508.0,5.8,2.0,77,1.8
2015-12-26,535.0,4.9,2.7,64,0.7
2015-12-27,535.0,5.6,2.3,67,-0.1
2015-12-28,442.0,6.8,1.3,70,0.4
2015-12-29,395.0,6.1,1.7,58,-1.3
2015-12-30,359.0,7.4,0.7,35,0.2
2015-12-31,445.0,13.5,4.3,22,-3.7
2016-01-01,431.0,2.4,3.3,37,-3.7
2016-01-02,459.0,6.4,2.3,40,-0.1
2016-01-03,455.0,4.8,1.7,51,0.1
2016-01-04,427.0,4.8,1.3,70,0.6
2016-01-05,432.0,10.2,1.3,35,4.8
2016-01-06,574.0,4.4,3.0,31,0.2
2016-01-07,565.0,3.9,2.7,61,-0.3
2016-01-08,513.0,3.4,1.7,86,0.2
2016-01-09,452.0,4.8,1.3,97,1.1
2016-01-10,442.0,6.4,2.0,90,0.0
2016-01-11,491.0,4.2,2.7,47,-1.5
2016-01-12,556.0,3.2,2.7,40,1.7
2016-01-13,541.0,3.0,2.7,38,-0.5
2016-01-14,492.0,2.7,2.0,41,-0.5
2016-01-15,401.0,2.5,1.3,45,-0.2
2016-01-16,364.0,6.4,0.7,44,1.5
2016-01-17,328.0,6.2,0.7,58,-0.5
2016-01-18,309.0,6.7,0.7,54,-0.4
2016-01-19,361.0,16.2,2.0,66,3.8
2016-01-20,356.0,16.1,3.7,62,-5.0
2016-01-21,460.0,12.6,4.0,64,-0.7
2016-01-22,517.0,3.9,2.7,67,0.2
2016-01-23,511.0,4.0,2.3,63,-0.5
2016-01-24,462.0,8.0,2.0,48,0.5
2016-01-25,427.0,4.0,0.3,67,1.4
2016-01-26,357.0,9.6,0.7,69,2.3
2016-01-27,354.0,9.4,1.0,83,2.0
2016-01-28,345.0,7.0,1.0,77,0.3
2016-01-29,315.0,4.3,0.7,64,-0.4
2016-01-30,276.0,12.4,0.3,36,-0.4
2016-01-31,286.0,15.0,2.0,35,-5.0
2016-02-01,295.0,15.0,1.3,44,-0.8
2016-02-02,295.0,25.0,1.3,52,-0.9
2016-02-03,373.0,10.4,2.0,83,2.1
2016-02-04,425.0,6.9,1.3,108,3.3
2016-02-05,465.0,5.4,2.3,103,-0.6
2016-02-06,443.0,4.7,1.7,79,-0.2
2016-02-07,396.0,8.0,1.7,89,-1.7
2016-02-08,401.0,7.0,2.3,89,-0.7
2016-02-09,402.0,9.6,2.0,84,0.2
2016-02-10,372.0,4.8,1.0,75,-1.7
2016-02-11,337.0,6.8,2.0,85,-4.1
2016-02-12,352.0,17.5,2.7,63,3.6
2016-02-13,391.0,12.3,1.7,38,5.4
2016-02-14,392.0,6.7,2.3,46,0.0
2016-02-15,405.0,9.9,2.3,50,-0.2
2016-02-16,518.0,14.1,4.3,42,-1.2
2016-02-17,572.0,5.8,4.3,38,-1.7
2016-02-18,616.0,3.0,4.0,36,-0.8
2016-02-19,560.0,3.3,3.0,46,-1.0
2016-02-20,478.0,2.8,1.3,52,0.1
2016-02-21,348.0,6.6,1.0,47,-1.0
2016-02-22,340.0,9.3,0.7,34,1.5
2016-02-23,364.0,7.0,1.3,37,-1.0
2016-02-24,334.0,9.5,1.7,34,-1.0
2016-02-25,318.0,15.5,1.3,26,1.1
2016-02-26,386.0,5.4,1.7,48,1.4
2016-02-27,379.0,5.7,0.7,26,0.9
2016-02-28,374.0,7.1,0.7,36,0.7
2016-02-29,340.0,10.4,1.0,45,0.6
2016-03-01,366.0,12.5,2.0,68,2.2
2016-03-02,422.0,6.4,1.7,78,3.3
2016-03-03,437.0,3.9,1.7,77,0.2
2016-03-04,384.0,3.6,0.7,111,1.2
2016-03-05,357.0,7.6,0.7,83,1.3
2016-03-06,397.0,18.1,3.0,78,2.4
2016-03-07,550.0,5.4,3.7,79,-2.0
2016-03-08,468.0,4.2,1.7,63,-0.6
2016-03-09,387.0,5.5,1.7,91,-1.4
2016-03-10,334.0,9.7,1.7,80,-2.6
2016-03-11,394.0,22.3,3.0,51,2.8
2016-03-12,507.0,4.7,2.3,70,1.2
2016-03-13,435.0,5.2,0.7,57,2.1
2016-03-14,415.0,12.3,2.0,70,-0.1
2016-03-15,521.0,5.3,3.7,59,-2.2
2016-03-16,498.0,4.4,3.0,79,-1.2
2016-03-17,542.0,3.0,3.7,72,-0.9
2016-03-18,440.0,4.2,2.0,47,-1.6
2016-03-19,428.0,5.0,2.7,37,-1.6
2016-03-20,404.0,3.6,2.3,36,-1.7
2016-03-21,410.0,7.9,1.7,33,1.0
2016-03-22,410.0,6.8,1.3,20,2.2
2016-03-23,420.0,8.2,2.0,21,1.1
2016-03-24,469.0,5.9,1.3,35,1.7
2016-03-25,508.0,2.1,1.3,34,0.4
2016-03-26,378.0,7.7,0.3,32,1.3
2016-03-27,406.0,11.0,2.7,32,2.0
2016-03-28,478.0,6.2,2.0,30,2.6
2016-03-29,519.0,3.9,2.3,20,0.3
2016-03-30,521.0,3.3,2.3,17,0.4
2016-03-31,450.0,2.5,1.3,16,0.2
2016-04-01,386.0,4.8,0.3,12,0.9
2016-04-02,389.0,10.3,2.3,12,-1.5
2016-04-03,424.0,6.2,2.7,12,-1.4
2016-04-04,389.0,4.7,1.3,40,-0.4
2016-04-05,377.0,4.0,1.3,33,-1.2
2016-04-06,390.0,4.7,1.7,20,-1.1
2016-04-07,372.0,15.3,2.3,18,-1.4
2016-04-08,350.0,13.5,1.3,26,3.8
2016-04-09,335.0,9.5,0.3,25,1.7
2016-04-10,356.0,10.7,1.7,34,1.6
2016-04-11,356.0,9.2,1.0,43,1.1
2016-04-12,404.0,11.9,3.0,37,-2.2
2016-04-13,544.0,3.4,3.7,48,-2.6
2016-04-14,452.0,4.5,3.7,46,-3.9
2016-04-15,376.0,8.4,1.7,33,0.9
2016-04-16,410.0,7.1,2.3,42,-1.2
2016-04-17,409.0,16.3,3.3,36,-1.6
2016-04-18,383.0,8.3,1.0,31,3.5
2016-04-19,360.0,3.5,0.3,28,1.9
2016-04-20,339.0,6.7,0.7,25,0.2
2016-04-21,402.0,8.6,1.0,26,2.8
2016-04-22,482.0,6.1,2.3,21,2.0
2016-04-23,445.0,8.3,2.3,13,1.2
2016-04-24,520.0,4.7,2.3,37,2.5
2016-04-25,510.0,3.3,1.3,45,1.4
2016-04-26,463.0,3.6,1.3,57,0.4
2016-04-27,444.0,4.6,2.3,76,-0.4
2016-04-28,419.0,3.7,1.0,90,0.9
2016-04-29,368.0,6.5,0.7,82,1.9
2016-04-30,362.0,11.5,1.7,89,-0.9
2016-05-01,396.0,8.7,2.7,87,-2.3
2016-05-02,475.0,7.3,3.7,83,-2.3
2016-05-03,534.0,2.8,2.3,73,-0.7
2016-05-04,445.0,2.6,0.7,71,0.7
2016-05-05,382.0,5.7,1.7,60,-0.1
2016-05-06,394.0,12.8,2.7,57,-1.5
2016-05-07,467.0,5.8,2.0,34,0.6
2016-05-08,558.0,8.5,5.7,44,-5.1
2016-05-09,645.0,2.3,3.7,52,-1.7
2016-05-10,594.0,1.7,2.7,76,-1.1
2016-05-11,482.0,1.8,1.3,79,-0.8
2016-05-12,400.0,2.2,0.7,83,-0.9
2016-05-13,353.0,4.8,1.7,78,-1.9
2016-05-14,338.0,15.8,2.0,88,-3.8
2016-05-15,411.0,8.7,2.7,87,1.4
2016-05-16,486.0,5.2,2.7,55,-0.6
2016-05-17,514.0,5.0,2.7,38,1.0
2016-05-18,479.0,4.6,1.7,30,0.7
2016-05-19,438.0,6.0,1.7,43,1.1
2016-05-20,437.0,6.5,1.3,46,2.0
2016-05-21,481.0,6.8,2.7,18,0.9
2016-05-22,580.0,1.6,1.7,28,1.1
2016-05-23,491.0,1.8,0.7,16,0.8
2016-05-24,417.0,2.8,1.0,25,0.6
2016-05-25,391.0,3.6,0.3,35,1.0
2016-05-26,350.0,7.8,0.7,34,0.8
2016-05-27,409.0,10.0,2.3,34,-0.7
2016-05-28,499.0,5.8,2.7,33,-0.3
2016-05-29,457.0,3.9,1.7,33,-0.8
2016-05-30,507.0,4.5,2.3,41,-0.4
2016-05-31,470.0,4.9,2.3,36,-0.9
2016-06-01,451.0,3.3,1.3,41,-0.2
2016-06-02,369.0,3.1,0.7,14,-0.3
2016-06-03,302.0,5.1,0.3,0,-0.4
2016-06-04,302.0,9.1,0.7,10,0.4
2016-06-05,423.0,25.1,3.7,0,-1.5
2016-06-06,565.0,4.9,3.3,0,-2.0
2016-06-07,490.0,4.3,2.0,12,0.4
2016-06-08,436.0,3.4,1.3,14,1.1
2016-06-09,374.0,3.4,0.7,19,-0.3
2016-06-10,353.0,12.2,1.3,33,-0.8
2016-06-11,472.0,5.7,2.0,44,-0.1
2016-06-12,459.0,8.1,2.3,42,2.1
2016-06-13,528.0,4.7,2.0,38,1.2
2016-06-14,477.0,7.0,2.7,38,-0.7
2016-06-15,607.0,4.7,2.3,40,3.3
2016-06-16,542.0,3.0,1.7,28,1.6
2016-06-17,564.0,2.5,1.7,39,0.4
2016-06-18,591.0,2.9,2.0,47,0.5
2016-06-19,538.0,2.5,1.0,50,0.6
2016-06-20,454.0,3.0,1.0,36,1.4
2016-06-21,399.0,3.1,0.7,24,0.6
2016-06-22,358.0,10.9,2.0,23,0.3
2016-06-23,400.0,8.4,2.0,12,1.0
2016-06-24,505.0,5.1,2.7,12,-0.6
2016-06-25,473.0,2.7,1.7,0,-0.6
2016-06-26,474.0,5.7,2.3,0,0.4
2016-06-27,474.0,3.8,1.7,0,0.5
2016-06-28,450.0,4.3,1.3,0,0.0
2016-06-29,379.0,5.8,1.0,0,0.5
2016-06-30,351.0,9.9,1.3,0,-0.4
2016-07-01,387.0,7.8,1.3,0,-0.2
2016-07-02,361.0,15.2,1.7,12,0.1
2016-07-03,446.0,7.9,2.0,19,0.7
2016-07-04,424.0,4.4,1.3,0,-0.5
2016-07-05,364.0,5.2,0.7,13,-0.2
2016-07-06,322.0,13.9,1.0,13,-0.6
2016-07-07,437.0,15.0,3.3,25,-0.4
2016-07-08,566.0,6.2,3.3,42,-1.5
2016-07-09,615.0,4.0,2.7,55,0.2
2016-07-10,585.0,2.9,2.3,50,0.6
2016-07-11,511.0,3.4,2.3,62,-0.1
2016-07-12,566.0,3.8,3.3,59,-1.7
2016-07-13,550.0,2.9,1.7,53,0.3
2016-07-14,547.0,4.0,2.3,58,-0.4
2016-07-15,636.0,2.7,2.3,69,-0.4
2016-07-16,566.0,2.7,1.7,61,-0.1
2016-07-17,462.0,3.7,1.3,39,-1.0
2016-07-18,396.0,3.2,0.7,64,-0.2
2016-07-19,337.0,5.9,1.3,59,-0.6
2016-07-20,517.0,11.9,3.0,57,5.3
2016-07-21,446.0,1.6,1.3,52,5.7
2016-07-22,412.0,2.8,1.7,39,-2.1
2016-07-23,387.0,3.5,1.7,28,-0.0
2016-07-24,402.0,8.2,2.3,13,1.5
2016-07-25,432.0,8.9,3.3,0,-2.4
2016-07-26,356.0,7.9,1.0,0,-1.1
2016-07-27,333.0,10.3,0.7,0,1.0
2016-07-28,392.0,22.6,2.7,13,-1.7
2016-07-29,553.0,5.3,2.7,16,0.3
2016-07-30,461.0,3.7,1.3,21,-0.4
2016-07-31,389.0,4.7,0.7,16,0.1
2016-08-01,329.0,5.5,0.7,12,0.1
2016-08-02,367.0,18.4,2.7,12,3.8
2016-08-03,480.0,10.7,4.3,0,-1.3
2016-08-04,574.0,3.7,3.0,16,-0.1
2016-08-05,618.0,2.8,3.0,38,-0.6
2016-08-06,603.0,2.5,2.7,39,0.1
2016-08-07,554.0,3.0,2.3,53,-0.1
2016-08-08,484.0,4.3,2.3,81,0.3
2016-08-09,561.0,3.5,2.7,73,0.1
2016-08-10,611.0,2.5,3.0,77,-0.6
2016-08-11,599.0,2.8,2.0,79,0.7
2016-08-12,552.0,2.7,2.0,73,-1.0
2016-08-13,468.0,2.6,1.0,58,-1.1
2016-08-14,406.0,3.5,0.7,59,0.3
2016-08-15,330.0,6.3,0.7,64,-0.9
2016-08-16,303.0,12.3,1.0,81,-1.4
2016-08-17,363.0,11.2,1.7,58,2.3
2016-08-18,364.0,3.9,1.3,49,-1.7
2016-08-19,331.0,4.4,1.0,47,-1.5
2016-08-20,311.0,6.0,0.7,17,1.0
2016-08-21,343.0,13.0,1.7,14,2.4
2016-08-22,394.0,5.3,1.0,30,-0.3
2016-08-23,396.0,8.6,2.7,48,-1.8
2016-08-24,533.0,5.3,3.0,49,1.4
2016-08-25,534.0,3.7,2.3,48,0.3
2016-08-26,465.0,4.6,1.3,51,1.4
2016-08-27,418.0,4.1,1.0,59,0.3
2016-08-28,376.0,5.2,0.3,64,0.9
2016-08-29,342.0,15.0,1.3,69,0.5
2016-08-30,404.0,8.3,3.0,73,-2.3
2016-08-31,431.0,6.6,1.3,80,-0.1
2016-09-01,483.0,6.6,4.0,78,-2.3
2016-09-02,622.0,4.3,4.3,67,-0.9
2016-09-03,667.0,3.0,4.3,65,-1.4
2016-09-04,668.0,2.7,4.0,50,-0.7
2016-09-05,587.0,2.9,3.0,31,-1.1
2016-09-06,525.0,2.3,2.7,42,-0.8
2016-09-07,488.0,3.8,2.3,58,-0.5
2016-09-08,465.0,4.2,2.7,54,-1.8
2016-09-09,409.0,3.0,0.7,79,0.6
2016-09-10,372.0,4.1,0.7,77,-0.5
2016-09-11,338.0,6.1,0.7,67,-2.0
2016-09-12,307.0,15.6,1.0,59,1.2
2016-09-13,285.0,9.2,1.0,39,-2.8
2016-09-14,307.0,13.2,2.0,27,-3.2
2016-09-15,301.0,12.4,1.3,15,-1.8
2016-09-16,297.0,7.6,0.7,13,1.4
2016-09-17,304.0,13.2,0.7,14,2.4
2016-09-18,335.0,8.9,1.7,39,-0.6
2016-09-19,385.0,13.9,2.0,63,2.7
2016-09-20,654.0,4.3,3.3,53,1.5
2016-09-21,561.0,2.9,1.7,54,1.2
2016-09-22,469.0,3.3,0.7,36,1.4
2016-09-23,394.0,6.2,0.7,60,3.6
2016-09-24,362.0,7.8,1.0,55,1.7
2016-09-25,370.0,13.3,3.3,31,0.2
2016-09-26,421.0,8.2,3.3,28,-2.5
2016-09-27,543.0,6.0,4.3,26,-0.5
2016-09-28,650.0,4.1,4.3,31,-0.8
2016-09-29,680.0,3.0,4.3,17,-1.2
2016-09-30,638.0,2.4,3.3,12,-0.7
2016-10-01,548.0,2.5,3.0,0,-0.8
2016-10-02,514.0,3.8,3.0,15,-0.9
2016-10-03,498.0,3.6,2.7,36,-0.1
2016-10-04,527.0,4.2,3.7,40,-0.7
2016-10-05,510.0,3.6,2.3,41,-0.4
2016-10-06,442.0,5.1,1.3,56,0.3
2016-10-07,429.0,4.4,1.3,59,0.2
2016-10-08,416.0,4.2,1.7,63,-1.1
2016-10-09,361.0,5.2,1.3,69,-1.2
2016-10-10,357.0,11.1,2.0,66,-1.3
2016-10-11,384.0,7.9,0.3,64,2.2
2016-10-12,370.0,6.6,1.0,41,1.2
2016-10-13,411.0,8.9,4.7,41,-11.3
2016-10-14,369.0,6.0,3.0,41,1.2
2016-10-15,485.0,4.6,2.3,36,1.7
2016-10-16,627.0,3.6,3.0,32,1.7
2016-10-17,712.0,2.4,3.3,25,0.5
2016-10-18,636.0,2.0,2.0,29,0.3
2016-10-19,503.0,2.5,1.3,30,0.4
2016-10-20,405.0,5.1,0.3,16,1.6
2016-10-21,369.0,5.6,0.3,28,1.7
2016-10-22,343.0,12.6,1.3,28,0.5
2016-10-23,411.0,7.2,2.0,15,-0.2
2016-10-24,393.0,10.1,3.0,15,-3.3
2016-10-25,557.0,10.7,5.0,17,-2.0
2016-10-26,682.0,3.3,4.7,29,-1.7
2016-10-27,592.0,2.8,4.0,25,-1.5
2016-10-28,594.0,3.0,3.0,36,-0.8
2016-10-29,603.0,3.7,3.7,23,-1.6
2016-10-30,586.0,2.5,3.0,14,-0.9
2016-10-31,505.0,2.8,2.0,13,-0.9
2016-11-01,471.0,4.4,2.3,12,-1.5
2016-11-02,423.0,6.5,2.7,0,-1.2
2016-11-03,396.0,7.5,3.0,28,-3.0
2016-11-04,378.0,6.9,1.0,25,0.8
2016-11-05,351.0,6.3,0.3,24,0.3
2016-11-06,319.0,10.9,1.0,22,-1.0
2016-11-07,310.0,10.6,0.7,11,0.6
2016-11-08,295.0,9.9,0.3,0,0.4
2016-11-09,327.0,21.7,1.7,13,0.1
2016-11-10,381.0,12.8,2.7,24,-1.2
2016-11-11,458.0,8.9,2.3,26,2.1
2016-11-12,610.0,5.8,3.3,12,2.0
2016-11-13,693.0,2.5,3.7,37,0.1
2016-11-14,627.0,2.2,2.3,31,1.0
2016-11-15,539.0,2.2,1.7,27,0.1
2016-11-16,435.0,4.5,1.0,28,0.6
2016-11-17,389.0,4.8,0.7,29,0.3
2016-11-18,361.0,5.6,0.3,28,0.1
2016-11-19,323.0,10.4,0.3,23,0.9
2016-11-20,338.0,13.1,0.7,12,0.3
2016-11-21,338.0,12.8,1.3,0,-0.6
2016-11-22,389.0,10.0,2.3,0,0.4
2016-11-23,441.0,5.8,2.3,11,-1.5
2016-11-24,469.0,8.2,3.3,12,-2.0
2016-11-25,616.0,2.2,4.0,13,-1.3
2016-11-26,632.0,1.9,2.7,24,-0.3
2016-11-27,583.0,2.2,2.0,30,-0.5
2016-11-28,467.0,4.0,2.0,42,-0.5
2016-11-29,427.0,3.7,1.3,46,-0.4
2016-11-30,370.0,4.7,0.7,52,0.3
2016-12-01,364.0,9.5,0.7,55,2.3
2016-12-02,354.0,5.7,0.7,62,-1.1
2016-12-03,313.0,9.1,0.3,52,-0.6
2016-12-04,286.0,16.8,0.3,38,-0.9
2016-12-05,306.0,17.6,1.0,35,1.0
2016-12-06,341.0,14.4,1.7,33,0.3
2016-12-07,365.0,15.1,2.0,19,-1.5
2016-12-08,558.0,8.1,3.3,14,0.3
2016-12-09,644.0,4.1,3.7,20,0.7
2016-12-10,667.0,2.7,3.0,0,0.1
2016-12-11,608.0,3.4,2.7,12,-0.3
2016-12-12,527.0,3.9,1.3,12,1.6
2016-12-13,519.0,2.5,1.0,14,0.9
2016-12-14,468.0,3.1,1.0,23,0.3
2016-12-15,405.0,3.9,0.3,12,0.5
2016-12-16,374.0,5.2,0.3,0,0.6
2016-12-17,367.0,12.1,1.0,13,-0.4
2016-12-18,402.0,7.8,2.0,29,-1.2
2016-12-19,359.0,8.1,1.3,15,-1.0
2016-12-20,347.0,8.9,1.3,22,-0.6
2016-12-21,515.0,7.2,3.3,30,0.0
2016-12-22,633.0,3.6,3.7,16,-0.4
2016-12-23,704.0,2.3,3.3,0,-1.4
2016-12-24,641.0,2.8,2.7,0,0.5
2016-12-25,641.0,3.5,3.3,0,0.2
2016-12-26,673.0,2.8,3.3,0,-0.9
2016-12-27,586.0,2.6,2.3,16,-0.0
2016-12-28,462.0,3.2,1.3,12,-0.2
2016-12-29,389.0,5.2,1.0,11,-1.1
2016-12-30,338.0,8.4,0.7,11,-0.2
2016-12-31,408.0,17.0,2.7,11,-0.6
2017-01-01,512.0,5.5,2.7,12,-1.2
2017-01-02,404.0,6.0,1.7,12,-1.6
2017-01-03,435.0,10.8,2.3,11,-0.8
2017-01-04,463.0,9.4,2.3,0,1.0
2017-01-05,602.0,5.9,3.0,0,-0.4
2017-01-06,691.0,2.4,3.0,0,0.0
2017-01-07,687.0,2.3,3.3,0,-0.2
2017-01-08,675.0,2.3,3.0,0,-0.5
2017-01-09,646.0,1.9,2.3,0,0.0
2017-01-10,569.0,3.1,2.0,0,-0.2
2017-01-11,487.0,4.0,1.7,0,0.1
2017-01-12,396.0,6.4,1.0,11,0.2
2017-01-13,365.0,11.6,1.0,26,0.2
2017-01-14,368.0,8.6,1.0,31,-0.1
2017-01-15,334.0,11.3,1.3,30,-1.3
2017-01-16,317.0,13.3,0.3,25,0.5
2017-01-17,311.0,15.8,0.7,30,0.1
2017-01-18,474.0,14.5,2.7,36,0.6
2017-01-19,593.0,3.4,2.3,33,0.4
2017-01-20,547.0,3.0,2.3,56,0.1
2017-01-21,499.0,4.5,2.3,75,-0.1
2017-01-22,508.0,3.3,2.3,68,0.1
2017-01-23,440.0,3.7,1.0,57,0.3
2017-01-24,349.0,3.9,0.7,43,-0.1
2017-01-25,341.0,9.3,1.0,47,1.5
2017-01-26,420.0,11.1,2.0,40,0.9
2017-01-27,588.0,4.6,3.3,30,0.2
2017-01-28,522.0,4.9,2.0,30,0.3
2017-01-29,440.0,4.7,1.7,34,-0.6
2017-01-30,440.0,9.4,1.3,35,-0.5
2017-01-31,630.0,6.4,3.7,36,-0.3
2017-02-01,682.0,3.3,4.0,47,-0.7
2017-02-02,663.0,2.7,3.7,47,-0.4
2017-02-03,627.0,2.4,3.3,39,-0.8
2017-02-04,566.0,2.5,2.3,20,-1.2
2017-02-05,580.0,3.9,3.0,14,-0.0
2017-02-06,562.0,2.8,2.7,13,-0.6
2017-02-07,504.0,3.0,1.7,13,-0.3
2017-02-08,458.0,4.5,1.0,11,1.2
2017-02-09,421.0,6.3,1.7,19,-0.3
2017-02-10,420.0,5.4,1.7,24,-0.7
2017-02-11,396.0,4.2,0.7,23,-0.6
2017-02-12,348.0,8.4,0.7,21,-0.3
2017-02-13,329.0,11.2,1.3,19,-0.7
2017-02-14,313.0,13.4,0.3,16,0.2
2017-02-15,307.0,12.7,0.7,24,-0.3
2017-02-16,366.0,15.0,2.0,19,0.3
2017-02-17,482.0,7.8,3.3,14,-0.5
2017-02-18,514.0,6.1,2.7,13,0.0
2017-02-19,557.0,3.5,2.0,27,0.5
2017-02-20,505.0,3.8,2.0,32,0.1
2017-02-21,430.0,5.6,1.0,27,1.8
2017-02-22,405.0,7.7,2.0,29,-0.7
2017-02-23,471.0,9.3,2.3,24,0.9
2017-02-24,600.0,3.7,3.3,27,0.7
2017-02-25,511.0,3.0,1.3,32,0.1
2017-02-26,419.0,3.9,0.3,38,1.4
2017-02-27,369.0,10.3,1.7,50,-1.3
2017-02-28,396.0,6.6,2.0,58,-1.2
2017-03-01,510.0,12.7,4.3,59,-0.6
2017-03-02,685.0,2.7,4.0,56,-0.9
2017-03-03,681.0,2.6,3.0,39,-0.0
2017-03-04,656.0,2.4,3.3,0,-0.7
2017-03-05,621.0,2.7,3.3,14,-0.6
2017-03-06,605.0,3.1,3.7,0,0.1
2017-03-07,577.0,2.8,3.0,0,-0.4
2017-03-08,534.0,3.5,2.3,0,0.1
2017-03-09,520.0,3.5,2.7,0,-1.3
2017-03-10,468.0,4.3,2.0,0,-1.1
2017-03-11,391.0,5.6,1.0,0,-0.7
2017-03-12,391.0,5.9,1.7,0,-1.9
2017-03-13,341.0,8.4,0.7,0,0.6
2017-03-14,332.0,7.1,1.0,0,-1.1
2017-03-15,351.0,13.2,1.3,0,-0.1
2017-03-16,377.0,6.5,1.0,0,1.3
2017-03-17,346.0,6.8,0.7,0,0.2
2017-03-18,322.0,7.2,0.3,0,0.7
2017-03-19,315.0,8.4,0.3,0,-0.0
2017-03-20,316.0,10.3,0.3,0,1.3
2017-03-21,498.0,14.6,3.3,13,1.8
2017-03-22,643.0,3.4,3.7,14,0.5
2017-03-23,609.0,2.7,2.0,14,1.7
2017-03-24,551.0,2.9,1.3,14,1.7
2017-03-25,476.0,2.7,0.7,18,0.4
2017-03-26,388.0,6.0,0.7,31,1.1
2017-03-27,531.0,11.9,4.7,52,-2.1
2017-03-28,674.0,2.9,3.7,57,-0.5
2017-03-29,643.0,2.6,3.3,52,0.0
2017-03-30,626.0,3.3,3.3,49,-0.8
2017-03-31,671.0,2.7,4.0,66,-1.1
2017-04-01,584.0,2.2,3.0,71,-1.2
2017-04-02,488.0,3.0,1.7,83,-0.7
2017-04-03,420.0,4.7,1.0,100,-0.3
2017-04-04,419.0,9.4,3.0,76,2.9
2017-04-05,412.0,12.5,2.0,50,2.8
2017-04-06,470.0,3.9,1.7,36,0.2
2017-04-07,420.0,4.5,2.0,23,-0.7
2017-04-08,530.0,6.4,3.0,0,-0.5
2017-04-09,486.0,5.4,2.7,12,-0.7
2017-04-10,426.0,8.8,1.0,14,3.2
2017-04-11,435.0,7.7,2.3,14,-0.2
2017-04-12,438.0,3.5,1.0,22,-0.7
2017-04-13,393.0,3.9,1.0,25,-0.1
2017-04-14,398.0,6.5,2.7,19,-4.0
2017-04-15,334.0,6.0,1.3,0,-1.1
2017-04-16,338.0,5.9,0.7,0,-1.1
2017-04-17,311.0,7.7,0.7,0,-0.9
2017-04-18,321.0,18.1,1.3,23,0.6
2017-04-19,407.0,9.7,2.7,15,1.5
2017-04-20,553.0,5.7,3.7,28,-0.8
2017-04-21,552.0,4.4,2.3,40,-0.4
2017-04-22,691.0,4.5,5.0,30,-1.8
2017-04-23,724.0,3.4,4.3,43,-1.6
2017-04-24,672.0,2.3,3.3,46,-1.6
2017-04-25,592.0,2.6,2.3,41,-0.9
2017-04-26,522.0,2.0,2.0,38,-0.6
2017-04-27,458.0,1.5,1.7,26,-0.4
2017-04-28,402.0,2.4,1.3,36,-1.5
2017-04-29,377.0,4.6,1.3,34,-0.8
2017-04-30,372.0,5.9,1.3,24,-0.6
2017-05-01,378.0,6.1,1.0,12,2.0
2017-05-02,411.0,5.9,1.0,29,1.8
2017-05-03,379.0,6.4,0.7,18,0.6
2017-05-04,344.0,11.8,1.3,17,0.2
2017-05-05,382.0,6.7,1.0,31,5.3
2017-05-06,345.0,7.9,1.0,27,3.1
2017-05-07,348.0,10.6,2.0,23,-1.7
2017-05-08,368.0,8.7,1.3,11,0.5
2017-05-09,367.0,10.4,1.3,0,-0.0
2017-05-10,364.0,8.1,1.3,0,2.0
2017-05-11,373.0,11.9,1.3,11,2.9
2017-05-12,386.0,7.7,1.7,15,-0.1
2017-05-13,320.0,13.1,1.0,0,-0.2
2017-05-14,321.0,23.0,2.0,0,1.2
2017-05-15,431.0,16.1,2.3,0,2.2
2017-05-16,569.0,3.5,2.0,25,0.5
2017-05-17,487.0,4.8,1.7,12,-1.2
2017-05-18,406.0,7.3,2.0,24,1.4
2017-05-19,457.0,8.6,2.7,25,-0.6
2017-05-20,657.0,3.7,3.7,30,-1.3
2017-05-21,629.0,1.5,2.0,37,-0.9
2017-05-22,542.0,1.9,2.3,50,-1.1
2017-05-23,507.0,2.2,1.7,55,-1.0
2017-05-24,448.0,2.1,0.7,20,-0.9
2017-05-25,371.0,3.2,0.7,31,-0.2
2017-05-26,323.0,5.1,0.3,25,-0.5
2017-05-27,326.0,18.5,1.7,24,-2.2
2017-05-28,361.0,8.9,4.0,21,-4.9
2017-05-29,360.0,9.1,1.7,14,2.0
2017-05-30,482.0,3.0,1.0,0,1.6
2017-05-31,398.0,3.0,0.7,0,1.3
2017-06-01,361.0,13.5,1.3,15,1.9
2017-06-02,373.0,6.2,1.0,23,-0.7
2017-06-03,398.0,9.0,1.7,24,-0.6
2017-06-04,424.0,3.5,0.3,25,1.0
2017-06-05,367.0,7.5,1.3,34,0.7
2017-06-06,350.0,7.9,1.0,24,0.4
2017-06-07,336.0,10.8,1.0,14,-1.1
2017-06-08,308.0,8.3,0.7,14,-0.2
2017-06-09,315.0,10.3,0.7,0,-0.5
2017-06-10,290.0,12.4,0.7,0,-0.3
2017-06-11,329.0,15.2,2.7,0,-1.6
2017-06-12,443.0,4.0,1.7,0,1.2
2017-06-13,495.0,3.6,1.7,11,0.6
2017-06-14,468.0,3.0,1.3,11,1.5
2017-06-15,411.0,3.8,0.7,31,1.2
2017-06-16,478.0,12.7,3.3,30,-0.8
2017-06-17,480.0,5.8,2.7,30,-0.2
2017-06-18,561.0,2.9,2.3,29,0.2
2017-06-19,474.0,1.8,1.3,27,-0.5
2017-06-20,375.0,1.8,0.3,31,0.1
2017-06-21,336.0,3.0,0.7,35,-2.1
2017-06-22,330.0,7.5,1.0,24,0.4
2017-06-23,336.0,12.3,1.0,23,0.7
2017-06-24,376.0,6.2,2.0,25,-1.4
2017-06-25,439.0,7.8,2.3,18,-0.3
2017-06-26,516.0,3.7,1.7,21,-0.2
2017-06-27,464.0,3.2,1.0,19,-0.3
2017-06-28,424.0,4.0,0.7,16,-0.0
2017-06-29,406.0,4.4,1.0,12,0.1
2017-06-30,347.0,7.5,0.7,11,-0.1
2017-07-01,373.0,11.8,2.7,23,1.4
2017-07-02,449.0,6.2,3.0,13,2.5
2017-07-03,420.0,6.7,1.3,0,0.7
2017-07-04,357.0,6.4,1.0,0,-0.2
2017-07-05,316.0,5.4,0.3,7,0.3
2017-07-06,335.0,9.6,1.3,16,-1.0
2017-07-07,387.0,6.5,1.0,26,0.2
2017-07-08,334.0,6.5,0.3,31,-0.3
2017-07-09,461.0,15.0,3.3,43,-1.2
2017-07-10,559.0,3.5,1.7,45,2.0
2017-07-11,584.0,2.8,1.7,38,0.5
2017-07-12,480.0,2.8,1.0,61,0.0
2017-07-13,395.0,4.3,0.7,59,-0.2
2017-07-14,360.0,6.5,0.3,52,0.5
2017-07-15,327.0,8.8,0.7,33,-0.4
2017-07-16,449.0,10.4,4.3,21,-4.9
2017-07-17,520.0,2.7,3.7,22,0.2
2017-07-18,540.0,1.3,1.3,0,0.1
2017-07-19,429.0,2.7,0.7,0,-0.3
2017-07-20,407.0,9.4,1.3,0,0.4
2017-07-21,611.0,2.6,2.7,0,1.5
2017-07-22,569.0,3.9,2.7,0,0.5
2017-07-23,586.0,2.8,2.7,0,-1.1
2017-07-24,636.0,2.9,2.3,0,-0.0
2017-07-25,586.0,3.6,2.3,12,-0.5
2017-07-26,579.0,3.1,2.0,12,0.3
2017-07-27,453.0,2.5,1.3,0,-0.9
2017-07-28,435.0,4.4,1.7,11,-0.2
2017-07-29,402.0,2.9,0.7,12,-0.2
2017-07-30,359.0,3.3,0.7,15,-0.3
2017-07-31,339.0,6.3,0.7,0,-0.3
2017-08-01,378.0,9.7,1.0,13,1.3
2017-08-02,390.0,3.9,1.0,13,1.3
2017-08-03,372.0,9.5,2.0,13,-0.1
2017-08-04,567.0,13.3,3.7,14,2.8
2017-08-05,668.0,2.6,3.0,13,-0.8
2017-08-06,613.0,2.6,2.7,13,-0.1
2017-08-07,499.0,2.7,1.3,12,-0.1
2017-08-08,432.0,3.8,1.0,13,-0.5
2017-08-09,404.0,4.7,1.0,12,0.0
2017-08-10,394.0,5.0,1.0,14,-0.0
2017-08-11,401.0,6.4,1.7,12,1.1
2017-08-12,548.0,3.7,2.0,13,1.9
2017-08-13,573.0,2.1,1.7,12,0.5
2017-08-14,474.0,1.8,1.0,13,-0.3
2017-08-15,401.0,4.8,0.3,22,0.4
2017-08-16,378.0,8.2,1.3,33,-1.2
2017-08-17,482.0,8.8,3.7,45,-1.0
2017-08-18,575.0,4.7,3.3,45,-0.5
2017-08-19,673.0,3.7,4.0,50,-0.6
2017-08-20,696.0,1.7,3.3,60,-0.7
2017-08-21,586.0,2.6,2.3,63,-0.4
2017-08-22,554.0,5.4,3.0,63,-1.5
2017-08-23,467.0,5.6,3.7,69,-3.8
2017-08-24,404.0,6.0,2.0,54,-1.0
2017-08-25,349.0,6.2,1.0,53,-1.0
2017-08-26,340.0,4.7,0.7,48,0.2
2017-08-27,336.0,4.8,2.0,38,-1.7
2017-08-28,292.0,3.4,0.7,23,-1.5
2017-08-29,330.0,10.9,1.7,40,0.1
2017-08-30,363.0,6.9,0.7,51,0.2
2017-08-31,529.0,12.3,3.7,73,-0.5
2017-09-01,603.0,4.0,3.0,59,0.4
2017-09-02,584.0,3.2,3.3,56,-0.9
2017-09-03,505.0,3.0,1.7,105,-0.2
2017-09-04,492.0,5.6,3.0,112,-1.1
2017-09-05,529.0,3.1,2.3,119,-0.2
2017-09-06,446.0,3.7,2.0,100,-0.2
2017-09-07,522.0,7.0,3.7,97,0.5
2017-09-08,736.0,2.9,6.0,88,-3.2
2017-09-09,585.0,0.4,0.7,62,0.2
2017-09-10,497.0,0.8,1.0,40,0.9
2017-09-11,592.0,4.3,2.7,29,0.1
2017-09-12,498.0,6.9,2.7,11,-0.7
2017-09-13,458.0,8.4,2.3,23,0.6
2017-09-14,439.0,12.2,3.3,12,-0.9
2017-09-15,666.0,3.2,4.3,12,-0.8
2017-09-16,677.0,3.0,4.0,13,-0.3
2017-09-17,645.0,3.1,2.7,14,0.5
2017-09-18,617.0,3.0,3.3,13,-0.6
2017-09-19,511.0,2.5,2.0,11,-0.6
2017-09-20,459.0,3.6,2.0,21,-0.3
2017-09-21,413.0,4.0,1.3,22,-1.1
2017-09-22,362.0,5.3,1.3,21,-0.4
2017-09-23,362.0,6.2,1.0,12,-1.1
2017-09-24,336.0,16.1,1.3,23,-0.1
2017-09-25,367.0,4.8,1.0,36,0.4
2017-09-26,320.0,10.1,0.7,39,0.6
2017-09-27,487.0,14.9,4.3,37,-0.6
2017-09-28,654.0,4.0,5.0,42,-1.7
2017-09-29,592.0,2.5,2.7,42,-0.6
2017-09-30,502.0,3.5,2.7,40,-1.8
2017-10-01,461.0,4.3,2.3,36,-0.8
2017-10-02,427.0,4.3,1.3,24,-0.4
2017-10-03,402.0,7.6,1.3,25,-0.4
2017-10-04,366.0,6.7,1.0,27,-0.7
2017-10-05,384.0,7.3,1.3,26,2.4
2017-10-06,423.0,6.9,2.0,23,0.4
2017-10-07,398.0,5.0,0.7,11,1.3
2017-10-08,413.0,5.0,0.7,11,1.3
2017-10-09,362.0,4.6,0.3,0,1.0
2017-10-10,323.0,11.9,0.3,0,-0.0
2017-10-11,414.0,13.3,4.0,0,-2.1
2017-10-12,512.0,6.5,4.0,0,-1.9
2017-10-13,580.0,4.6,4.3,0,-1.7
2017-10-14,669.0,3.3,4.0,11,-0.2
2017-10-15,595.0,2.6,3.7,0,-1.2
2017-10-16,543.0,2.8,2.0,0,-0.1
2017-10-17,459.0,2.8,1.3,0,-0.7
2017-10-18,379.0,5.5,1.0,0,-1.0
2017-10-19,393.0,10.6,2.7,0,-1.1
2017-10-20,420.0,5.5,1.7,0,-0.9
2017-10-21,390.0,12.3,2.0,11,0.7
2017-10-22,414.0,6.1,1.3,11,0.6
2017-10-23,375.0,7.9,1.0,23,0.5
2017-10-24,437.0,13.3,3.0,23,-0.1
2017-10-25,593.0,4.7,3.3,23,-0.4
2017-10-26,541.0,3.4,3.0,23,-0.9
2017-10-27,444.0,3.8,1.0,23,-0.5
2017-10-28,381.0,5.5,1.3,24,-0.8
2017-10-29,341.0,7.5,0.7,23,-0.2
2017-10-30,307.0,7.6,0.3,21,-1.3
2017-10-31,284.0,11.1,0.3,11,-1.5
2017-11-01,292.0,16.8,0.7,0,1.0
2017-11-02,348.0,14.0,1.7,0,2.3
2017-11-03,396.0,7.5,2.0,0,-0.1
2017-11-04,405.0,5.1,0.7,0,0.9
2017-11-05,363.0,3.7,0.3,0,0.8
2017-11-06,315.0,6.8,0.0,0,1.4
2017-11-07,444.0,21.7,4.0,0,-2.5
2017-11-08,609.0,3.9,4.7,0,-1.4
2017-11-09,541.0,3.7,3.3,0,-1.7
2017-11-10,633.0,3.7,3.3,0,-0.4
2017-11-11,546.0,2.7,1.7,0,-0.2
2017-11-12,458.0,3.7,1.3,0,0.1
2017-11-13,388.0,5.5,1.3,0,-0.6
2017-11-14,383.0,8.4,2.7,13,-2.0
2017-11-15,402.0,12.5,2.7,15,0.1
2017-11-16,479.0,5.2,2.7,16,-0.3
2017-11-17,425.0,4.3,1.0,25,-0.1
2017-11-18,398.0,6.0,1.7,15,-1.2
2017-11-19,367.0,10.5,1.0,0,0.2
2017-11-20,359.0,13.8,1.3,0,-0.2
2017-11-21,551.0,7.4,4.0,0,-0.5
2017-11-22,502.0,3.4,2.3,0,-1.2
2017-11-23,415.0,5.4,2.0,0,-1.6
2017-11-24,371.0,8.4,2.0,0,-1.0
2017-11-25,381.0,5.2,1.3,15,-0.3
2017-11-26,317.0,8.8,0.7,17,-0.0
2017-11-27,387.0,11.6,1.3,16,2.1
2017-11-28,432.0,6.0,1.7,15,1.2
2017-11-29,397.0,8.3,1.0,13,0.9
2017-11-30,459.0,6.5,2.3,11,0.3
2017-12-01,460.0,5.0,1.7,0,0.6
2017-12-02,402.0,5.4,0.7,0,0.4
2017-12-03,340.0,4.6,0.3,0,0.0
2017-12-04,330.0,20.0,2.0,0,-1.8
2017-12-05,506.0,8.8,4.0,0,-1.7
2017-12-06,541.0,2.7,3.0,13,-1.2
2017-12-07,501.0,3.4,2.3,11,-0.6
2017-12-08,432.0,4.2,1.3,0,-0.6
2017-12-09,372.0,5.5,0.7,0,0.1
2017-12-10,333.0,7.5,0.7,11,-0.4
2017-12-11,402.0,13.7,2.3,12,-0.7
2017-12-12,471.0,6.0,2.7,13,-0.7
2017-12-13,447.0,4.9,1.3,0,0.4
2017-12-14,400.0,4.4,0.7,0,0.4
2017-12-15,353.0,10.6,0.7,0,0.3
2017-12-16,343.0,8.4,0.7,0,0.3
2017-12-17,511.0,10.5,3.7,0,-1.4
2017-12-18,604.0,3.8,3.0,0,0.2
2017-12-19,520.0,2.4,1.0,11,0.8
2017-12-20,435.0,5.3,1.3,13,-0.1
2017-12-21,379.0,4.9,0.3,20,-0.1
2017-12-22,328.0,8.4,0.3,26,0.5
2017-12-23,346.0,12.5,1.0,26,0.9
2017-12-24,468.0,11.1,2.3,30,1.4
2017-12-25,485.0,4.5,2.0,25,-1.8
2017-12-26,449.0,5.0,2.3,16,-1.4
2017-12-27,430.0,7.0,1.7,13,-0.3
2017-12-28,388.0,6.1,1.3,0,-0.1
2017-12-29,365.0,6.0,1.0,0,-0.2
2017-12-30,372.0,5.9,0.7,0,-0.4
2017-12-31,358.0,11.4,0.7,13,-0.5
2018-01-01,436.0,8.2,2.3,0,-1.1
2018-01-02,414.0,7.0,1.0,0,0.0
2018-01-03,368.0,9.7,0.7,0,0.7
2018-01-04,375.0,5.5,0.7,13,-0.1
2018-01-05,355.0,9.5,1.3,11,-0.9
2018-01-06,305.0,9.8,0.3,11,-0.7
2018-01-07,289.0,13.2,0.3,12,0.6
2018-01-08,387.0,21.2,2.0,13,3.0
2018-01-09,503.0,3.6,2.0,16,-0.6
2018-01-10,440.0,4.3,0.7,20,0.2
2018-01-11,379.0,5.1,0.3,12,0.1
2018-01-12,341.0,8.3,0.7,0,-0.6
2018-01-13,363.0,16.5,1.3,0,-0.4
2018-01-14,557.0,4.8,2.3,12,0.2
2018-01-15,486.0,4.4,2.0,13,-0.1
2018-01-16,416.0,4.5,1.0,15,0.1
2018-01-17,332.0,4.8,0.3,16,0.2
2018-01-18,320.0,10.6,0.3,12,0.3
2018-01-19,362.0,11.2,1.7,12,-0.9
2018-01-20,388.0,11.2,1.7,0,-0.2
2018-01-21,447.0,8.9,2.0,0,0.5
2018-01-22,516.0,3.5,2.3,0,-0.4
2018-01-23,437.0,2.4,1.0,0,-0.6
2018-01-24,374.0,11.1,1.7,0,-0.3
2018-01-25,405.0,7.7,2.3,0,-1.3
2018-01-26,461.0,6.8,1.7,0,0.1
2018-01-27,413.0,5.4,1.3,0,-0.9
2018-01-28,361.0,10.0,0.7,0,-0.2
2018-01-29,341.0,13.4,0.7,0,0.1
2018-01-30,336.0,11.3,0.7,11,0.3
2018-01-31,358.0,11.6,1.3,12,-1.7
2018-02-01,404.0,5.8,0.7,0,-0.3
2018-02-02,358.0,7.5,0.7,0,-0.8
2018-02-03,319.0,11.6,0.7,0,-0.3
2018-02-04,342.0,12.2,0.7,11,0.8
2018-02-05,404.0,6.5,2.0,13,-0.4
2018-02-06,420.0,4.8,1.0,16,0.6
2018-02-07,402.0,4.5,0.7,20,0.8
2018-02-08,371.0,9.2,0.7,22,0.0
2018-02-09,334.0,9.4,1.0,25,-0.1
2018-02-10,345.0,14.0,1.7,25,0.0
2018-02-11,326.0,6.9,0.3,28,0.7
2018-02-12,326.0,14.4,0.7,25,1.2
2018-02-13,315.0,10.4,0.3,23,0.2
2018-02-14,312.0,5.9,0.3,20,0.3
2018-02-15,335.0,15.1,2.0,16,-0.8
2018-02-16,373.0,11.2,1.7,12,3.5
2018-02-17,472.0,5.9,2.3,0,-1.5
2018-02-18,548.0,4.0,2.7,0,-0.9
2018-02-19,572.0,3.0,3.0,0,-1.4
2018-02-20,429.0,2.1,0.7,0,-0.4
2018-02-21,375.0,6.2,0.7,0,-0.7
2018-02-22,402.0,10.1,2.3,0,-0.6
2018-02-23,515.0,5.1,2.7,0,-1.2
2018-02-24,464.0,3.1,1.7,0,-0.6
2018-02-25,399.0,5.0,0.7,0,-0.5
2018-02-26,392.0,6.2,1.7,16,-1.4
2018-02-27,480.0,6.6,2.7,15,-0.6
2018-02-28,422.0,3.9,1.7,12,-0.5
2018-03-01,388.0,5.3,1.3,12,-1.6
2018-03-02,341.0,5.8,0.7,11,-0.7
2018-03-03,319.0,15.6,1.3,0,-1.1
2018-03-04,364.0,8.6,1.3,0,-0.3
2018-03-05,372.0,9.7,1.0,0,1.0
2018-03-06,375.0,9.4,1.0,0,1.2
2018-03-07,378.0,5.7,0.7,0,0.3
2018-03-08,347.0,9.5,0.7,0,0.9
2018-03-09,379.0,10.0,2.0,0,0.1
2018-03-10,406.0,9.2,2.3,0,-1.7
2018-03-11,390.0,6.0,1.0,0,0.9
2018-03-12,364.0,5.5,0.3,0,0.7
2018-03-13,354.0,7.3,0.7,0,-0.1
2018-03-14,347.0,11.8,1.7,0,-2.0
2018-03-15,441.0,6.6,2.7,0,-0.8
2018-03-16,460.0,6.5,3.3,0,-2.6
2018-03-17,492.0,4.2,2.7,14,-0.8
2018-03-18,517.0,4.3,3.0,14,-2.0
2018-03-19,530.0,3.4,2.7,0,-0.8
2018-03-20,435.0,3.2,1.3,0,-0.7
2018-03-21,346.0,5.4,1.0,0,-0.7
2018-03-22,339.0,10.8,1.3,0,-1.0
2018-03-23,439.0,7.8,2.7,0,-0.9
2018-03-24,433.0,8.0,2.0,0,-1.0
2018-03-25,464.0,7.5,3.0,0,-1.1
2018-03-26,485.0,3.3,2.3,0,-0.7
2018-03-27,514.0,2.7,1.7,0,-0.9
2018-03-28,392.0,2.5,0.3,0,-0.4
2018-03-29,360.0,8.0,1.0,0,0.4
2018-03-30,407.0,8.4,1.0,12,0.6
2018-03-31,424.0,6.3,1.3,13,0.7
2018-04-01,442.0,5.4,1.0,11,0.8
2018-04-02,421.0,3.6,1.3,0,0.4
2018-04-03,364.0,2.8,0.7,0,0.7
2018-04-04,335.0,12.2,1.0,0,-0.2
2018-04-05,371.0,10.7,1.7,0,0.4
2018-04-06,383.0,5.7,0.7,0,0.5
2018-04-07,349.0,9.7,1.0,0,0.5
2018-04-08,355.0,9.3,1.3,0,-0.3
2018-04-09,415.0,8.0,2.3,0,-1.3
2018-04-10,533.0,4.8,3.0,12,-1.4
2018-04-11,550.0,3.5,2.3,0,-0.5
2018-04-12,508.0,3.2,2.0,13,-0.9
2018-04-13,447.0,3.9,2.0,16,-0.9
2018-04-14,387.0,4.5,1.3,11,-0.6
2018-04-15,331.0,6.5,1.3,13,-1.4
2018-04-16,305.0,7.7,0.3,12,-0.5
2018-04-17,293.0,10.0,0.7,11,-1.0
2018-04-18,296.0,11.9,1.3,0,-1.4
2018-04-19,290.0,10.5,0.3,13,-0.3
2018-04-20,474.0,19.7,4.7,16,-3.3
2018-04-21,585.0,3.0,2.7,27,-0.3
2018-04-22,480.0,2.9,1.3,22,0.3
2018-04-23,400.0,3.4,1.3,23,-0.7
2018-04-24,357.0,6.2,1.0,21,-0.1
2018-04-25,327.0,4.8,1.0,18,-1.0
2018-04-26,347.0,10.3,1.0,15,0.5
2018-04-27,368.0,10.3,1.3,14,0.6
2018-04-28,370.0,6.5,0.7,0,1.1
2018-04-29,355.0,5.3,0.7,0,1.2
2018-04-30,401.0,6.3,1.3,0,3.1
2018-05-01,382.0,3.6,0.3,0,2.3
2018-05-02,364.0,5.2,1.0,0,1.2
2018-05-03,343.0,5.9,0.7,0,1.2
2018-05-04,346.0,8.7,1.0,13,0.2
2018-05-05,419.0,11.8,3.0,14,-1.7
2018-05-06,637.0,3.6,3.7,15,-1.4
2018-05-07,624.0,3.0,3.0,14,-0.2
2018-05-08,615.0,3.2,3.0,20,0.3
2018-05-09,613.0,2.6,2.7,23,-0.9
2018-05-10,551.0,2.4,2.3,11,-1.6
2018-05-11,457.0,4.9,2.7,11,-2.6
2018-05-12,461.0,3.8,1.7,13,-0.4
2018-05-13,435.0,7.3,2.0,12,-0.0
2018-05-14,383.0,4.7,1.0,0,-0.7
2018-05-15,349.0,5.9,0.7,0,-0.3
2018-05-16,326.0,9.9,0.7,0,-0.6
2018-05-17,385.0,11.9,2.3,0,-1.6
2018-05-18,420.0,3.1,1.0,0,-0.6
2018-05-19,369.0,4.4,0.3,0,-1.0
2018-05-20,361.0,3.2,0.3,0,0.2
2018-05-21,327.0,3.7,0.3,12,-0.9
2018-05-22,315.0,14.5,1.3,13,-0.3
2018-05-23,447.0,8.2,2.0,27,0.2
2018-05-24,460.0,3.6,0.7,33,0.3
2018-05-25,377.0,4.7,0.7,30,0.3
2018-05-26,337.0,8.5,0.7,27,0.4
2018-05-27,342.0,8.0,0.7,33,0.6
2018-05-28,380.0,7.3,1.0,20,1.3
2018-05-29,371.0,7.3,0.7,23,0.5
2018-05-30,342.0,5.9,0.7,21,0.5
2018-05-31,387.0,11.5,2.3,22,-0.8
2018-06-01,611.0,4.6,3.7,22,-1.1
2018-06-02,633.0,3.1,3.0,21,-0.8
2018-06-03,651.0,1.8,2.0,13,-0.5
2018-06-04,560.0,2.0,1.0,0,-0.3
2018-06-05,420.0,6.2,1.3,0,-0.2
2018-06-06,418.0,4.4,1.3,11,-1.8
2018-06-07,377.0,6.2,1.3,10,1.9
2018-06-08,368.0,8.1,1.0,0,0.1
2018-06-09,342.0,7.7,0.7,0,-0.3
2018-06-10,334.0,6.2,0.3,0,-0.0
2018-06-11,301.0,10.5,0.7,0,-0.6
2018-06-12,303.0,9.3,0.7,11,0.3
2018-06-13,302.0,12.4,1.0,15,-0.3
2018-06-14,326.0,12.6,1.0,15,-0.1
2018-06-15,318.0,10.5,0.7,14,-0.3
2018-06-16,300.0,7.8,0.3,14,0.6
2018-06-17,312.0,16.1,1.0,14,-0.8
2018-06-18,471.0,8.5,3.0,29,0.7
2018-06-19,495.0,2.9,1.3,33,0.1
2018-06-20,447.0,2.9,1.3,56,-0.4
2018-06-21,392.0,2.9,0.7,48,0.1
2018-06-22,358.0,6.3,0.7,41,-1.1
2018-06-23,408.0,10.5,3.3,37,-1.4
2018-06-24,456.0,3.2,1.7,19,-0.3
2018-06-25,418.0,5.8,2.0,16,-2.8
2018-06-26,499.0,8.7,3.3,14,-1.5
2018-06-27,552.0,2.0,1.7,14,-0.1
2018-06-28,497.0,2.5,1.3,0,0.5
2018-06-29,462.0,2.0,0.7,0,-0.3
2018-06-30,418.0,3.0,0.7,0,-0.1
2018-07-01,391.0,4.0,0.3,0,-0.1
2018-07-02,347.0,5.2,0.3,0,-0.3
2018-07-03,321.0,9.9,0.7,0,1.0
2018-07-04,328.0,9.8,1.0,0,1.0
2018-07-05,378.0,11.0,2.7,0,-1.1
2018-07-06,435.0,7.9,1.7,0,1.1
2018-07-07,469.0,3.2,1.3,0,-0.6
2018-07-08,434.0,3.3,0.7,0,-0.4
2018-07-09,383.0,3.0,0.3,0,-0.1
2018-07-10,367.0,11.3,1.7,0,2.1
2018-07-11,335.0,12.4,2.0,0,1.7
2018-07-12,401.0,8.2,1.7,0,0.3
2018-07-13,451.0,3.9,1.3,13,-0.2
2018-07-14,436.0,2.7,1.0,12,-0.9
2018-07-15,369.0,3.9,0.7,12,-1.5
2018-07-16,336.0,15.3,2.0,0,-1.1
2018-07-17,400.0,9.1,1.3,0,0.4
2018-07-18,402.0,4.2,0.7,0,0.3
2018-07-19,364.0,5.8,0.7,0,-0.1
2018-07-20,413.0,6.7,1.7,0,0.2
2018-07-21,490.0,5.3,2.3,12,-1.0
2018-07-22,466.0,3.0,1.0,0,-0.2
2018-07-23,412.0,3.9,0.7,0,-0.3
2018-07-24,522.0,8.2,3.0,0,-0.8
2018-07-25,558.0,2.5,1.7,0,-0.2
2018-07-26,446.0,2.0,0.7,0,0.3
2018-07-27,394.0,3.5,0.7,0,0.5
2018-07-28,366.0,4.1,1.3,0,-0.5
2018-07-29,330.0,6.3,1.0,0,-2.1
2018-07-30,311.0,9.6,1.0,0,0.3
2018-07-31,322.0,11.3,1.0,0,1.4
2018-08-01,353.0,11.8,1.3,12,0.7
2018-08-02,381.0,9.9,1.3,11,2.5
2018-08-03,384.0,8.2,1.3,0,-0.2
2018-08-04,375.0,7.4,1.0,0,-0.3
2018-08-05,342.0,7.8,1.0,0,0.4
2018-08-06,320.0,6.2,0.7,0,0.9
2018-08-07,348.0,14.9,2.3,0,-0.1
2018-08-08,411.0,4.8,1.0,0,-0.5
2018-08-09,375.0,4.9,1.0,0,-1.1
2018-08-10,364.0,7.3,0.7,0,0.5
2018-08-11,383.0,12.9,2.3,0,-0.1
2018-08-12,392.0,9.0,1.3,0,0.2
2018-08-13,390.0,4.0,0.7,0,-0.6
2018-08-14,332.0,7.5,0.7,12,-0.1
2018-08-15,415.0,11.7,2.7,13,-1.7
2018-08-16,459.0,6.3,2.3,13,-0.5
2018-08-17,485.0,3.8,2.3,12,-0.7
2018-08-18,503.0,3.9,2.3,11,0.0
2018-08-19,441.0,7.1,2.0,14,-0.1
2018-08-20,605.0,3.6,2.7,16,0.6
2018-08-21,586.0,2.1,1.7,16,0.6
2018-08-22,475.0,3.3,1.3,12,0.2
2018-08-23,395.0,4.0,1.0,15,-0.3
2018-08-24,358.0,7.4,1.0,29,0.4
2018-08-25,398.0,8.7,2.3,32,1.2
2018-08-26,436.0,12.3,5.3,28,-8.3
2018-08-27,563.0,3.1,3.3,13,-1.1
2018-08-28,536.0,2.9,1.7,11,0.0
2018-08-29,507.0,2.3,1.3,0,-0.2
2018-08-30,410.0,3.7,0.7,0,-0.1
2018-08-31,382.0,8.4,1.0,0,0.5
2018-09-01,376.0,5.8,1.0,0,0.0
2018-09-02,339.0,9.3,1.0,0,-0.6
2018-09-03,341.0,11.7,1.0,0,-0.3
2018-09-04,385.0,11.5,2.0,0,-0.9
2018-09-05,462.0,4.6,2.3,0,-0.4
2018-09-06,399.0,5.9,1.3,0,-0.7
2018-09-07,437.0,8.0,1.0,0,1.5
2018-09-08,380.0,7.6,1.0,16,0.4
2018-09-09,382.0,5.7,1.7,14,1.6
2018-09-10,392.0,10.2,2.7,12,-2.3
2018-09-11,547.0,5.1,4.0,16,0.5
2018-09-12,511.0,3.0,2.0,14,0.5
2018-09-13,494.0,5.2,3.0,0,-0.9
2018-09-14,575.0,3.0,2.7,0,-0.2
2018-09-15,550.0,1.9,1.7,0,-0.5
2018-09-16,419.0,4.6,1.3,0,-0.4
2018-09-17,501.0,7.7,2.3,13,1.3
2018-09-18,506.0,3.3,1.3,0,0.8
2018-09-19,436.0,3.1,0.7,0,0.4
2018-09-20,367.0,3.5,0.3,0,0.9
2018-09-21,344.0,9.4,1.3,0,0.1
2018-09-22,461.0,7.0,4.0,0,-3.2
2018-09-23,450.0,5.4,2.3,0,-0.7
2018-09-24,447.0,10.5,1.7,0,0.7
2018-09-25,422.0,13.6,2.3,0,0.6
2018-09-26,436.0,4.8,1.7,0,-0.0
2018-09-27,421.0,5.6,1.3,0,-0.4
2018-09-28,397.0,9.1,1.7,0,-0.4
2018-09-29,404.0,8.3,2.3,0,-0.8
2018-09-30,432.0,3.9,1.3,15,-0.2
2018-10-01,395.0,8.5,1.7,17,-0.9
2018-10-02,480.0,4.0,1.7,14,0.4
2018-10-03,416.0,9.0,1.0,12,1.2
2018-10-04,422.0,5.7,1.0,11,1.1
2018-10-05,381.0,10.6,2.0,0,-0.5
2018-10-06,363.0,7.8,1.0,0,0.1
2018-10-07,433.0,13.4,3.0,0,-1.4
2018-10-08,553.0,4.7,3.3,0,-0.7
2018-10-09,587.0,3.5,3.0,0,-0.5
2018-10-10,505.0,4.1,2.7,0,-1.0
2018-10-11,487.0,3.5,2.3,5,-1.0
2018-10-12,410.0,3.2,1.3,13,-1.3
2018-10-13,380.0,9.9,2.3,26,0.6
2018-10-14,532.0,3.3,1.3,23,1.6
2018-10-15,588.0,2.5,2.3,17,0.1
2018-10-16,521.0,2.1,1.3,0,0.7
2018-10-17,434.0,2.7,0.7,11,1.2
2018-10-18,349.0,3.9,0.0,0,0.8
2018-10-19,316.0,5.9,0.3,0,0.7
2018-10-20,299.0,8.9,0.0,0,0.5
2018-10-21,327.0,17.7,1.0,3,0.2
2018-10-22,364.0,7.1,1.3,0,-0.7
2018-10-23,328.0,10.9,0.7,0,-0.3
2018-10-24,330.0,8.6,0.7,0,0.6
2018-10-25,339.0,9.8,1.3,0,-0.6
2018-10-26,377.0,8.8,1.7,0,1.0
2018-10-27,386.0,3.4,0.7,0,0.2
2018-10-28,336.0,6.3,0.7,0,0.3
2018-10-29,314.0,8.4,0.3,0,0.6
2018-10-30,310.0,10.3,0.7,0,0.3
2018-10-31,316.0,11.6,1.0,0,0.8
2018-11-01,339.0,14.8,1.3,0,0.1
2018-11-02,338.0,11.1,1.0,0,0.2
2018-11-03,345.0,10.9,0.7,0,0.8
2018-11-04,370.0,16.5,2.0,0,-1.0
2018-11-05,548.0,5.4,4.0,0,-1.3
2018-11-06,476.0,4.0,1.7,0,-0.6
2018-11-07,418.0,5.4,2.0,0,-0.1
2018-11-08,452.0,3.7,2.3,11,-0.3
2018-11-09,424.0,6.9,2.0,11,-1.5
2018-11-10,543.0,5.5,2.7,11,1.7
2018-11-11,577.0,3.0,1.7,0,0.8
2018-11-12,604.0,2.8,2.3,15,-0.0
2018-11-13,502.0,1.9,0.7,11,0.4
2018-11-14,420.0,4.9,0.7,11,0.9
2018-11-15,386.0,4.1,0.3,13,0.4
2018-11-16,343.0,6.3,0.3,15,0.8
2018-11-17,329.0,6.1,0.3,15,0.9
2018-11-18,319.0,10.8,0.7,14,0.7
2018-11-19,332.0,15.5,1.0,12,-0.9
2018-11-20,390.0,12.0,1.3,0,0.9
2018-11-21,401.0,6.9,1.0,0,0.6
2018-11-22,372.0,3.7,0.3,0,0.2
2018-11-23,355.0,8.9,0.3,0,0.7
2018-11-24,345.0,10.0,0.7,15,0.5
2018-11-25,352.0,6.1,0.7,14,-0.2
2018-11-26,319.0,5.4,0.3,10,0.7
2018-11-27,356.0,10.5,1.3,0,0.6
2018-11-28,402.0,6.7,0.3,0,1.5
2018-11-29,381.0,5.5,0.3,0,0.5
2018-11-30,341.0,6.8,0.3,0,-0.1
2018-12-01,346.0,16.8,1.3,0,-0.6
2018-12-02,429.0,6.8,2.3,0,-0.8
2018-12-03,449.0,7.2,2.0,0,-0.2
2018-12-04,444.0,5.9,2.0,0,-0.4
2018-12-05,446.0,4.2,1.0,17,0.7
2018-12-06,391.0,3.9,1.3,20,-1.2
2018-12-07,444.0,9.1,2.3,18,-0.4
2018-12-08,547.0,3.4,2.3,6,0.2
2018-12-09,584.0,4.2,2.0,0,2.3
2018-12-10,620.0,2.2,2.3,0,0.4
2018-12-11,536.0,2.1,1.7,12,-0.2
2018-12-12,450.0,2.2,1.0,0,0.7
2018-12-13,391.0,3.0,0.3,0,0.3
2018-12-14,356.0,4.5,0.3,11,0.5
2018-12-15,322.0,3.7,0.3,12,0.0
2018-12-16,314.0,8.7,0.3,0,-0.7
2018-12-17,378.0,9.4,1.3,0,1.3
2018-12-18,413.0,4.8,1.7,0,0.6
2018-12-19,478.0,3.6,1.3,0,0.1
2018-12-20,571.0,2.8,2.3,0,-0.2
2018-12-21,463.0,2.0,1.0,0,-0.1
2018-12-22,379.0,3.1,0.3,0,0.3
2018-12-23,337.0,5.5,0.3,0,-0.1
2018-12-24,331.0,5.9,0.7,0,0.6
2018-12-25,344.0,7.6,0.7,0,0.3
2018-12-26,351.0,7.4,0.3,0,-0.0
2018-12-27,334.0,13.4,0.7,0,0.7
2018-12-28,530.0,8.3,3.7,0,-1.4
2018-12-29,535.0,3.6,2.3,0,-0.2
2018-12-30,539.0,4.5,2.3,0,-0.1
2018-12-31,483.0,4.5,1.7,0,-0.2
2019-01-01,415.0,3.4,1.3,12,-0.5
2019-01-02,352.0,2.9,0.0,15,-0.4
2019-01-03,310.0,5.2,0.3,15,-0.7
2019-01-04,335.0,20.3,2.0,13,-1.7
2019-01-05,487.0,5.0,2.7,11,0.7
2019-01-06,523.0,3.5,2.3,0,-0.2
2019-01-07,497.0,3.5,1.7,0,0.7
2019-01-08,431.0,5.0,1.3,0,0.4
2019-01-09,418.0,6.0,1.0,0,-0.8
2019-01-10,379.0,6.0,0.7,0,0.6
2019-01-11,450.0,4.3,1.3,0,-0.5
2019-01-12,385.0,3.4,0.3,0,-0.8
2019-01-13,322.0,9.2,0.7,0,-0.7
2019-01-14,377.0,11.1,1.7,0,-0.2
2019-01-15,362.0,7.1,1.3,0,0.1
2019-01-16,385.0,7.5,1.3,0,-1.5
2019-01-17,439.0,5.7,1.7,0,2.2
2019-01-18,450.0,3.5,1.3,0,0.0
2019-01-19,394.0,4.5,1.0,0,-1.0
2019-01-20,356.0,6.3,0.7,0,-1.0
2019-01-21,325.0,10.1,0.7,10,-0.2
2019-01-22,315.0,7.8,0.7,16,0.3
2019-01-23,397.0,10.1,2.7,19,-0.6
2019-01-24,587.0,5.5,3.0,21,0.5
2019-01-25,597.0,3.3,2.7,22,0.4
2019-01-26,491.0,4.4,1.7,26,0.2
2019-01-27,419.0,3.2,1.0,19,-0.4
2019-01-28,386.0,4.0,0.3,16,0.3
2019-01-29,341.0,4.1,0.3,13,0.5
2019-01-30,299.0,8.9,0.3,11,0.0
2019-01-31,370.0,18.6,2.3,0,-1.9
2019-02-01,538.0,4.3,3.0,0,-0.8
2019-02-02,576.0,4.0,3.0,0,-0.8
2019-02-03,562.0,2.3,2.3,0,-0.6
2019-02-04,430.0,3.5,1.3,0,-1.4
2019-02-05,361.0,4.6,1.0,0,0.0
2019-02-06,402.0,4.9,2.0,0,-0.9
2019-02-07,406.0,2.8,1.0,0,-1.0
2019-02-08,423.0,3.7,1.7,0,-1.0
2019-02-09,447.0,4.7,2.0,0,-0.3
2019-02-10,422.0,3.6,1.3,0,0.1
2019-02-11,382.0,6.1,2.0,0,-1.3
2019-02-12,372.0,5.8,1.0,0,0.3
2019-02-13,444.0,6.4,2.7,12,-0.8
2019-02-14,503.0,3.6,2.0,0,0.1
2019-02-15,438.0,2.1,0.7,0,-0.1
2019-02-16,365.0,3.7,0.7,0,-0.3
2019-02-17,336.0,5.2,0.7,0,-0.3
2019-02-18,358.0,9.7,1.3,0,-1.0
2019-02-19,331.0,4.6,0.3,0,-0.9
2019-02-20,317.0,14.1,0.7,0,-1.0
2019-02-21,425.0,8.6,2.3,11,1.5
2019-02-22,443.0,3.9,0.7,0,0.7
2019-02-23,371.0,4.7,0.3,0,1.0
2019-02-24,326.0,5.0,0.3,0,0.8
2019-02-25,323.0,6.1,0.3,0,0.6
2019-02-26,326.0,7.3,0.3,0,0.4
2019-02-27,379.0,15.5,2.0,0,-0.7
2019-02-28,527.0,5.3,3.7,0,-1.5
2019-03-01,575.0,3.8,3.7,0,-0.9
2019-03-02,547.0,3.6,2.7,0,-1.0
2019-03-03,451.0,2.7,1.3,0,-0.4
2019-03-04,404.0,3.4,1.7,0,-1.6
2019-03-05,385.0,3.6,1.0,14,-0.3
2019-03-06,414.0,4.6,1.7,18,0.7
2019-03-07,407.0,5.6,1.3,16,0.9
2019-03-08,406.0,3.5,1.0,11,0.1
2019-03-09,425.0,3.4,1.0,11,0.8
2019-03-10,390.0,2.7,0.7,11,-0.0
2019-03-11,341.0,4.1,0.3,11,-0.2
2019-03-12,352.0,4.6,1.7,11,-0.6
2019-03-13,346.0,5.8,0.7,0,-0.7
2019-03-14,344.0,8.5,1.7,12,-2.0
2019-03-15,366.0,8.0,1.7,0,-0.1
2019-03-16,415.0,4.7,2.3,0,-1.8
2019-03-17,398.0,5.7,2.7,0,-2.0
2019-03-18,347.0,7.0,0.3,13,0.7
2019-03-19,369.0,11.6,1.7,15,0.4
2019-03-20,398.0,5.6,1.3,32,0.3
2019-03-21,345.0,4.9,0.3,38,1.0
2019-03-22,317.0,6.2,0.3,30,0.6
2019-03-23,287.0,7.2,0.3,22,0.8
2019-03-24,267.0,10.4,0.3,14,0.9
2019-03-25,321.0,14.2,1.0,0,1.6
2019-03-26,340.0,10.4,1.0,0,2.6
2019-03-27,355.0,10.8,1.7,0,-1.8
2019-03-28,432.0,8.1,2.3,0,-0.3
2019-03-29,471.0,2.9,1.7,0,-0.9
2019-03-30,391.0,3.5,0.7,0,0.0
2019-03-31,395.0,7.9,2.0,13,-0.9
2019-04-01,392.0,5.6,1.7,14,-1.0
2019-04-02,370.0,3.4,1.3,17,-0.5
2019-04-03,389.0,6.4,2.3,19,-2.3
2019-04-04,438.0,4.8,2.3,11,-1.1
2019-04-05,491.0,3.1,2.7,5,-1.1
2019-04-06,470.0,2.1,1.7,0,-0.5
2019-04-07,400.0,3.0,1.0,11,-1.1
2019-04-08,420.0,6.7,2.7,12,-1.1
2019-04-09,410.0,6.4,2.3,12,-1.4
2019-04-10,443.0,5.5,2.7,13,-0.4
2019-04-11,420.0,3.4,1.7,12,-0.3
2019-04-12,423.0,3.8,1.7,13,-1.3
2019-04-13,417.0,4.3,1.7,16,-0.4
2019-04-14,353.0,5.8,1.0,14,-0.2
2019-04-15,340.0,11.8,1.7,12,-1.3
2019-04-16,369.0,6.1,1.3,11,-0.5
2019-04-17,341.0,5.3,0.7,16,-0.3
2019-04-18,305.0,6.1,0.3,24,1.4
2019-04-19,324.0,9.8,1.0,24,0.8
2019-04-20,330.0,7.5,1.0,11,0.6
2019-04-21,335.0,6.3,0.7,5,0.4
2019-04-22,364.0,5.6,0.7,0,1.1
2019-04-23,364.0,7.4,1.3,0,-0.5
2019-04-24,393.0,6.1,1.7,0,-2.0
2019-04-25,397.0,7.3,1.3,0,-0.0
2019-04-26,377.0,4.5,0.7,0,-0.9
2019-04-27,362.0,6.1,1.3,0,-1.3
2019-04-28,363.0,8.9,1.0,0,-1.0
2019-04-29,362.0,5.4,1.0,0,-1.0
2019-04-30,316.0,6.4,1.0,0,-1.3
2019-05-01,367.0,8.1,2.0,0,-1.7
2019-05-02,526.0,2.7,2.3,0,-0.9
2019-05-03,417.0,5.3,1.7,0,-1.2
2019-05-04,461.0,3.9,2.0,12,-0.2
2019-05-05,427.0,2.2,0.7,12,0.0
2019-05-06,364.0,4.6,1.0,16,-0.5
2019-05-07,351.0,6.5,1.0,26,-0.2
2019-05-08,327.0,10.3,0.3,25,0.9
2019-05-09,349.0,11.2,1.7,26,-0.6
2019-05-10,355.0,7.3,1.7,26,-1.7
2019-05-11,353.0,7.7,3.7,27,-6.0
2019-05-12,342.0,2.9,1.0,26,-0.7
2019-05-13,343.0,6.6,1.3,24,-1.0
2019-05-14,509.0,4.7,3.7,24,-2.1
2019-05-15,441.0,6.8,1.3,18,6.1
2019-05-16,445.0,4.6,1.7,13,0.6
2019-05-17,454.0,5.1,1.0,13,2.0
2019-05-18,409.0,3.3,1.0,12,0.9
2019-05-19,374.0,4.6,0.7,0,0.2
2019-05-20,385.0,7.3,1.3,0,1.5
2019-05-21,390.0,3.4,0.7,0,0.7
2019-05-22,364.0,8.5,1.0,0,-0.4
2019-05-23,342.0,9.0,1.0,0,-1.0
2019-05-24,339.0,7.0,1.0,0,-0.3
2019-05-25,317.0,10.0,0.7,0,0.0
2019-05-26,321.0,6.2,0.7,0,0.0
2019-05-27,349.0,9.9,2.0,0,0.1
2019-05-28,345.0,8.2,1.7,0,1.0
2019-05-29,526.0,5.3,2.7,7,-1.1
2019-05-30,519.0,3.7,2.0,0,-0.0
2019-05-31,432.0,2.5,0.7,0,-0.5
2019-06-01,349.0,3.0,0.7,0,-0.5
2019-06-02,318.0,5.5,0.7,0,-0.7
2019-06-03,309.0,10.0,0.7,0,-0.3
2019-06-04,332.0,8.5,1.7,0,-2.0
2019-06-05,328.0,5.8,0.7,0,-0.1
2019-06-06,315.0,5.1,0.3,0,-0.4
2019-06-07,297.0,8.2,0.7,0,-1.5
2019-06-08,315.0,20.2,2.7,0,-0.9
2019-06-09,410.0,4.5,1.3,0,-0.4
2019-06-10,348.0,4.0,0.3,0,-0.0
2019-06-11,316.0,5.7,0.3,0,-0.6
2019-06-12,325.0,10.5,0.7,0,0.1
2019-06-13,415.0,6.2,2.0,0,0.2
2019-06-14,453.0,5.6,1.7,0,0.2
2019-06-15,381.0,5.7,0.7,0,-0.2
2019-06-16,351.0,3.3,0.7,0,0.3
2019-06-17,334.0,5.6,0.3,0,-0.2
2019-06-18,314.0,7.5,0.7,0,1.3
2019-06-19,326.0,13.2,0.7,0,0.5
2019-06-20,356.0,8.4,1.7,0,-0.5
2019-06-21,375.0,9.7,1.3,0,0.7
2019-06-22,381.0,5.5,0.7,0,-0.6
2019-06-23,336.0,6.1,0.3,0,0.0
2019-06-24,334.0,7.8,1.0,11,-0.1
2019-06-25,335.0,6.8,0.7,12,-0.3
2019-06-26,380.0,5.5,1.3,7,-0.4
2019-06-27,365.0,5.3,0.7,0,-0.1
2019-06-28,341.0,4.1,0.7,0,-0.1
2019-06-29,324.0,5.1,0.7,5,-0.1
2019-06-30,315.0,6.5,0.7,0,0.2
2019-07-01,346.0,9.8,2.0,5,-1.5
2019-07-02,335.0,8.7,1.3,0,-2.1
2019-07-03,341.0,7.9,0.7,0,-0.1
2019-07-04,354.0,7.2,1.0,0,0.2
2019-07-05,415.0,5.4,1.0,0,0.8
2019-07-06,356.0,6.1,0.7,0,-0.3
2019-07-07,343.0,8.0,1.0,9,-1.4
2019-07-08,328.0,12.3,1.7,5,0.1
2019-07-09,454.0,8.9,2.7,0,-0.7
2019-07-10,598.0,4.0,2.7,0,-0.6
2019-07-11,541.0,2.5,1.3,0,0.1
2019-07-12,466.0,2.2,1.3,0,-0.2
2019-07-13,444.0,5.1,1.3,0,0.2
2019-07-14,440.0,4.8,1.3,0,-0.0
2019-07-15,441.0,6.2,1.7,0,0.4
2019-07-16,388.0,4.6,1.3,0,-0.8
2019-07-17,426.0,3.0,1.3,0,-0.2
2019-07-18,383.0,5.0,0.7,0,0.2
2019-07-19,350.0,4.1,0.7,0,-0.4
2019-07-20,330.0,6.4,0.3,0,0.6
2019-07-21,332.0,11.8,1.7,0,-0.4
2019-07-22,374.0,14.5,1.7,8,0.6
2019-07-23,393.0,5.4,1.3,0,-0.1
2019-07-24,384.0,5.8,1.0,0,-0.1
2019-07-25,356.0,4.8,0.3,0,0.5
2019-07-26,334.0,5.4,0.3,0,0.8
2019-07-27,314.0,9.8,1.0,0,-0.8
2019-07-28,346.0,11.2,1.0,0,0.3
2019-07-29,361.0,6.7,1.0,0,-0.3
2019-07-30,360.0,8.4,1.7,0,-0.4
2019-07-31,468.0,6.1,1.7,0,2.1
2019-08-01,519.0,3.0,1.7,0,0.4
2019-08-02,445.0,3.7,0.7,0,0.3
2019-08-03,371.0,4.5,0.3,0,0.6
2019-08-04,343.0,10.0,0.7,0,-0.4
2019-08-05,569.0,11.0,4.0,8,-1.2
2019-08-06,657.0,2.1,2.3,0,-0.2
2019-08-07,520.0,2.3,1.3,7,-0.6
2019-08-08,489.0,2.4,1.3,0,0.2
2019-08-09,521.0,2.7,1.3,0,1.2
2019-08-10,532.0,2.1,1.7,0,-0.7
2019-08-11,445.0,4.2,1.3,0,-0.3
2019-08-12,427.0,8.3,1.3,0,0.1
2019-08-13,457.0,4.5,1.7,0,-0.5
2019-08-14,457.0,2.5,0.7,0,-0.1
2019-08-15,433.0,3.7,0.7,0,0.4
2019-08-16,399.0,4.3,1.0,0,-0.5
2019-08-17,355.0,7.5,1.0,0,-0.2
2019-08-18,357.0,7.7,1.3,0,-0.9
2019-08-19,357.0,7.9,0.7,0,0.6
2019-08-20,386.0,6.2,1.0,0,1.4
2019-08-21,370.0,8.3,1.0,0,0.2
2019-08-22,353.0,11.4,1.3,0,-0.0
2019-08-23,367.0,6.9,0.7,0,-0.4
2019-08-24,343.0,6.4,1.0,0,-0.4
2019-08-25,325.0,7.8,0.7,0,-0.8
2019-08-26,325.0,11.8,1.3,0,-0.5
2019-08-27,436.0,13.0,2.3,0,1.1
2019-08-28,466.0,2.7,1.0,0,0.9
2019-08-29,374.0,6.1,0.7,0,0.7
2019-08-30,424.0,8.5,2.0,0,-0.4
2019-08-31,654.0,5.1,4.7,0,-1.4
2019-09-01,697.0,3.4,4.7,14,-1.8
2019-09-02,681.0,2.4,3.3,14,-0.4
2019-09-03,616.0,2.1,2.0,5,0.3
2019-09-04,522.0,2.9,2.3,0,-0.4
2019-09-05,517.0,3.2,2.7,0,-0.9
2019-09-06,497.0,2.7,1.7,0,-0.2
2019-09-07,465.0,3.2,1.7,0,-0.7
2019-09-08,428.0,4.6,2.0,0,-1.4
2019-09-09,471.0,4.6,2.7,0,-1.7
2019-09-10,480.0,2.0,1.0,0,0.3
2019-09-11,434.0,2.2,1.0,0,-0.7
2019-09-12,408.0,5.8,1.3,0,0.1
2019-09-13,480.0,4.6,1.7,0,1.3
2019-09-14,461.0,2.6,1.3,0,-0.4
2019-09-15,443.0,5.9,2.0,0,-0.5
2019-09-16,448.0,6.2,2.0,0,0.2
2019-09-17,391.0,8.3,1.7,0,0.6
2019-09-18,408.0,5.2,2.0,0,-0.7
2019-09-19,369.0,4.1,0.7,0,-0.1
2019-09-20,323.0,7.3,0.7,0,-0.8
2019-09-21,329.0,9.5,1.7,0,-2.3
2019-09-22,341.0,7.4,0.7,0,1.2
2019-09-23,314.0,7.2,0.7,0,0.3
2019-09-24,360.0,12.0,2.3,0,0.2
2019-09-25,438.0,4.9,1.0,0,0.9
2019-09-26,379.0,4.4,0.7,0,0.7
2019-09-27,472.0,10.7,3.0,0,-1.4
2019-09-28,648.0,2.7,3.7,0,-0.5
2019-09-29,528.0,2.8,2.7,0,-1.4
2019-09-30,454.0,4.0,2.7,0,-0.9
2019-10-01,479.0,2.8,2.0,7,-1.4
2019-10-02,475.0,2.6,1.7,6,-0.3
2019-10-03,428.0,4.6,1.0,0,0.1
2019-10-04,402.0,12.7,1.7,0,0.7
2019-10-05,386.0,7.7,1.7,0,-0.5
2019-10-06,397.0,3.6,1.0,0,-0.5
2019-10-07,362.0,6.2,1.3,0,-1.3
2019-10-08,389.0,5.2,1.0,0,-0.4
2019-10-09,388.0,9.1,1.7,0,1.2
2019-10-10,462.0,4.9,2.3,0,0.0
2019-10-11,463.0,3.1,1.7,0,-0.7
2019-10-12,399.0,3.6,1.3,0,-0.4
2019-10-13,347.0,5.9,0.0,0,0.7
2019-10-14,334.0,8.6,1.3,0,0.0
2019-10-15,349.0,10.9,0.7,0,3.7
2019-10-16,383.0,8.1,1.3,0,0.4
2019-10-17,398.0,4.7,1.3,0,-0.4
2019-10-18,354.0,7.5,1.3,0,-1.0
2019-10-19,352.0,7.5,1.0,0,-1.0
2019-10-20,341.0,9.9,1.0,0,-1.2
2019-10-21,342.0,10.9,1.0,0,0.8
2019-10-22,353.0,8.9,0.7,0,0.6
2019-10-23,342.0,6.0,0.3,0,0.6
2019-10-24,436.0,12.8,2.7,0,-1.1
2019-10-25,605.0,4.3,3.7,0,-1.3
2019-10-26,607.0,4.4,3.7,0,-1.3
2019-10-27,591.0,2.3,2.7,0,-0.4
2019-10-28,511.0,3.2,2.3,0,-1.5
2019-10-29,412.0,6.8,1.7,0,-0.3
2019-10-30,377.0,15.2,1.7,0,0.4
2019-10-31,419.0,10.5,1.3,0,2.0
2019-11-01,402.0,5.0,0.7,6,0.9
2019-11-02,355.0,4.7,0.3,2,0.6
2019-11-03,326.0,9.1,0.3,0,1.5
2019-11-04,334.0,14.2,1.0,4,0.3
2019-11-05,392.0,5.8,1.3,0,-0.3
2019-11-06,396.0,5.2,1.3,0,-0.5
2019-11-07,391.0,4.3,1.0,0,-0.6
2019-11-08,328.0,8.0,0.7,0,-0.3
2019-11-09,328.0,7.5,1.0,0,-0.6
2019-11-10,315.0,7.4,0.7,0,0.1
2019-11-11,348.0,12.4,2.0,0,-1.8
2019-11-12,333.0,7.1,0.7,0,6.3
2019-11-13,329.0,4.2,0.3,3,2.0
2019-11-14,341.0,8.9,0.7,0,0.5
2019-11-15,345.0,10.0,0.3,0,1.0
2019-11-16,370.0,8.1,1.7,0,-0.5
2019-11-17,418.0,4.7,1.0,0,0.2
2019-11-18,363.0,6.7,0.0,0,0.8
2019-11-19,341.0,6.6,0.3,0,0.7
2019-11-20,333.0,10.8,0.3,0,0.4
2019-11-21,481.0,7.6,2.3,0,-0.1
2019-11-22,545.0,3.3,2.7,0,-1.0
2019-11-23,461.0,3.7,2.3,0,-1.5
2019-11-24,477.0,3.4,2.3,0,-1.1
2019-11-25,419.0,3.5,1.0,0,-0.3
2019-11-26,397.0,3.8,0.7,0,0.7
2019-11-27,392.0,5.3,1.0,0,-0.2
2019-11-28,337.0,10.6,0.7,0,0.8
2019-11-29,352.0,7.2,1.0,0,-0.4
2019-11-30,381.0,10.5,0.7,0,1.0
2019-12-01,361.0,9.6,0.7,0,0.4
2019-12-02,334.0,9.1,0.3,0,0.8
2019-12-03,311.0,9.3,0.3,0,-0.6
2019-12-04,309.0,15.1,0.7,0,-0.4
2019-12-05,324.0,11.4,0.3,0,0.4
2019-12-06,364.0,5.7,0.7,0,0.3
2019-12-07,359.0,3.8,0.3,0,0.0
2019-12-08,354.0,5.3,0.7,0,-0.1
2019-12-09,343.0,7.3,0.7,0,0.2
2019-12-10,414.0,7.3,1.0,0,1.4
2019-12-11,432.0,5.0,1.3,0,-0.0
2019-12-12,398.0,4.0,0.7,0,0.2
2019-12-13,373.0,4.7,0.7,0,0.2
2019-12-14,364.0,6.4,0.3,0,0.6
2019-12-15,383.0,4.8,1.0,0,0.5
2019-12-16,370.0,3.1,0.3,0,0.4
2019-12-17,352.0,7.8,0.3,0,0.5
2019-12-18,468.0,9.4,2.3,0,-0.0
2019-12-19,508.0,4.8,2.3,0,-0.5
2019-12-20,453.0,4.3,1.3,0,-0.3
2019-12-21,385.0,4.7,1.0,0,-0.4
2019-12-22,340.0,4.7,0.7,0,-0.1
2019-12-23,351.0,4.8,0.7,0,-0.9
2019-12-24,320.0,5.7,0.3,16,0.4
2019-12-25,331.0,10.7,0.7,23,0.7
2019-12-26,375.0,8.5,1.0,10,0.4
2019-12-27,371.0,5.9,0.3,0,0.0
2019-12-28,345.0,6.4,0.3,0,0.1
2019-12-29,309.0,9.1,0.0,0,0.0
2019-12-30,298.0,13.3,0.3,0,1.1
2019-12-31,306.0,13.7,0.7,0,-1.2
2020-01-01,318.0,9.2,0.7,6,-0.2
2020-01-02,333.0,8.0,0.3,12,0.0
2020-01-03,354.0,10.3,1.3,13,-0.5
2020-01-04,383.0,4.0,1.3,12,-1.7
2020-01-05,389.0,9.1,2.0,14,0.6
2020-01-06,496.0,3.6,1.7,7,0.4
2020-01-07,433.0,5.0,1.0,4,-0.3
2020-01-08,386.0,4.1,1.3,4,-1.3
2020-01-09,446.0,5.4,2.3,15,-0.8
2020-01-10,508.0,3.6,1.3,4,0.1
2020-01-11,432.0,3.6,1.3,0,0.5
2020-01-12,404.0,3.5,0.7,0,-0.3
2020-01-13,355.0,5.6,0.3,0,-0.2
2020-01-14,325.0,6.3,0.3,0,-0.2
2020-01-15,320.0,11.3,0.7,0,-0.1
2020-01-16,347.0,8.9,1.0,0,-0.0
2020-01-17,325.0,9.8,0.7,0,0.8
2020-01-18,331.0,9.8,0.7,0,0.4
2020-01-19,325.0,6.6,0.0,0,-0.1
2020-01-20,299.0,5.6,0.0,0,-0.7
2020-01-21,312.0,12.6,1.3,0,-0.6
2020-01-22,347.0,8.0,1.3,0,-1.8
2020-01-23,335.0,7.0,1.0,0,-0.7
2020-01-24,318.0,8.1,0.3,8,-0.1
2020-01-25,302.0,10.6,0.3,12,0.5
2020-01-26,300.0,11.6,0.7,19,-0.4
2020-01-27,311.0,6.9,0.3,14,0.2
2020-01-28,323.0,11.4,1.0,12,-1.0
2020-01-29,399.0,5.5,2.0,12,-1.1
2020-01-30,415.0,5.1,2.7,12,-2.1
2020-01-31,475.0,2.6,1.7,12,-0.8
2020-02-01,434.0,3.7,1.3,6,-0.4
2020-02-02,420.0,4.0,1.3,0,-0.6
2020-02-03,372.0,5.6,1.0,0,-0.0
2020-02-04,357.0,7.9,1.3,0,-1.6
2020-02-05,349.0,3.8,1.0,0,-0.9
2020-02-06,459.0,8.4,2.7,0,-0.0
2020-02-07,589.0,2.9,2.7,0,-0.8
2020-02-08,494.0,2.3,1.3,0,-0.4
2020-02-09,426.0,3.9,1.7,0,-0.3
2020-02-10,391.0,5.7,1.3,0,-0.3
2020-02-11,398.0,7.4,1.3,0,0.1
2020-02-12,382.0,7.5,1.0,0,0.2
2020-02-13,348.0,5.4,0.3,0,0.0
2020-02-14,336.0,9.1,0.3,0,0.1
2020-02-15,334.0,8.8,1.0,0,-0.1
2020-02-16,336.0,5.8,0.7,0,-0.0
2020-02-17,330.0,7.8,1.3,0,-0.9
2020-02-18,375.0,9.5,2.7,0,-3.8
2020-02-19,441.0,5.5,2.3,0,-0.9
2020-02-20,406.0,5.9,1.7,0,-0.9
2020-02-21,453.0,5.5,2.7,0,-1.7
2020-02-22,482.0,3.1,2.0,0,-0.8
2020-02-23,430.0,3.1,1.0,0,-0.7
2020-02-24,396.0,2.9,1.0,0,0.2
2020-02-25,356.0,2.4,0.3,0,-0.5
2020-02-26,339.0,7.5,0.7,0,0.5
2020-02-27,351.0,5.1,0.7,0,-0.4
2020-02-28,368.0,7.6,1.3,0,0.2
2020-02-29,468.0,5.6,2.3,0,-0.4
2020-03-01,454.0,2.8,1.3,0,-0.5
2020-03-02,428.0,5.2,1.0,0,0.8
2020-03-03,418.0,4.3,1.3,0,0.0
2020-03-04,388.0,5.3,1.3,0,-1.3
2020-03-05,351.0,11.9,0.7,0,1.9
2020-03-06,342.0,9.1,1.0,0,2.4
2020-03-07,360.0,6.4,1.0,2,2.0
2020-03-08,358.0,6.7,1.3,16,-0.6
2020-03-09,348.0,11.3,1.3,11,-0.5
2020-03-10,333.0,10.0,0.7,0,-0.8
2020-03-11,311.0,11.0,0.7,0,-0.1
2020-03-12,340.0,10.7,1.3,0,-0.8
2020-03-13,412.0,4.3,1.7,0,-0.5
2020-03-14,387.0,2.9,0.3,0,-0.6
2020-03-15,363.0,6.2,1.0,0,-0.5
2020-03-16,347.0,11.3,1.0,0,-1.4
2020-03-17,388.0,5.7,1.3,0,0.0
2020-03-18,398.0,5.3,1.3,3,-0.2
2020-03-19,480.0,4.5,2.3,0,-1.6
2020-03-20,426.0,4.0,1.7,0,-1.2
2020-03-21,466.0,3.6,2.0,0,-0.5
2020-03-22,451.0,4.5,1.7,0,-0.5
2020-03-23,478.0,4.5,2.3,0,-0.6
2020-03-24,441.0,3.2,0.7,0,-0.6
2020-03-25,392.0,4.0,0.7,0,-0.3
2020-03-26,394.0,5.0,1.0,0,-0.1
2020-03-27,400.0,4.5,1.3,0,-0.5
2020-03-28,372.0,6.0,1.3,0,-0.2
2020-03-29,402.0,5.0,1.7,0,-1.3
2020-03-30,416.0,5.3,2.3,3,-1.6
2020-03-31,498.0,4.4,2.7,11,-1.0
2020-04-01,456.0,3.2,1.3,13,-0.7
2020-04-02,412.0,3.8,1.7,13,-0.7
2020-04-03,405.0,4.4,1.7,13,-0.6
2020-04-04,423.0,4.2,1.0,13,-0.2
2020-04-05,413.0,4.6,1.0,0,0.1
2020-04-06,353.0,3.9,0.3,0,0.1
2020-04-07,316.0,6.2,0.7,0,-0.2
2020-04-08,402.0,11.1,2.7,0,-0.7
2020-04-09,403.0,3.0,1.0,0,-0.9
2020-04-10,360.0,4.8,1.0,0,-0.3
2020-04-11,368.0,6.8,1.7,0,-1.2
2020-04-12,418.0,5.7,1.7,0,-0.7
2020-04-13,388.0,5.0,1.3,0,-0.7
2020-04-14,396.0,7.7,1.7,0,-0.1
2020-04-15,411.0,4.2,1.7,0,-0.2
2020-04-16,370.0,3.2,1.0,0,-1.1
2020-04-17,312.0,7.1,0.7,0,-0.8
2020-04-18,323.0,5.7,0.7,0,-0.9
2020-04-19,313.0,4.6,0.3,0,0.0
2020-04-20,344.0,11.6,2.7,0,1.5
2020-04-21,372.0,10.7,2.0,0,2.7
2020-04-22,446.0,2.6,1.7,0,-0.7
2020-04-23,400.0,4.4,0.7,0,0.3
2020-04-24,379.0,6.8,1.7,0,0.3
2020-04-25,402.0,4.4,1.0,6,0.6
2020-04-26,393.0,5.6,1.7,13,-1.8
2020-04-27,404.0,3.8,1.7,26,-1.2
2020-04-28,396.0,4.7,1.3,15,-0.6
2020-04-29,349.0,3.8,0.3,24,-0.9
2020-04-30,289.0,4.9,0.3,20,-0.2
2020-05-01,302.0,10.5,1.0,4,-0.1
2020-05-02,325.0,5.5,1.0,0,-0.6
2020-05-03,312.0,11.1,1.0,0,-0.3
2020-05-04,322.0,7.9,1.3,0,0.1
2020-05-05,318.0,7.0,1.3,0,-2.1
2020-05-06,311.0,4.3,1.0,0,-1.6
2020-05-07,322.0,7.0,0.7,0,-0.9
2020-05-08,334.0,8.3,0.7,0,0.3
2020-05-09,315.0,5.4,0.3,0,1.2
2020-05-10,308.0,10.4,0.7,0,0.4
2020-05-11,330.0,6.0,1.0,0,-0.9
2020-05-12,311.0,10.7,0.7,0,-0.9
2020-05-13,307.0,11.7,0.7,0,-0.9
2020-05-14,296.0,12.8,0.3,0,0.1
2020-05-15,305.0,8.8,0.7,0,0.5
2020-05-16,309.0,4.9,0.7,0,0.2
2020-05-17,304.0,9.0,0.3,0,0.6
2020-05-18,312.0,9.3,0.7,0,1.1
2020-05-19,367.0,7.6,1.3,0,-0.4
2020-05-20,371.0,3.1,0.7,0,-0.0
2020-05-21,340.0,7.9,1.3,0,-1.4
2020-05-22,333.0,9.6,1.3,0,-1.1
2020-05-23,349.0,5.0,0.7,0,-0.8
2020-05-24,334.0,8.7,1.0,0,-1.3
2020-05-25,322.0,10.4,1.3,0,0.5
2020-05-26,314.0,7.6,0.7,0,-0.9
2020-05-27,312.0,8.9,0.7,0,0.6
2020-05-28,296.0,6.5,0.7,0,0.4
2020-05-29,295.0,9.2,0.7,0,1.0
2020-05-30,365.0,13.1,3.0,0,-0.6
2020-05-31,386.0,4.1,0.7,2,0.4
2020-06-01,378.0,5.7,1.3,6,-1.5
2020-06-02,343.0,9.4,1.7,0,-1.8
2020-06-03,326.0,4.9,0.7,9,-0.9
2020-06-04,319.0,7.1,1.0,11,-0.8
2020-06-05,326.0,6.6,0.7,13,-0.1
2020-06-06,316.0,9.6,0.3,16,-1.0
2020-06-07,342.0,15.1,1.7,16,0.1
2020-06-08,453.0,2.9,1.0,16,-0.2
2020-06-09,405.0,3.8,1.0,14,0.3
2020-06-10,454.0,2.9,1.7,12,0.2
2020-06-11,411.0,1.5,0.7,11,-0.0
2020-06-12,353.0,3.5,0.7,11,0.1
2020-06-13,325.0,4.4,0.7,11,0.4
2020-06-14,303.0,7.9,0.3,11,0.3
2020-06-15,318.0,6.8,0.7,8,-0.4
2020-06-16,310.0,5.2,1.3,0,-0.1
2020-06-17,302.0,10.0,0.7,0,-0.4
2020-06-18,298.0,10.6,1.0,0,-0.9
2020-06-19,315.0,9.0,1.0,0,0.7
2020-06-20,329.0,14.0,1.3,0,-0.1
2020-06-21,314.0,6.1,0.7,0,0.5
2020-06-22,297.0,5.6,0.3,0,-0.2
2020-06-23,294.0,9.6,0.7,0,-0.1
2020-06-24,320.0,7.9,0.7,0,-0.9
2020-06-25,343.0,7.0,0.7,0,0.6
2020-06-26,331.0,7.4,1.3,6,-1.7
2020-06-27,362.0,10.3,1.7,4,0.1
2020-06-28,347.0,2.7,0.7,0,-0.8
2020-06-29,329.0,4.0,0.3,0,0.5
2020-06-30,336.0,7.1,1.0,0,-0.3
2020-07-01,328.0,7.9,1.0,4,-0.8
2020-07-02,328.0,9.4,0.7,2,-0.2
2020-07-03,309.0,9.0,0.7,0,-0.6
2020-07-04,349.0,10.0,1.7,7,-0.2
2020-07-05,471.0,4.3,2.3,5,-1.0
2020-07-06,488.0,2.9,1.0,5,0.2
2020-07-07,430.0,3.1,0.7,8,0.1
2020-07-08,371.0,4.2,0.3,0,0.4
2020-07-09,330.0,7.4,0.7,0,-0.5
2020-07-10,324.0,5.5,0.3,0,-0.2
2020-07-11,321.0,3.9,0.3,0,-0.3
2020-07-12,300.0,10.9,0.3,0,-0.2
2020-07-13,316.0,16.9,1.3,0,-0.7
2020-07-14,371.0,6.9,2.0,0,-2.0
2020-07-15,376.0,4.4,1.0,2,0.1
2020-07-16,410.0,4.6,0.7,0,0.1
2020-07-17,397.0,4.1,1.0,0,0.5
2020-07-18,370.0,4.2,0.7,0,-0.4
2020-07-19,340.0,8.2,1.0,0,-0.6
2020-07-20,345.0,5.2,0.7,0,0.3
2020-07-21,333.0,4.7,1.0,6,-0.6
2020-07-22,300.0,8.2,0.7,11,-0.2
2020-07-23,311.0,9.7,0.3,11,-0.4
2020-07-24,352.0,10.6,2.7,11,-3.6
2020-07-25,366.0,11.1,2.7,11,0.1
2020-07-26,387.0,4.0,0.7,11,1.1
2020-07-27,394.0,4.1,0.7,11,0.6
2020-07-28,375.0,4.8,1.0,20,-0.1
2020-07-29,347.0,7.8,1.0,21,0.0
2020-07-30,329.0,8.2,0.7,21,0.2
2020-07-31,348.0,7.1,1.0,21,-0.2
2020-08-01,336.0,6.7,0.7,26,-0.1
2020-08-02,402.0,9.0,2.0,15,-0.6
2020-08-03,617.0,4.1,3.0,11,0.3
2020-08-04,643.0,2.1,1.7,11,0.0
2020-08-05,497.0,2.1,1.3,12,-0.7
2020-08-06,474.0,2.0,1.0,14,0.0
2020-08-07,423.0,2.0,0.7,17,1.3
2020-08-08,385.0,2.2,1.3,12,-0.8
2020-08-09,346.0,2.4,0.3,13,-0.4
2020-08-10,320.0,3.2,0.3,13,-0.4
2020-08-11,301.0,5.5,0.3,12,-0.7
2020-08-12,306.0,9.7,0.7,17,-0.6
2020-08-13,290.0,7.8,0.7,10,-0.6
2020-08-14,306.0,7.0,0.7,5,-0.6
2020-08-15,294.0,8.2,0.3,0,0.0
2020-08-16,308.0,10.0,0.7,0,1.8
2020-08-17,305.0,10.1,0.7,0,1.7
2020-08-18,310.0,10.6,1.3,13,-0.9
2020-08-19,337.0,6.3,1.0,16,-0.5
2020-08-20,310.0,10.7,0.7,12,-0.2
2020-08-21,316.0,9.9,0.7,3,-0.6
2020-08-22,345.0,10.6,1.7,0,-1.3
2020-08-23,374.0,8.5,2.0,0,0.7
2020-08-24,381.0,5.2,0.3,0,1.0
2020-08-25,357.0,11.8,0.7,0,1.3
2020-08-26,419.0,4.7,1.7,0,-0.4
2020-08-27,412.0,4.2,1.7,0,-0.8
2020-08-28,423.0,5.5,1.7,0,-0.4
2020-08-29,491.0,3.6,2.7,0,-1.1
2020-08-30,463.0,2.8,2.0,0,-1.1
2020-08-31,542.0,4.3,3.7,0,-1.4
2020-09-01,600.0,2.6,3.3,0,-1.5
2020-09-02,510.0,3.3,2.3,0,-1.2
2020-09-03,434.0,2.9,0.7,0,1.2
2020-09-04,414.0,3.4,1.7,0,-1.8
2020-09-05,404.0,4.0,1.3,0,-0.3
2020-09-06,379.0,2.9,1.0,0,-0.1
2020-09-07,361.0,5.0,0.7,0,-0.8
2020-09-08,319.0,7.4,0.7,0,-0.3
2020-09-09,302.0,6.9,0.0,0,1.5
2020-09-10,288.0,7.1,0.3,0,1.0
2020-09-11,293.0,11.7,0.3,0,-0.8
2020-09-12,323.0,9.6,1.0,0,-0.4
2020-09-13,326.0,11.1,1.3,0,-1.1
2020-09-14,373.0,9.4,2.3,2,-0.2
2020-09-15,367.0,4.8,1.3,0,-1.1
2020-09-16,329.0,6.4,0.7,0,-0.2
2020-09-17,314.0,8.2,0.7,0,-0.4
2020-09-18,305.0,12.4,0.7,0,0.7
2020-09-19,305.0,5.3,0.3,0,-0.9
2020-09-20,290.0,7.6,0.7,0,-0.2
2020-09-21,302.0,12.9,0.3,0,3.3
2020-09-22,324.0,8.8,1.3,0,-1.1
2020-09-23,366.0,9.9,2.3,7,-1.8
2020-09-24,467.0,5.0,3.0,5,-1.1
2020-09-25,487.0,3.4,3.0,4,-1.5
2020-09-26,546.0,4.2,3.7,0,-1.6
2020-09-27,537.0,3.1,3.0,0,-1.8
2020-09-28,624.0,3.3,4.3,0,-1.8
2020-09-29,636.0,2.2,3.0,0,-0.3
2020-09-30,629.0,2.2,3.0,0,-0.2
2020-10-01,545.0,2.1,2.3,0,-0.7
2020-10-02,498.0,2.2,2.0,0,-1.2
2020-10-03,427.0,2.2,1.3,0,-0.5
2020-10-04,366.0,2.7,0.7,0,-1.0
2020-10-05,350.0,7.3,2.0,0,-2.3
2020-10-06,338.0,15.2,1.3,0,2.1
2020-10-07,350.0,15.4,1.0,0,2.9
2020-10-08,362.0,4.5,0.3,6,0.2
2020-10-09,313.0,5.9,0.0,23,1.1
2020-10-10,297.0,7.9,0.3,15,1.1
2020-10-11,294.0,14.1,0.3,17,0.9
2020-10-12,295.0,13.5,0.7,16,1.1
2020-10-13,300.0,14.4,0.3,0,2.9
2020-10-14,283.0,8.6,0.0,5,1.4
2020-10-15,275.0,9.9,0.3,13,0.8
2020-10-16,300.0,11.0,1.0,13,1.2
2020-10-17,316.0,12.2,1.0,13,0.2
2020-10-18,318.0,7.4,0.3,23,2.0
2020-10-19,367.0,8.8,1.7,16,-0.2
2020-10-20,382.0,3.4,1.0,13,-0.3
2020-10-21,368.0,9.0,1.7,11,-1.1
2020-10-22,354.0,7.7,1.0,11,1.3
2020-10-23,413.0,8.8,2.0,22,2.4
2020-10-24,544.0,2.7,3.0,21,-1.1
2020-10-25,558.0,3.4,2.7,22,-0.1
2020-10-26,584.0,2.7,3.0,19,-0.9
2020-10-27,529.0,1.7,1.7,44,0.2
2020-10-28,509.0,2.5,2.3,28,-1.4
2020-10-29,467.0,3.6,2.3,37,-1.6
2020-10-30,406.0,3.9,1.0,31,-0.5
2020-10-31,391.0,8.8,1.3,26,-0.7
2020-11-01,377.0,5.1,1.7,3,-1.2
2020-11-02,342.0,3.8,0.3,8,1.5
2020-11-03,335.0,2.1,0.3,16,-0.5
2020-11-04,310.0,4.8,0.3,24,-0.5
2020-11-05,311.0,11.2,0.7,31,0.8
2020-11-06,456.0,5.4,1.7,41,0.8
2020-11-07,471.0,3.2,1.7,38,0.5
2020-11-08,440.0,3.3,1.0,44,0.1
2020-11-09,363.0,2.6,0.0,28,1.7
2020-11-10,334.0,4.3,0.0,27,1.5
2020-11-11,326.0,10.4,0.7,31,0.3
2020-11-12,373.0,7.6,0.7,30,2.1
2020-11-13,369.0,3.6,0.7,25,-0.3
2020-11-14,326.0,4.8,0.7,22,-0.2
2020-11-15,301.0,5.8,0.7,6,1.3
2020-11-16,288.0,7.3,0.0,0,0.4
2020-11-17,297.0,10.0,0.3,12,-0.3
2020-11-18,289.0,10.5,0.7,12,-0.8
2020-11-19,306.0,10.4,0.3,12,-0.2
2020-11-20,352.0,7.4,1.7,12,-1.8
2020-11-21,372.0,7.0,2.3,25,-1.6
2020-11-22,587.0,4.8,3.7,37,-0.9
2020-11-23,559.0,1.9,2.0,48,-0.4
2020-11-24,438.0,2.1,0.7,42,0.0
2020-11-25,387.0,5.4,1.7,51,-2.2
2020-11-26,406.0,6.0,1.3,57,0.2
2020-11-27,422.0,7.1,1.7,75,0.0
2020-11-28,425.0,4.2,2.0,84,-0.6
2020-11-29,374.0,6.2,1.0,94,-0.0
2020-11-30,439.0,4.4,1.7,85,-0.1
2020-12-01,406.0,1.1,0.3,50,1.3
2020-12-02,407.0,3.0,0.7,46,1.6
2020-12-03,368.0,3.2,0.3,43,0.9
2020-12-04,317.0,1.0,0.0,39,2.0
2020-12-05,339.0,3.4,1.0,36,0.6
2020-12-06,363.0,7.2,1.3,22,-1.1
2020-12-07,361.0,2.8,0.3,20,0.5
2020-12-08,353.0,5.7,1.0,13,-1.4
2020-12-09,387.0,8.6,1.7,13,0.3
2020-12-10,488.0,6.5,1.3,12,2.2
2020-12-11,471.0,3.0,1.7,11,-0.2
2020-12-12,414.0,4.4,1.0,11,0.3
2020-12-13,362.0,4.8,1.0,11,0.1
2020-12-14,350.0,5.7,0.7,13,-0.4
2020-12-15,316.0,6.5,0.3,19,-0.7
2020-12-16,282.0,12.0,0.3,13,-0.8
2020-12-17,279.0,10.5,0.3,12,0.5
2020-12-18,284.0,12.3,0.3,7,-0.4
2020-12-19,318.0,14.5,1.3,0,-0.3
2020-12-20,369.0,4.2,1.0,0,-0.2
2020-12-21,380.0,11.6,2.3,11,-0.8
2020-12-22,533.0,5.4,2.7,11,0.1
2020-12-23,567.0,3.3,2.3,23,-0.1
2020-12-24,551.0,2.8,2.0,27,-0.2
2020-12-25,480.0,3.5,1.0,29,-0.1
2020-12-26,422.0,4.3,1.0,32,0.1
2020-12-27,464.0,5.1,1.3,31,0.2
2020-12-28,493.0,3.8,1.7,29,0.2
2020-12-29,472.0,4.3,1.3,30,0.5
2020-12-30,483.0,3.6,2.0,29,-0.5
2020-12-31,406.0,3.3,0.7,32,-0.2
2021-01-01,352.0,4.7,0.7,24,0.6
2021-01-02,329.0,5.4,0.0,17,0.6
2021-01-03,306.0,7.7,0.0,0,0.1
2021-01-04,298.0,9.2,0.3,0,0.1
2021-01-05,363.0,13.3,2.0,0,1.0
2021-01-06,519.0,5.5,2.3,0,-0.7
2021-01-07,446.0,3.1,1.0,0,-0.3
2021-01-08,372.0,4.0,0.3,0,0.3
2021-01-09,324.0,5.4,0.3,0,-0.2
2021-01-10,309.0,9.5,0.7,0,-1.4
2021-01-11,348.0,18.2,2.3,0,-1.7
2021-01-12,445.0,5.0,2.0,0,0.1
2021-01-13,404.0,4.2,0.7,0,-0.2
2021-01-14,357.0,8.3,0.3,3,0.5
2021-01-15,302.0,10.5,0.7,14,-0.2
2021-01-16,311.0,8.9,0.7,12,-0.2
2021-01-17,288.0,10.0,0.3,14,-0.7
2021-01-18,284.0,14.0,0.7,12,-1.2
2021-01-19,315.0,12.1,1.3,20,-0.6
2021-01-20,338.0,11.6,1.3,21,0.3
2021-01-21,312.0,10.1,0.3,25,0.0
2021-01-22,316.0,10.5,0.7,35,0.4
2021-01-23,337.0,12.2,0.7,32,-0.3
2021-01-24,367.0,8.9,1.3,23,0.2
2021-01-25,468.0,7.0,2.7,27,-0.9
2021-01-26,548.0,2.5,2.3,17,-0.8
2021-01-27,541.0,2.5,2.3,20,-0.4
2021-01-28,448.0,2.2,0.7,7,0.2
2021-01-29,373.0,4.1,0.3,0,-0.8
2021-01-30,326.0,5.3,0.3,0,-0.9
2021-01-31,314.0,10.3,0.3,0,1.0
2021-02-01,327.0,13.2,1.3,0,-0.2
2021-02-02,485.0,11.0,3.0,9,0.2
2021-02-03,535.0,4.5,2.3,7,-0.1
2021-02-04,473.0,3.5,1.7,0,-0.2
2021-02-05,404.0,3.0,1.3,0,-1.4
2021-02-06,391.0,7.8,1.3,0,0.5
2021-02-07,520.0,5.7,3.0,0,-0.4
2021-02-08,459.0,5.3,1.3,2,0.5
2021-02-09,439.0,3.0,0.7,2,1.1
2021-02-10,388.0,2.8,0.3,0,0.2
2021-02-11,338.0,8.2,0.3,0,0.7
2021-02-12,333.0,9.6,1.0,0,-0.4
2021-02-13,464.0,8.0,2.3,0,-0.3
2021-02-14,385.0,3.5,1.0,0,-0.7
2021-02-15,335.0,7.9,1.0,0,-1.1
2021-02-16,373.0,11.7,2.3,0,0.3
2021-02-17,414.0,4.5,1.7,0,-0.4
2021-02-18,376.0,4.6,1.0,10,-0.0
2021-02-19,399.0,9.4,2.7,9,-2.9
2021-02-20,527.0,6.6,3.7,9,-0.6
2021-02-21,575.0,3.3,3.3,10,-0.6
2021-02-22,565.0,2.9,3.3,16,-0.6
2021-02-23,560.0,4.4,2.7,36,-0.9
2021-02-24,484.0,5.7,3.3,38,-2.0
2021-02-25,459.0,5.3,2.7,34,-1.6
2021-02-26,436.0,7.0,2.3,18,-0.5
2021-02-27,406.0,6.3,1.0,17,0.4
2021-02-28,366.0,7.3,1.3,13,-0.1
2021-03-01,428.0,10.0,3.3,10,-3.0
2021-03-02,525.0,8.2,3.0,16,-0.5
2021-03-03,623.0,3.4,3.3,35,-0.7
2021-03-04,515.0,2.9,2.0,30,-0.5
2021-03-05,402.0,6.4,1.3,13,-0.5
2021-03-06,505.0,9.4,2.7,7,0.4
2021-03-07,510.0,2.2,1.7,21,0.7
2021-03-08,493.0,2.1,1.0,14,0.8
2021-03-09,441.0,2.4,0.7,15,0.6
2021-03-10,377.0,3.5,0.3,17,1.6
2021-03-11,366.0,4.0,0.7,22,1.3
2021-03-12,350.0,10.3,2.7,14,-3.4
2021-03-13,428.0,13.5,3.0,11,1.2
2021-03-14,556.0,4.2,3.7,23,-2.2
2021-03-15,477.0,3.0,1.7,24,0.0
2021-03-16,394.0,3.4,0.7,19,-0.2
2021-03-17,348.0,7.2,1.0,13,0.5
2021-03-18,329.0,9.2,1.0,13,0.3
2021-03-19,313.0,11.6,1.3,13,-2.2
2021-03-20,529.0,13.6,3.7,11,1.2
2021-03-21,615.0,2.6,3.3,8,-0.3
2021-03-22,603.0,1.9,1.7,22,-0.0
2021-03-23,498.0,3.1,2.3,27,-1.4
2021-03-24,411.0,7.3,2.0,30,-1.6
2021-03-25,417.0,8.6,2.7,27,-0.2
2021-03-26,417.0,3.8,2.3,25,-2.3
2021-03-27,371.0,5.9,1.3,19,0.3
2021-03-28,390.0,4.2,1.0,12,-0.0
2021-03-29,338.0,5.4,0.7,12,-1.3
2021-03-30,339.0,7.1,0.7,9,-0.7
2021-03-31,365.0,8.3,2.0,0,-2.3
2021-04-01,392.0,6.4,1.7,0,-0.4
2021-04-02,371.0,6.9,1.3,0,-0.1
2021-04-03,361.0,4.4,1.0,4,-0.7
2021-04-04,308.0,5.5,0.7,12,-0.2
2021-04-05,317.0,12.6,1.0,11,1.5
2021-04-06,318.0,10.1,0.3,6,2.8
2021-04-07,366.0,6.5,2.7,0,1.8
2021-04-08,452.0,3.2,1.0,0,0.8
2021-04-09,395.0,4.1,0.7,0,0.4
2021-04-10,347.0,3.9,1.0,0,-0.9
2021-04-11,351.0,7.2,1.3,10,-0.6
2021-04-12,362.0,7.4,1.0,14,-0.6
2021-04-13,357.0,7.7,1.3,19,-0.2
2021-04-14,396.0,6.8,1.3,21,1.2
2021-04-15,369.0,10.9,2.3,25,2.9
2021-04-16,427.0,7.5,3.0,35,-2.3
2021-04-17,575.0,4.5,4.0,15,-1.5
2021-04-18,600.0,3.5,3.3,18,-1.5
2021-04-19,614.0,3.5,3.3,36,-0.7
2021-04-20,610.0,2.9,2.7,57,-0.9
2021-04-21,525.0,2.2,1.7,46,-0.1
2021-04-22,430.0,4.2,1.0,44,-0.5
2021-04-23,394.0,8.1,2.7,37,-1.7
2021-04-24,456.0,3.9,2.0,54,-1.4
2021-04-25,481.0,3.5,3.0,55,-1.7
2021-04-26,470.0,3.3,2.0,50,-0.5
2021-04-27,449.0,1.8,1.3,55,-1.8
2021-04-28,373.0,3.3,0.3,46,-0.2
2021-04-29,336.0,7.5,1.0,37,-0.4
2021-04-30,326.0,12.2,1.3,28,2.1
2021-05-01,337.0,10.1,1.0,10,1.9
2021-05-02,351.0,11.6,2.0,0,2.2
2021-05-03,407.0,6.3,1.3,0,2.7
2021-05-04,427.0,4.3,0.7,0,1.6
2021-05-05,370.0,4.0,0.3,0,1.1
2021-05-06,333.0,5.9,0.7,0,0.4
2021-05-07,304.0,5.6,0.7,10,2.0
2021-05-08,322.0,4.0,0.7,17,0.5
2021-05-09,329.0,7.9,0.7,20,2.2
2021-05-10,350.0,10.2,1.7,34,1.7
2021-05-11,343.0,6.8,0.7,32,0.6
2021-05-12,418.0,9.9,3.7,33,-0.5
2021-05-13,438.0,3.0,1.7,30,0.9
2021-05-14,390.0,5.1,0.7,26,0.5
2021-05-15,427.0,5.3,1.7,28,1.1
2021-05-16,361.0,4.0,1.0,13,-1.0
2021-05-17,367.0,5.6,1.3,14,-1.0
2021-05-18,381.0,9.3,2.0,28,-0.9
2021-05-19,360.0,10.4,1.3,27,1.7
2021-05-20,436.0,10.7,3.3,20,-2.9
2021-05-21,534.0,2.2,1.3,14,0.2
2021-05-22,441.0,2.5,1.0,19,-1.1
2021-05-23,399.0,2.1,0.7,27,-1.1
2021-05-24,348.0,3.0,0.3,31,-0.4
2021-05-25,321.0,6.7,0.7,41,-0.6
2021-05-26,335.0,15.5,2.0,41,1.0
2021-05-27,408.0,9.5,2.7,41,0.8
2021-05-28,414.0,2.1,0.3,31,1.9
2021-05-29,406.0,3.1,1.3,15,0.8
2021-05-30,444.0,4.1,1.3,26,0.2
2021-05-31,372.0,3.7,0.3,30,-0.1
2021-06-01,310.0,4.2,0.3,22,-0.4
2021-06-02,298.0,15.3,1.0,29,-0.9
2021-06-03,300.0,19.1,1.3,31,0.4
2021-06-04,355.0,5.2,1.0,35,0.3
2021-06-05,354.0,6.0,0.7,38,0.6
2021-06-06,331.0,5.8,0.7,38,0.9
2021-06-07,388.0,11.4,2.3,49,0.0
2021-06-08,464.0,2.4,1.3,34,-0.2
2021-06-09,380.0,4.1,0.7,25,-0.6
2021-06-10,351.0,5.9,1.0,27,0.1
2021-06-11,349.0,6.9,2.0,19,-3.6
2021-06-12,383.0,9.7,2.0,8,0.9
2021-06-13,453.0,3.5,1.0,15,1.3
2021-06-14,388.0,4.2,0.7,12,-0.1
2021-06-15,448.0,13.4,2.7,11,0.1
2021-06-16,592.0,2.5,2.7,11,-0.6
2021-06-17,534.0,2.4,1.3,12,0.3
2021-06-18,487.0,2.4,1.7,21,-0.8
2021-06-19,455.0,1.9,0.7,15,-0.0
2021-06-20,408.0,3.5,0.7,14,0.3
2021-06-21,361.0,5.8,0.7,13,0.1
2021-06-22,359.0,7.3,1.3,16,-0.1
2021-06-23,346.0,4.5,0.7,12,0.8
2021-06-24,351.0,6.8,1.0,11,0.5
2021-06-25,383.0,5.1,1.3,23,0.9
2021-06-26,380.0,4.3,0.7,19,-0.7
2021-06-27,345.0,5.7,0.7,33,-0.2
2021-06-28,339.0,5.0,0.7,46,0.1
2021-06-29,330.0,6.1,1.0,56,-0.3
2021-06-30,402.0,9.8,2.7,54,-0.7
2021-07-01,487.0,4.3,1.3,57,3.6
2021-07-02,457.0,2.5,1.0,61,0.0
2021-07-03,437.0,2.0,0.7,61,-0.3
2021-07-04,343.0,4.9,0.7,51,0.1
2021-07-05,337.0,8.2,1.7,44,-1.4
2021-07-06,357.0,7.2,1.7,50,-0.5
2021-07-07,354.0,8.5,1.3,20,-1.4
2021-07-08,323.0,9.1,1.0,17,0.2
2021-07-09,331.0,8.2,1.0,12,0.8
2021-07-10,378.0,7.1,1.3,16,0.6
2021-07-11,368.0,6.4,0.7,22,1.1
2021-07-12,317.0,15.7,1.7,23,0.3
2021-07-13,337.0,3.1,1.0,19,-1.3
2021-07-14,360.0,12.0,2.3,29,-1.9
2021-07-15,442.0,5.7,2.3,22,-0.8
2021-07-16,445.0,3.3,0.7,35,0.5
2021-07-17,403.0,5.3,0.7,50,0.4
2021-07-18,385.0,5.3,0.7,48,1.1
2021-07-19,394.0,6.1,1.7,49,-0.5
2021-07-20,471.0,3.7,2.3,46,-0.5
2021-07-21,463.0,2.2,1.3,72,0.0
2021-07-22,411.0,2.8,1.7,75,-2.0
2021-07-23,373.0,3.8,0.7,55,0.3
2021-07-24,346.0,4.9,0.7,31,-0.9
2021-07-25,328.0,4.5,0.3,36,0.1
2021-07-26,327.0,5.9,0.7,31,-0.6
2021-07-27,324.0,14.1,1.0,21,0.6
2021-07-28,447.0,12.2,2.7,7,1.2
2021-07-29,516.0,2.2,2.0,4,-0.5
2021-07-30,458.0,4.0,1.7,0,0.4
2021-07-31,421.0,4.3,1.3,2,-0.3
2021-08-01,393.0,3.5,0.7,8,0.5
2021-08-02,381.0,11.7,2.3,13,-2.0
2021-08-03,352.0,5.8,2.0,17,-2.7
2021-08-04,335.0,7.3,1.0,17,0.1
2021-08-05,303.0,6.6,0.3,24,1.0
2021-08-06,305.0,15.3,1.7,9,-2.9
2021-08-07,396.0,11.6,2.3,0,-2.4
2021-08-08,387.0,7.2,1.0,0,-0.5
2021-08-09,358.0,13.7,1.0,7,0.7
2021-08-10,404.0,8.2,1.7,0,0.9
2021-08-11,446.0,3.5,1.3,19,0.2
2021-08-12,407.0,4.6,0.7,8,-0.2
2021-08-13,399.0,8.4,1.3,10,-0.4
2021-08-14,366.0,4.8,0.7,20,-0.1
2021-08-15,411.0,3.9,2.0,23,-1.8
2021-08-16,445.0,2.1,1.7,20,-0.4
2021-08-17,435.0,3.0,1.3,15,-0.6
2021-08-18,397.0,2.6,1.3,13,-0.7
2021-08-19,344.0,5.2,1.0,22,-1.6
2021-08-20,328.0,5.9,1.3,13,-1.4
2021-08-21,335.0,7.1,0.7,17,1.4
2021-08-22,315.0,11.4,0.3,19,0.5
2021-08-23,301.0,11.7,0.3,17,1.4
2021-08-24,314.0,14.7,1.0,21,0.8
2021-08-25,380.0,6.2,1.7,35,-1.0
2021-08-26,381.0,4.2,1.3,48,-1.4
2021-08-27,393.0,7.8,3.3,70,-5.6
2021-08-28,365.0,4.0,2.3,75,-1.7
2021-08-29,374.0,9.2,1.7,51,0.9
2021-08-30,402.0,7.1,1.7,43,0.4
2021-08-31,377.0,6.9,1.3,40,-1.4
2021-09-01,349.0,7.3,1.0,38,-1.5
2021-09-02,356.0,6.2,0.7,33,-0.3
2021-09-03,393.0,7.7,1.7,25,-0.8
2021-09-04,397.0,6.2,1.0,70,0.0
2021-09-05,336.0,8.0,1.3,75,-0.6
2021-09-06,317.0,8.7,1.3,83,-1.6
2021-09-07,327.0,11.2,1.7,84,-0.3
2021-09-08,384.0,9.5,2.7,98,-0.5
2021-09-09,386.0,3.3,1.0,102,-0.8
2021-09-10,361.0,12.6,1.7,97,0.8
2021-09-11,334.0,8.6,1.7,74,3.2
2021-09-12,356.0,7.5,1.3,50,1.0
2021-09-13,451.0,3.8,2.0,34,0.2
2021-09-14,444.0,2.6,1.3,23,-1.0
2021-09-15,395.0,3.4,1.3,10,-0.7
2021-09-16,342.0,4.0,0.7,0,-0.1
2021-09-17,360.0,13.0,3.3,0,-1.0
2021-09-18,399.0,11.9,1.7,0,1.7
2021-09-19,347.0,4.0,0.3,13,1.7
2021-09-20,315.0,6.1,0.7,44,0.5
2021-09-21,325.0,16.5,1.3,65,-0.8
2021-09-22,370.0,7.1,2.3,81,-3.4
2021-09-23,377.0,11.0,2.0,69,1.6
2021-09-24,455.0,4.3,1.7,61,1.6
2021-09-25,509.0,2.6,1.7,46,0.6
2021-09-26,413.0,2.9,0.3,50,1.3
2021-09-27,387.0,10.9,1.7,49,3.0
2021-09-28,487.0,4.0,2.3,56,0.0
2021-09-29,399.0,7.1,1.0,70,-0.2
2021-09-30,413.0,11.1,1.7,45,0.6
2021-10-01,514.0,4.1,2.3,36,0.9
2021-10-02,428.0,3.7,1.3,34,0.6
2021-10-03,396.0,3.9,1.3,26,-1.4
2021-10-04,349.0,4.8,1.0,35,-1.4
2021-10-05,303.0,6.3,1.0,31,-1.3
2021-10-06,322.0,19.1,2.0,26,-0.8
2021-10-07,317.0,6.2,0.7,16,1.6
2021-10-08,297.0,7.6,0.7,19,-1.2
2021-10-09,293.0,6.8,1.0,24,-2.0
2021-10-10,308.0,16.0,2.0,39,-0.3
2021-10-11,372.0,7.7,2.7,30,-3.1
2021-10-12,449.0,16.2,4.7,18,-2.1
2021-10-13,422.0,3.3,1.0,20,-0.1
2021-10-14,385.0,8.5,1.7,21,-2.2
2021-10-15,361.0,9.0,1.0,12,-0.3
2021-10-16,382.0,7.5,1.3,11,5.1
2021-10-17,361.0,6.0,2.0,0,-2.3
2021-10-18,357.0,15.1,2.0,18,1.1
2021-10-19,379.0,13.5,2.3,13,0.2
2021-10-20,403.0,10.7,1.3,12,1.4
2021-10-21,514.0,3.7,1.3,18,0.7
2021-10-22,459.0,2.6,0.7,37,1.1
2021-10-23,402.0,3.5,0.7,50,0.4
2021-10-24,352.0,7.3,1.0,41,-0.0
2021-10-25,333.0,9.4,1.0,68,0.2
2021-10-26,339.0,8.1,1.0,92,0.4
2021-10-27,368.0,4.5,0.3,104,1.2
2021-10-28,313.0,8.8,0.3,100,0.7
2021-10-29,298.0,11.0,0.3,85,0.8
2021-10-30,330.0,16.8,2.0,78,-0.8
2021-10-31,408.0,9.0,2.7,68,-1.4
2021-11-01,373.0,14.3,2.0,53,0.4
2021-11-02,575.0,4.1,3.0,43,-0.5
2021-11-03,551.0,2.5,2.3,34,-0.7
2021-11-04,682.0,5.3,5.0,28,0.3
2021-11-05,574.0,5.3,2.3,36,4.4
2021-11-06,570.0,6.1,3.0,35,-0.3
2021-11-07,472.0,2.6,0.7,31,1.4
2021-11-08,404.0,5.0,1.0,39,0.4
2021-11-09,367.0,7.0,1.3,45,-0.9
2021-11-10,415.0,6.3,1.3,41,0.1
2021-11-11,383.0,7.0,0.7,44,0.4
2021-11-12,370.0,4.9,0.7,36,0.7
2021-11-13,335.0,5.8,0.3,25,0.2
2021-11-14,312.0,10.8,0.7,20,-1.2
2021-11-15,339.0,17.6,1.3,24,0.9
2021-11-16,598.0,4.7,2.7,33,1.6
2021-11-17,601.0,3.5,2.7,30,0.5
2021-11-18,525.0,2.2,1.0,23,-0.1
2021-11-19,458.0,3.9,1.0,23,-0.1
2021-11-20,505.0,5.3,2.0,22,0.8
2021-11-21,630.0,3.8,2.7,23,1.2
2021-11-22,575.0,2.1,2.0,23,0.2
2021-11-23,512.0,3.0,2.0,33,-0.2
2021-11-24,466.0,3.7,1.0,43,1.2
2021-11-25,435.0,3.3,1.0,26,-0.3
2021-11-26,356.0,7.0,0.3,46,1.3
2021-11-27,337.0,5.8,0.7,42,-0.0
2021-11-28,376.0,14.2,2.0,47,3.2
2021-11-29,365.0,7.2,1.7,43,-2.5
2021-11-30,363.0,12.0,1.3,60,-1.0
2021-12-01,503.0,4.3,3.3,43,-1.6
2021-12-02,496.0,2.9,2.3,37,-0.7
2021-12-03,441.0,4.8,1.7,30,-1.1
2021-12-04,477.0,3.5,1.7,19,-0.1
2021-12-05,447.0,3.1,1.7,25,-1.5
2021-12-06,482.0,3.7,1.7,13,0.1
2021-12-07,479.0,3.2,0.7,12,0.8
2021-12-08,413.0,3.5,1.0,6,-1.0
2021-12-09,353.0,4.8,0.3,0,-0.3
2021-12-10,321.0,12.6,0.7,0,-0.3
2021-12-11,303.0,9.7,1.0,0,0.3
2021-12-12,309.0,10.3,0.7,13,-0.9
2021-12-13,321.0,15.6,1.0,25,2.5
2021-12-14,320.0,11.7,1.0,44,-0.8
2021-12-15,534.0,7.2,2.0,78,1.7
2021-12-16,512.0,4.7,2.0,107,0.0
2021-12-17,388.0,5.0,0.7,111,0.2
2021-12-18,348.0,7.3,0.7,110,-0.0
2021-12-19,368.0,12.2,2.0,120,-0.2
2021-12-20,571.0,4.2,2.7,120,1.2
2021-12-21,646.0,1.3,2.0,133,0.9
2021-12-22,587.0,1.4,2.3,152,-0.1
2021-12-23,521.0,1.6,0.7,145,0.8
2021-12-24,430.0,2.9,1.3,114,0.1
2021-12-25,432.0,2.9,1.7,112,-1.6
2021-12-26,367.0,3.9,0.7,97,-0.6
2021-12-27,366.0,9.7,2.0,109,-0.5
2021-12-28,406.0,2.3,1.7,102,-0.9
2021-12-29,385.0,5.8,1.3,87,-1.1
2021-12-30,430.0,6.5,1.7,70,0.6
2021-12-31,429.0,5.7,0.7,62,1.3
2022-01-01,509.0,1.9,2.3,48,-0.5
2022-01-02,507.0,2.1,2.0,27,-0.5
2022-01-03,517.0,3.2,2.3,10,-0.5
2022-01-04,433.0,2.6,1.0,10,0.0
2022-01-05,382.0,3.0,0.7,23,1.2
2022-01-06,353.0,3.1,0.0,34,1.3
2022-01-07,312.0,3.3,0.0,44,1.0
2022-01-08,318.0,18.8,1.7,44,-1.2
2022-01-09,462.0,5.9,2.0,54,1.1
2022-01-10,425.0,4.4,1.3,54,-0.8
2022-01-11,384.0,5.9,1.0,51,-0.1
2022-01-12,370.0,6.1,0.7,76,1.5
2022-01-13,346.0,3.7,0.3,85,1.5
2022-01-14,360.0,9.4,2.0,98,-1.3
2022-01-15,491.0,8.7,3.3,95,-0.9
2022-01-16,569.0,3.8,3.0,102,0.2
2022-01-17,539.0,3.5,2.0,80,0.1
2022-01-18,590.0,2.0,3.0,66,-1.7
2022-01-19,627.0,3.4,3.3,58,-0.4
2022-01-20,459.0,2.1,0.7,57,1.3
2022-01-21,436.0,3.3,1.7,23,-0.7
2022-01-22,418.0,4.1,2.3,24,-2.4
2022-01-23,359.0,5.8,1.7,20,-1.5
2022-01-24,312.0,14.3,0.7,33,-0.4
2022-01-25,376.0,17.4,2.7,52,-1.4
2022-01-26,464.0,5.2,2.3,69,1.0
2022-01-27,451.0,6.3,1.7,81,0.4
2022-01-28,442.0,3.9,1.7,72,-0.9
2022-01-29,488.0,4.2,2.7,66,-0.2
2022-01-30,481.0,2.5,2.3,83,-1.2
2022-01-31,465.0,1.8,2.3,75,-2.0
2022-02-01,399.0,3.9,1.3,77,0.6
2022-02-02,439.0,9.0,2.0,72,3.6
2022-02-03,512.0,5.4,3.7,80,-3.4
2022-02-04,518.0,5.8,4.3,100,-5.1
2022-02-05,517.0,4.2,2.7,91,-0.2
2022-02-06,554.0,2.1,2.7,78,-0.8
2022-02-07,469.0,1.6,1.7,76,-1.0
2022-02-08,419.0,3.4,1.0,75,-1.4
2022-02-09,378.0,3.6,0.3,68,0.3
2022-02-10,408.0,7.6,3.3,72,-3.2
2022-02-11,421.0,8.9,3.3,75,4.7
2022-02-12,548.0,4.5,2.7,54,0.2
2022-02-13,505.0,3.8,3.0,46,-1.4
2022-02-14,450.0,3.5,1.7,63,-1.2
2022-02-15,392.0,3.2,1.0,81,-0.8
2022-02-16,371.0,5.9,2.0,87,-2.5
2022-02-17,357.0,4.9,1.0,80,-0.3
2022-02-18,336.0,11.7,1.3,49,-1.3
2022-02-19,360.0,10.5,2.0,42,-2.7
2022-02-20,492.0,5.7,2.3,48,1.4
2022-02-21,516.0,3.9,2.3,48,0.8
2022-02-22,531.0,3.5,2.7,38,-0.4
2022-02-23,467.0,2.5,1.7,36,-0.9
2022-02-24,449.0,3.5,1.3,32,0.6
2022-02-25,416.0,3.9,1.7,23,0.2
2022-02-26,376.0,5.6,0.0,25,1.5
2022-02-27,433.0,8.9,2.3,32,1.4
2022-02-28,490.0,4.6,1.7,56,2.4
2022-03-01,510.0,2.7,2.0,72,0.4
2022-03-02,455.0,2.7,0.7,78,-0.0
2022-03-03,385.0,7.9,1.0,88,0.4
2022-03-04,433.0,6.5,2.3,87,-0.8
2022-03-05,468.0,5.9,3.7,85,-2.4
2022-03-06,518.0,1.6,3.0,79,-2.0
2022-03-07,465.0,1.9,2.0,89,-2.0
2022-03-08,424.0,2.8,1.3,91,-0.9
2022-03-09,362.0,3.4,1.0,89,-1.0
2022-03-10,353.0,8.2,1.7,94,-1.3
2022-03-11,377.0,9.5,3.3,91,-1.5
2022-03-12,379.0,4.7,2.0,91,-1.5
2022-03-13,416.0,12.3,3.7,85,0.4
2022-03-14,418.0,7.2,2.0,84,13.6
2022-03-15,383.0,4.6,1.3,75,2.3
2022-03-16,399.0,4.7,1.3,62,0.1
2022-03-17,353.0,4.4,1.3,50,-0.7
2022-03-18,311.0,4.4,0.7,35,-0.6
2022-03-19,302.0,9.0,1.0,36,-0.7
2022-03-20,311.0,11.7,1.7,52,1.8
2022-03-21,325.0,9.4,0.7,51,1.2
2022-03-22,329.0,9.7,2.0,47,-0.3
2022-03-23,385.0,8.3,1.7,49,2.3
2022-03-24,521.0,4.3,2.3,51,1.4
2022-03-25,441.0,4.0,2.0,51,-0.9
2022-03-26,408.0,7.3,1.3,61,0.6
2022-03-27,483.0,7.7,3.0,96,1.7
2022-03-28,499.0,3.9,1.7,137,0.6
2022-03-29,416.0,6.3,2.0,142,0.3
2022-03-30,395.0,5.9,1.3,115,0.2
2022-03-31,522.0,10.8,3.7,124,5.7
2022-04-01,460.0,2.7,3.0,130,0.1
2022-04-02,551.0,2.6,3.3,121,-1.6
2022-04-03,482.0,2.8,1.7,118,0.0
2022-04-04,466.0,2.8,2.3,82,-1.3
2022-04-05,425.0,4.2,1.3,86,-0.2
2022-04-06,387.0,4.3,1.3,74,-0.5
2022-04-07,412.0,5.7,2.3,57,-2.7
2022-04-08,367.0,7.4,1.7,53,2.3
2022-04-09,370.0,14.5,3.0,38,-0.7
2022-04-10,472.0,6.3,3.3,21,-0.6
2022-04-11,505.0,2.9,2.3,11,-0.0
2022-04-12,470.0,5.1,2.3,14,-0.6
2022-04-13,460.0,2.5,1.7,33,1.1
2022-04-14,473.0,6.1,4.3,41,-3.8
2022-04-15,539.0,5.8,3.7,46,2.1
2022-04-16,553.0,3.6,1.7,64,2.7
2022-04-17,514.0,4.2,2.3,86,1.3
2022-04-18,565.0,2.7,2.0,100,1.2
2022-04-19,476.0,2.5,1.3,95,0.5
2022-04-20,407.0,6.0,1.7,99,0.6
2022-04-21,420.0,9.2,2.3,113,0.2
2022-04-22,451.0,4.9,1.7,111,1.6
2022-04-23,462.0,4.2,2.3,126,0.2
2022-04-24,454.0,2.5,1.3,129,1.7
2022-04-25,424.0,2.7,1.0,119,1.1
2022-04-26,380.0,3.5,0.3,132,1.8
2022-04-27,437.0,6.8,2.7,133,-0.2
2022-04-28,494.0,4.2,2.7,134,-1.7
2022-04-29,489.0,3.1,2.7,105,-1.5
2022-04-30,477.0,3.7,2.7,50,-0.8
2022-05-01,459.0,2.8,2.0,36,-0.1
2022-05-02,448.0,2.6,1.0,32,0.2
2022-05-03,415.0,3.0,1.7,76,-1.4
2022-05-04,363.0,2.9,1.3,77,-1.4
2022-05-05,340.0,2.9,0.7,78,-0.9
2022-05-06,356.0,1.6,0.7,76,-1.6
2022-05-07,296.0,1.8,0.3,64,-1.7
2022-05-08,328.0,11.1,1.3,80,-2.0
2022-05-09,313.0,12.1,1.7,71,-1.4
2022-05-10,300.0,7.6,0.7,57,0.3
2022-05-11,288.0,10.8,1.3,80,-3.6
2022-05-12,312.0,16.7,1.7,112,0.9
2022-05-13,338.0,7.8,1.7,125,-3.1
2022-05-14,358.0,13.9,1.7,131,3.3
2022-05-15,525.0,5.6,2.3,145,1.4
2022-05-16,519.0,4.1,2.0,149,1.5
2022-05-17,543.0,4.5,2.3,146,1.0
2022-05-18,480.0,3.3,1.3,131,1.2
2022-05-19,488.0,4.7,2.0,144,1.1
2022-05-20,550.0,2.4,2.3,132,-0.5
2022-05-21,513.0,2.6,2.3,154,-0.3
2022-05-22,492.0,2.0,2.3,162,-0.9
2022-05-23,480.0,1.9,1.0,144,1.3
2022-05-24,392.0,2.7,0.7,132,0.1
2022-05-25,366.0,5.7,1.7,106,0.2
2022-05-26,342.0,12.6,1.0,81,1.3
2022-05-27,370.0,18.4,2.7,59,-1.2
2022-05-28,501.0,4.7,3.0,42,0.8
2022-05-29,560.0,2.0,3.0,43,-1.8
2022-05-30,581.0,1.7,2.0,58,-0.1
2022-05-31,514.0,2.3,2.0,69,-2.0
2022-06-01,446.0,2.2,1.3,62,-0.9
2022-06-02,360.0,3.4,1.0,59,-1.1
2022-06-03,334.0,5.1,1.0,56,-1.4
2022-06-04,298.0,6.2,0.7,66,-0.5
2022-06-05,288.0,10.1,1.0,49,-0.7
2022-06-06,295.0,19.9,2.0,32,-0.6
2022-06-07,328.0,9.5,1.7,7,-4.1
2022-06-08,314.0,8.2,1.0,3,-0.4
2022-06-09,312.0,11.5,1.0,21,-2.1
2022-06-10,300.0,8.1,1.0,46,0.9
2022-06-11,334.0,16.9,1.7,39,0.6
2022-06-12,407.0,6.5,2.0,53,1.6
2022-06-13,494.0,3.5,2.7,94,0.1
2022-06-14,461.0,4.1,1.7,123,1.2
2022-06-15,575.0,4.2,3.0,148,-0.3
2022-06-16,563.0,2.5,2.3,150,1.0
2022-06-17,607.0,2.3,2.7,152,0.8
2022-06-18,599.0,2.1,2.3,147,0.4
2022-06-19,601.0,1.8,2.3,118,0.2
2022-06-20,561.0,1.4,2.3,96,-1.4
2022-06-21,502.0,3.0,1.7,96,-0.4
2022-06-22,473.0,3.3,2.3,89,-1.2
2022-06-23,467.0,4.1,2.3,70,0.2
2022-06-24,417.0,3.5,1.3,61,0.6
2022-06-25,412.0,3.3,2.7,47,-4.5
2022-06-26,581.0,2.8,3.3,33,-0.1
2022-06-27,576.0,1.9,2.0,52,0.4
2022-06-28,510.0,3.5,1.7,62,0.4
2022-06-29,475.0,3.3,1.3,37,0.7
2022-06-30,394.0,3.8,0.7,42,0.0
2022-07-01,346.0,10.0,1.3,58,-0.3
2022-07-02,331.0,10.5,3.0,64,-2.9
2022-07-03,322.0,23.3,1.7,56,4.8
2022-07-04,393.0,17.8,3.3,59,0.8
2022-07-05,376.0,6.5,0.7,78,0.3
2022-07-06,333.0,15.5,1.0,82,0.4
2022-07-07,359.0,15.1,2.7,97,-6.9
2022-07-08,403.0,11.4,3.0,87,2.7
2022-07-09,356.0,6.7,1.3,93,1.2
2022-07-10,368.0,7.4,1.3,107,0.4
2022-07-11,343.0,9.5,2.0,125,-1.7
2022-07-12,423.0,9.6,3.0,114,-1.2
2022-07-13,476.0,2.0,1.0,116,0.4
2022-07-14,435.0,0.5,1.0,123,-0.2
2022-07-15,431.0,0.4,1.7,135,-2.3
2022-07-16,451.0,0.5,1.3,151,-1.0
2022-07-17,404.0,1.4,1.0,138,0.2
2022-07-18,380.0,4.6,1.7,124,1.0
2022-07-19,453.0,7.2,4.0,111,-4.3
2022-07-20,406.0,5.2,1.3,133,0.3
2022-07-21,392.0,14.9,3.0,110,1.3
2022-07-22,503.0,5.4,2.3,98,2.2
2022-07-23,563.0,5.1,2.7,97,0.2
2022-07-24,519.0,2.8,2.0,80,-0.2
2022-07-25,435.0,2.6,1.3,86,0.3
2022-07-26,414.0,1.4,1.7,91,-0.7
2022-07-27,423.0,4.9,2.3,60,-0.1
2022-07-28,393.0,6.9,1.7,42,1.1
2022-07-29,365.0,7.2,0.7,43,1.5
2022-07-30,348.0,10.8,1.7,42,1.6
2022-07-31,370.0,13.3,2.3,34,2.2
2022-08-01,472.0,5.3,2.0,27,1.3
2022-08-02,496.0,5.4,2.0,33,1.5
2022-08-03,521.0,6.1,2.0,36,0.5
2022-08-04,440.0,4.8,1.7,42,0.2
2022-08-05,395.0,5.6,1.3,71,0.8
2022-08-06,350.0,10.1,0.7,72,3.6
2022-08-07,446.0,10.3,3.3,85,-2.8
2022-08-08,591.0,4.1,4.0,80,-1.6
2022-08-09,602.0,2.3,3.3,61,-1.3
2022-08-10,631.0,1.3,2.7,63,-0.1
2022-08-11,564.0,3.3,3.0,71,-2.6
2022-08-12,579.0,1.6,1.7,102,0.8
2022-08-13,503.0,2.7,2.0,109,-0.7
2022-08-14,480.0,3.0,1.3,110,1.0
2022-08-15,453.0,2.2,1.3,110,-0.1
2022-08-16,372.0,4.7,1.0,123,-0.4
2022-08-17,460.0,9.6,3.3,111,2.6
2022-08-18,568.0,6.0,3.7,87,2.4
2022-08-19,588.0,4.1,3.3,83,-0.9
2022-08-20,550.0,4.1,2.3,74,0.9
2022-08-21,584.0,1.9,2.7,58,0.2
2022-08-22,582.0,1.4,1.7,71,0.4
2022-08-23,458.0,1.8,0.7,50,1.1
2022-08-24,398.0,3.5,0.7,60,1.9
2022-08-25,360.0,2.7,0.7,93,1.6
2022-08-26,342.0,5.7,0.7,94,1.0
2022-08-27,353.0,14.7,2.3,94,-0.4
2022-08-28,424.0,6.8,1.7,83,2.1
2022-08-29,469.0,9.0,2.7,70,2.1
2022-08-30,563.0,4.4,2.7,48,1.8
2022-08-31,521.0,4.0,2.7,43,0.7
2022-09-01,521.0,3.8,2.0,62,1.2
2022-09-02,442.0,6.9,1.7,63,0.9
2022-09-03,483.0,9.4,3.7,68,-2.4
2022-09-04,660.0,5.2,5.3,72,-3.0
2022-09-05,586.0,3.8,4.7,83,-1.2
2022-09-06,601.0,2.1,3.3,75,-0.1
2022-09-07,583.0,1.9,2.7,96,-0.3
2022-09-08,517.0,2.3,3.3,97,-1.3
2022-09-09,467.0,2.9,2.3,103,-0.1
2022-09-10,438.0,4.1,2.7,117,-2.5
2022-09-11,446.0,3.8,2.0,128,-1.0
2022-09-12,387.0,6.9,1.7,141,-0.8
2022-09-13,327.0,4.5,0.7,118,-0.2
2022-09-14,310.0,30.8,1.7,91,-1.2
2022-09-15,321.0,9.9,1.3,101,8.9
2022-09-16,340.0,10.4,1.0,92,4.4
2022-09-17,342.0,8.2,1.0,86,2.1
2022-09-18,433.0,8.6,2.3,73,2.3
2022-09-19,474.0,4.3,2.3,70,0.2
2022-09-20,465.0,4.0,1.7,68,-0.0
2022-09-21,464.0,2.8,1.0,84,1.9
2022-09-22,403.0,6.6,1.3,105,0.7
2022-09-23,403.0,7.7,2.3,131,-1.4
2022-09-24,414.0,3.7,2.7,147,-2.4
2022-09-25,342.0,5.0,1.3,135,-1.3
2022-09-26,307.0,15.2,1.0,132,0.2
2022-09-27,501.0,18.6,3.3,108,5.5
2022-09-28,538.0,0.9,0.7,85,1.1
2022-09-29,493.0,3.7,1.7,72,0.6
2022-09-30,487.0,2.0,2.3,76,-1.4
2022-10-01,425.0,1.4,0.3,110,0.1
2022-10-02,463.0,1.7,2.3,128,-0.4
2022-10-03,505.0,3.1,3.3,165,0.6
2022-10-04,552.0,3.5,3.0,167,0.6
2022-10-05,503.0,3.1,2.7,164,-1.1
2022-10-06,480.0,3.9,3.0,162,-1.2
2022-10-07,487.0,3.0,2.7,163,0.2
2022-10-08,497.0,2.3,2.3,154,-0.7
2022-10-09,583.0,3.1,3.7,129,-1.6
2022-10-10,511.0,2.1,2.0,120,-0.4
2022-10-11,421.0,1.9,1.3,106,-0.7
2022-10-12,366.0,4.1,1.0,103,-1.3
2022-10-13,313.0,3.8,0.7,83,-1.9
2022-10-14,361.0,12.6,3.0,82,0.1
2022-10-15,497.0,6.8,2.7,46,2.2
2022-10-16,594.0,2.6,3.0,75,0.6
2022-10-17,579.0,1.5,0.7,73,2.4
2022-10-18,510.0,2.4,1.3,50,1.5
2022-10-19,427.0,2.6,1.0,49,0.1
2022-10-20,406.0,4.8,1.3,36,-0.6
2022-10-21,376.0,10.2,1.0,57,0.9
2022-10-22,357.0,15.3,3.3,70,-3.8
2022-10-23,476.0,6.9,2.7,52,2.6
2022-10-24,506.0,3.3,1.7,54,1.4
2022-10-25,412.0,3.9,0.7,78,0.7
2022-10-26,357.0,9.4,1.0,83,0.3
2022-10-27,396.0,9.1,2.3,86,-0.3
2022-10-28,442.0,7.5,2.7,89,-1.2
2022-10-29,540.0,4.0,3.7,87,-1.1
2022-10-30,526.0,3.0,2.3,75,-0.4
2022-10-31,466.0,3.7,2.3,63,-1.9
2022-11-01,425.0,3.9,1.7,85,0.1
2022-11-02,445.0,3.7,2.7,98,-2.0
2022-11-03,511.0,2.3,3.7,78,-3.3
2022-11-04,563.0,1.6,3.0,103,-1.0
2022-11-05,473.0,2.1,2.0,115,-1.4
2022-11-06,394.0,2.9,0.7,96,0.1
2022-11-07,391.0,12.8,3.0,100,-0.5
2022-11-08,366.0,3.9,2.3,103,-4.2
2022-11-09,347.0,3.5,1.3,98,-0.7
2022-11-10,325.0,6.1,0.0,85,2.4
2022-11-11,339.0,13.3,1.7,74,0.4
2022-11-12,444.0,5.3,1.0,88,3.5
2022-11-13,442.0,2.3,1.7,111,0.9
2022-11-14,420.0,2.8,0.7,96,1.0
2022-11-15,392.0,4.0,0.3,86,0.5
2022-11-16,333.0,5.7,0.3,90,-0.1
2022-11-17,335.0,5.3,0.3,59,1.8
2022-11-18,322.0,11.9,1.3,57,-1.5
2022-11-19,350.0,9.5,1.0,75,2.6
2022-11-20,344.0,11.5,1.3,87,0.8
2022-11-21,412.0,9.9,2.0,77,1.1
2022-11-22,363.0,7.1,0.3,73,0.8
2022-11-23,312.0,17.2,0.3,71,0.3
2022-11-24,314.0,21.6,1.3,76,0.3
2022-11-25,480.0,5.8,3.3,72,0.0
2022-11-26,533.0,4.3,3.0,78,-0.4
2022-11-27,472.0,4.8,2.7,72,-1.1
2022-11-28,584.0,3.9,3.3,56,0.0
2022-11-29,610.0,2.4,3.3,28,-2.2
2022-11-30,640.0,3.0,3.7,28,0.5
2022-12-01,753.0,1.7,3.7,51,-0.8
2022-12-02,698.0,1.3,3.0,71,-0.3
2022-12-03,573.0,2.8,2.3,75,-0.6
2022-12-04,503.0,4.0,2.7,93,-0.7
2022-12-05,465.0,2.5,1.7,103,-0.7
2022-12-06,370.0,4.1,0.7,119,-0.8
2022-12-07,372.0,16.8,2.7,127,-2.3
2022-12-08,526.0,6.6,2.0,128,1.8
2022-12-09,530.0,3.3,2.3,111,1.4
2022-12-10,444.0,3.2,2.0,122,0.3
2022-12-11,443.0,3.2,2.0,140,-0.5
2022-12-12,422.0,2.4,1.3,157,1.1
2022-12-13,385.0,4.0,0.7,159,0.2
2022-12-14,344.0,7.0,1.0,148,-1.2
2022-12-15,336.0,6.8,1.3,141,-0.3
2022-12-16,317.0,7.8,1.0,131,-0.4
2022-12-17,301.0,7.2,0.3,131,1.1
2022-12-18,292.0,10.1,0.7,127,-1.1
2022-12-19,331.0,12.4,2.0,113,-4.4
2022-12-20,347.0,7.1,1.0,112,3.0
2022-12-21,383.0,7.6,2.0,100,1.9
2022-12-22,407.0,6.4,2.0,98,-1.1
2022-12-23,505.0,4.8,3.3,85,-0.9
2022-12-24,601.0,1.8,3.7,93,0.2
2022-12-25,555.0,0.3,2.0,105,-1.3
2022-12-26,526.0,2.2,3.3,115,-1.4
2022-12-27,515.0,1.9,3.7,94,-4.1
2022-12-28,476.0,1.8,1.0,103,1.4
2022-12-29,429.0,5.7,2.0,123,-1.7
2022-12-30,524.0,6.9,4.0,124,-1.2
2022-12-31,569.0,3.3,3.0,98,0.5
2023-01-01,541.0,2.6,2.7,108,-0.2
2023-01-02,457.0,3.5,1.7,109,-0.4
2023-01-03,399.0,5.4,1.3,108,-0.4
2023-01-04,406.0,10.3,3.0,96,4.3
2023-01-05,365.0,11.1,1.7,112,2.6
2023-01-06,390.0,3.2,0.7,131,4.0
2023-01-07,419.0,4.2,1.3,133,2.1
2023-01-08,396.0,5.0,1.7,135,-0.5
2023-01-09,341.0,6.1,1.0,148,-0.2
2023-01-10,363.0,9.7,1.3,179,0.5
2023-01-11,388.0,8.0,2.0,168,-0.6
2023-01-12,405.0,8.2,2.3,171,0.2
2023-01-13,400.0,6.1,2.3,178,-3.0
2023-01-14,467.0,2.7,2.0,189,0.5
2023-01-15,448.0,5.2,4.0,199,-6.4
2023-01-16,475.0,9.8,2.7,190,0.9
2023-01-17,412.0,6.4,1.0,188,0.7
2023-01-18,421.0,6.9,2.7,195,-0.7
2023-01-19,381.0,3.2,1.3,205,-0.1
2023-01-20,398.0,3.6,1.3,206,1.5
2023-01-21,463.0,5.3,3.0,195,-0.3
2023-01-22,415.0,3.5,2.0,166,-0.5
2023-01-23,446.0,2.8,1.7,162,1.6
2023-01-24,413.0,2.7,0.7,151,0.9
2023-01-25,411.0,3.3,1.3,137,0.7
2023-01-26,482.0,6.7,2.3,110,1.5
2023-01-27,538.0,2.3,2.0,86,0.7
2023-01-28,523.0,3.3,2.3,85,0.4
2023-01-29,473.0,4.3,1.0,79,0.6
2023-01-30,411.0,7.7,1.0,76,1.0
2023-01-31,460.0,4.3,2.0,80,-0.9
2023-02-01,382.0,7.7,1.3,72,-1.4
2023-02-02,369.0,4.2,1.0,58,0.1
2023-02-03,342.0,8.8,1.7,64,0.5
2023-02-04,354.0,5.7,1.0,71,-0.5
2023-02-05,346.0,11.7,1.0,74,1.4
2023-02-06,416.0,10.1,3.0,111,-1.5
2023-02-07,521.0,3.6,3.3,107,-1.9
2023-02-08,556.0,4.2,3.3,125,-1.0
2023-02-09,528.0,2.8,3.3,129,-1.6
2023-02-10,488.0,3.4,3.0,163,-2.3
2023-02-11,483.0,3.8,2.0,166,-0.1
2023-02-12,443.0,1.8,2.0,159,-1.3
2023-02-13,366.0,7.1,1.0,177,-1.1
2023-02-14,357.0,8.2,1.3,159,-1.8
2023-02-15,335.0,18.0,4.0,121,-6.6
2023-02-16,412.0,10.7,3.3,91,1.9
2023-02-17,483.0,2.2,1.3,86,1.6
2023-02-18,414.0,4.1,1.7,104,0.5
2023-02-19,366.0,6.0,1.3,107,-1.0
2023-02-20,388.0,8.1,1.7,112,1.8
2023-02-21,394.0,7.3,2.7,104,-0.6
2023-02-22,421.0,5.3,1.7,86,1.7
2023-02-23,554.0,4.5,3.3,90,-0.2
2023-02-24,513.0,5.3,1.3,117,4.4
2023-02-25,418.0,4.9,2.0,127,-1.9
2023-02-26,489.0,12.8,3.3,119,0.9
2023-02-27,771.0,6.2,6.3,126,-4.8
2023-02-28,645.0,1.8,3.3,91,0.1
2023-03-01,610.0,3.6,1.7,93,2.2
2023-03-02,504.0,4.3,2.0,100,-0.6
2023-03-03,601.0,3.0,3.3,119,-0.8
2023-03-04,702.0,1.7,3.0,127,0.7
2023-03-05,615.0,2.9,3.7,151,-1.6
2023-03-06,623.0,2.1,3.0,185,-0.4
2023-03-07,594.0,1.9,2.0,186,-0.4
2023-03-08,423.0,3.1,1.7,166,-1.2
2023-03-09,415.0,6.1,2.7,156,-2.8
2023-03-10,379.0,4.9,2.0,148,0.1
2023-03-11,345.0,5.2,1.3,149,-0.1
2023-03-12,376.0,9.9,1.7,136,-0.8
2023-03-13,340.0,9.8,0.3,104,3.6
2023-03-14,388.0,15.5,3.3,115,-1.7
2023-03-15,484.0,12.1,3.7,107,2.1
2023-03-16,500.0,3.3,1.0,94,2.5
2023-03-17,416.0,3.1,1.3,72,1.1
2023-03-18,402.0,4.1,2.0,44,0.1
2023-03-19,408.0,4.6,2.0,73,-0.2
2023-03-20,407.0,4.5,2.0,83,0.9
2023-03-21,439.0,5.1,1.7,96,3.7
2023-03-22,516.0,3.9,2.7,104,0.6
2023-03-23,478.0,9.5,4.3,112,-5.4
2023-03-24,431.0,10.9,5.0,149,-5.8
2023-03-25,517.0,2.8,2.7,153,-0.3
2023-03-26,567.0,0.5,1.7,154,0.2
2023-03-27,433.0,0.3,0.7,158,-0.3
2023-03-28,378.0,0.6,1.0,148,-2.0
2023-03-29,382.0,1.6,1.3,158,-0.3
2023-03-30,501.0,5.6,3.0,108,-2.3
2023-03-31,547.0,2.8,3.3,75,-2.2
2023-04-01,526.0,3.3,2.7,47,-0.1
2023-04-02,545.0,2.2,2.7,44,-0.1
2023-04-03,489.0,2.9,2.7,61,-1.9
2023-04-04,498.0,4.6,2.7,65,-0.4
2023-04-05,449.0,4.0,2.3,53,-1.5
2023-04-06,378.0,6.3,1.7,49,-0.5
2023-04-07,373.0,4.1,2.0,48,-1.1
2023-04-08,352.0,4.8,1.3,48,-0.4
2023-04-09,331.0,4.6,1.3,60,-1.3
2023-04-10,438.0,10.4,2.7,90,0.3
2023-04-11,417.0,7.3,1.0,109,1.8
2023-04-12,357.0,7.6,0.7,130,1.6
2023-04-13,376.0,6.3,1.3,150,1.0
2023-04-14,363.0,8.1,1.3,163,0.5
2023-04-15,346.0,8.8,1.7,177,-1.6
2023-04-16,333.0,6.6,1.0,183,0.1
2023-04-17,340.0,8.5,1.0,149,2.0
2023-04-18,436.0,6.1,2.0,135,3.5
2023-04-19,495.0,3.6,2.0,103,0.0
2023-04-20,401.0,4.7,1.0,103,6.8
2023-04-21,380.0,5.5,2.0,104,-1.4
2023-04-22,357.0,3.7,1.3,97,-1.0
2023-04-23,420.0,7.9,4.3,83,-5.3
2023-04-24,540.0,2.9,5.0,73,-1.7
2023-04-25,521.0,2.1,1.7,73,1.0
2023-04-26,542.0,3.7,3.0,97,-0.8
2023-04-27,612.0,2.7,3.7,109,-1.3
2023-04-28,643.0,2.4,3.3,111,-1.1
2023-04-29,633.0,1.8,3.3,111,-1.8
2023-04-30,514.0,2.3,2.0,102,0.3
2023-05-01,513.0,2.7,2.0,104,-1.6
2023-05-02,514.0,1.4,2.0,123,-0.5
2023-05-03,450.0,2.1,0.7,124,0.4
2023-05-04,411.0,5.0,1.3,138,-1.2
2023-05-05,356.0,4.4,0.7,115,-1.4
2023-05-06,474.0,10.3,3.7,116,0.3
2023-05-07,452.0,10.9,2.0,133,3.0
2023-05-08,489.0,6.6,2.7,128,-0.4
2023-05-09,421.0,4.9,2.3,176,-0.5
2023-05-10,618.0,6.7,3.7,165,2.5
2023-05-11,533.0,2.5,2.0,157,-0.0
2023-05-12,529.0,6.3,3.0,145,1.4
2023-05-13,451.0,4.7,2.3,133,2.5
2023-05-14,458.0,3.5,1.7,131,1.1
2023-05-15,460.0,4.0,1.0,113,1.7
2023-05-16,462.0,3.7,1.7,106,0.0
2023-05-17,411.0,3.0,0.7,110,1.2
2023-05-18,348.0,2.4,0.3,120,0.3
2023-05-19,329.0,10.2,1.3,142,1.0
2023-05-20,497.0,7.3,4.0,144,-2.2
2023-05-21,496.0,4.9,3.3,146,-2.1
2023-05-22,566.0,5.0,3.3,136,-1.4
2023-05-23,565.0,3.4,2.3,127,0.0
2023-05-24,556.0,2.7,2.3,151,0.0
2023-05-25,575.0,1.7,2.3,150,-0.8
2023-05-26,472.0,1.2,1.3,145,-0.5
2023-05-27,427.0,0.7,0.7,137,0.0
2023-05-28,438.0,2.1,2.3,144,-2.8
2023-05-29,390.0,2.6,0.7,158,0.2
2023-05-30,378.0,4.1,1.0,166,1.1
2023-05-31,371.0,7.5,2.3,177,-1.1
2023-06-01,426.0,4.9,2.7,153,-2.0
2023-06-02,377.0,4.6,1.3,145,-0.9
2023-06-03,338.0,6.9,0.7,143,1.1
2023-06-04,337.0,13.8,2.0,144,1.7
2023-06-05,374.0,5.6,1.0,158,2.2
2023-06-06,362.0,6.5,1.3,185,1.3
2023-06-07,329.0,4.5,0.7,198,0.2
2023-06-08,333.0,7.4,1.3,181,-0.3
2023-06-09,299.0,9.7,0.7,167,-0.4
2023-06-10,310.0,14.6,1.0,148,0.1
2023-06-11,387.0,11.7,2.0,146,1.4
2023-06-12,427.0,4.6,1.3,114,1.3
2023-06-13,415.0,3.5,1.3,93,0.0
2023-06-14,340.0,3.6,0.7,117,1.0
2023-06-15,396.0,11.0,3.3,122,-2.4
2023-06-16,642.0,3.4,4.0,131,-1.6
2023-06-17,554.0,1.9,2.0,130,-0.9
2023-06-18,412.0,3.7,2.0,160,-3.0
2023-06-19,398.0,5.4,2.3,182,-1.4
2023-06-20,404.0,3.9,2.0,206,-0.4
2023-06-21,424.0,3.9,1.3,217,0.8
2023-06-22,407.0,4.3,2.0,240,-2.5
2023-06-23,385.0,5.8,2.0,228,-1.4
2023-06-24,445.0,2.9,3.0,223,-1.0
2023-06-25,522.0,3.6,2.7,204,0.6
2023-06-26,544.0,1.8,2.3,171,-0.8
2023-06-27,494.0,2.6,2.0,156,-1.1
2023-06-28,447.0,3.4,2.0,136,-0.3
2023-06-29,470.0,3.9,3.0,111,-3.0
2023-06-30,504.0,2.2,1.7,106,-0.1
2023-07-01,454.0,2.0,1.0,136,1.0
2023-07-02,423.0,3.3,1.0,148,-0.4
2023-07-03,380.0,4.4,1.0,154,0.7
2023-07-04,361.0,4.3,0.7,140,0.3
2023-07-05,363.0,10.4,1.3,135,0.7
2023-07-06,440.0,7.7,2.3,145,-0.5
2023-07-07,484.0,6.2,3.3,159,-2.1
2023-07-08,423.0,5.9,1.3,177,1.3
2023-07-09,366.0,4.5,0.7,180,0.9
2023-07-10,340.0,4.6,1.0,191,-0.6
2023-07-11,328.0,8.4,1.7,210,-1.9
2023-07-12,315.0,8.0,1.7,196,-1.7
2023-07-13,317.0,15.1,1.7,152,3.0
2023-07-14,370.0,15.2,3.3,152,-2.1
2023-07-15,386.0,3.1,1.7,127,0.5
2023-07-16,376.0,1.1,1.3,166,-3.4
2023-07-17,510.0,2.3,3.3,159,-1.9
2023-07-18,498.0,3.9,2.7,168,1.6
2023-07-19,415.0,2.2,1.0,165,1.3
2023-07-20,382.0,6.5,1.7,177,0.5
2023-07-21,388.0,10.8,2.3,150,-0.1
2023-07-22,401.0,4.1,1.7,140,0.8
2023-07-23,381.0,2.9,1.3,144,-1.8
2023-07-24,391.0,3.0,1.7,140,0.9
2023-07-25,379.0,4.3,1.7,138,-1.7
2023-07-26,521.0,4.2,3.3,153,-2.2
2023-07-27,459.0,5.2,1.7,146,1.1
2023-07-28,387.0,4.5,1.3,165,0.0
2023-07-29,361.0,3.8,2.0,178,-0.0
2023-07-30,467.0,1.5,2.0,181,-1.1
2023-07-31,383.0,2.0,1.3,187,-2.4
2023-08-01,377.0,10.3,2.0,180,0.1
2023-08-02,385.0,10.6,2.3,163,-2.1
2023-08-03,350.0,7.8,1.3,145,0.5
2023-08-04,358.0,7.5,2.3,132,-1.3
2023-08-05,369.0,7.4,3.3,131,-1.1
2023-08-06,340.0,1.9,0.3,122,2.6
2023-08-07,421.0,1.7,2.0,126,-0.8
2023-08-08,475.0,1.9,1.7,123,-0.4
2023-08-09,406.0,7.4,1.7,102,-1.0
2023-08-10,393.0,4.8,1.7,109,-0.7
2023-08-11,456.0,4.0,0.7,105,2.3
2023-08-12,428.0,2.8,1.7,80,-0.0
2023-08-13,373.0,3.1,1.0,101,0.8
2023-08-14,342.0,7.4,1.0,118,-0.0
2023-08-15,305.0,11.0,0.7,122,-1.1
2023-08-16,303.0,12.5,1.7,148,-1.5
2023-08-17,322.0,13.0,1.7,145,1.0
2023-08-18,439.0,8.6,2.3,124,1.6
2023-08-19,470.0,3.1,1.7,130,1.1
2023-08-20,591.0,2.2,2.0,101,2.2
2023-08-21,584.0,1.9,2.0,110,0.5
2023-08-22,473.0,2.4,1.7,114,-0.1
2023-08-23,409.0,3.6,0.7,105,1.6
2023-08-24,407.0,4.1,1.7,92,0.5
2023-08-25,404.0,1.8,1.0,90,-0.6
2023-08-26,381.0,3.9,1.7,91,-1.5
2023-08-27,367.0,4.6,2.0,84,-2.1
2023-08-28,334.0,7.5,1.7,82,-1.4
2023-08-29,336.0,7.6,1.0,90,0.6
2023-08-30,313.0,7.7,1.3,104,-1.0
2023-08-31,330.0,9.2,1.3,89,2.9
2023-09-01,419.0,6.1,2.7,86,-1.4
2023-09-02,597.0,5.0,4.3,82,-3.3
2023-09-03,476.0,10.7,3.3,91,-1.4
2023-09-04,398.0,4.5,1.7,102,0.0
2023-09-05,395.0,5.9,1.7,115,0.1
2023-09-06,400.0,5.9,1.3,120,0.3
2023-09-07,368.0,5.4,1.3,132,-0.6
2023-09-08,348.0,6.2,1.3,117,1.3
2023-09-09,357.0,8.3,1.7,133,1.4
2023-09-10,329.0,6.0,0.7,173,1.8
2023-09-11,375.0,8.0,1.3,190,1.6
2023-09-12,380.0,16.8,3.0,145,-3.8
2023-09-13,407.0,7.6,3.0,131,-2.3
2023-09-14,454.0,8.0,3.0,134,0.8
2023-09-15,446.0,3.5,1.7,109,1.8
2023-09-16,401.0,3.7,1.3,88,0.9
2023-09-17,445.0,7.7,3.0,89,0.9
2023-09-18,482.0,6.2,4.0,127,-0.9
2023-09-19,593.0,4.1,4.7,149,-2.9
2023-09-20,534.0,6.6,3.0,170,-0.1
2023-09-21,408.0,4.8,2.3,194,-2.5
2023-09-22,383.0,5.2,2.0,200,-2.0
2023-09-23,351.0,4.9,2.0,196,-2.5
2023-09-24,338.0,11.8,2.7,176,-3.1
2023-09-25,454.0,12.8,3.3,169,11.0
2023-09-26,462.0,3.7,4.0,140,-4.2
2023-09-27,455.0,7.8,2.7,133,0.2
2023-09-28,395.0,1.8,1.0,116,-0.1
2023-09-29,431.0,3.9,2.3,103,-0.6
2023-09-30,412.0,3.4,2.0,117,-2.9
2023-10-01,375.0,4.4,2.0,151,0.1
2023-10-02,357.0,5.0,1.7,168,-1.7
2023-10-03,341.0,6.9,1.7,144,-2.4
2023-10-04,360.0,5.9,2.3,154,-1.9
2023-10-05,427.0,4.6,2.3,159,-1.2
2023-10-06,421.0,8.3,1.7,158,1.2
2023-10-07,350.0,4.2,1.0,134,1.9
2023-10-08,316.0,9.8,1.7,144,-1.4
2023-10-09,331.0,12.8,2.0,153,-2.1
2023-10-10,314.0,6.4,0.7,132,-0.4
2023-10-11,293.0,8.0,0.7,145,-0.5
2023-10-12,310.0,8.5,0.3,137,1.8
2023-10-13,380.0,18.4,2.7,113,5.0
2023-10-14,506.0,2.9,1.3,111,1.2
2023-10-15,414.0,2.5,0.7,104,0.5
2023-10-16,350.0,3.4,0.3,97,0.4
2023-10-17,310.0,5.8,0.3,74,0.3
2023-10-18,359.0,11.1,2.0,66,-1.6
2023-10-19,357.0,5.5,2.0,57,-3.0
2023-10-20,351.0,10.1,1.7,67,-1.5
2023-10-21,314.0,11.7,3.0,68,-6.1
2023-10-22,311.0,9.2,1.7,55,-0.7
2023-10-23,354.0,5.5,0.3,34,4.8
2023-10-24,354.0,6.0,0.7,39,1.0
2023-10-25,326.0,10.1,0.7,33,-0.5
2023-10-26,420.0,9.8,3.3,54,-1.1
2023-10-27,410.0,3.7,2.3,58,-1.4
2023-10-28,446.0,9.1,3.0,49,-1.6
2023-10-29,592.0,3.6,4.0,58,-1.4
2023-10-30,545.0,2.6,2.3,73,0.1
2023-10-31,489.0,2.8,2.0,107,-0.4
2023-11-01,452.0,2.4,2.0,115,-0.7
2023-11-02,409.0,2.9,1.7,122,-0.5
2023-11-03,343.0,3.3,0.7,121,-0.5
2023-11-04,322.0,18.5,2.0,92,-3.6
2023-11-05,403.0,20.7,4.7,91,-0.5
2023-11-06,564.0,5.1,4.3,77,-0.3
2023-11-07,684.0,2.4,3.0,78,1.4
2023-11-08,700.0,3.3,3.0,113,2.0
2023-11-09,677.0,2.1,2.3,99,0.6
2023-11-10,606.0,1.5,2.0,94,-0.1
2023-11-11,516.0,1.8,1.0,81,0.4
2023-11-12,503.0,8.9,2.0,82,2.4
2023-11-13,422.0,14.2,2.3,73,4.2
2023-11-14,389.0,4.8,1.3,60,4.2
2023-11-15,379.0,6.2,2.7,33,-2.1
2023-11-16,402.0,3.6,1.7,30,-1.3
2023-11-17,333.0,4.1,0.7,26,-0.3
2023-11-18,307.0,9.3,0.3,32,0.4
2023-11-19,328.0,8.0,0.7,68,0.6
2023-11-20,310.0,18.9,1.0,96,1.4
2023-11-21,350.0,17.1,3.0,153,-0.4
2023-11-22,509.0,6.0,4.0,160,-2.1
2023-11-23,446.0,2.5,1.3,186,-0.8
2023-11-24,364.0,5.8,2.0,167,-1.7
2023-11-25,526.0,9.7,4.3,177,-3.3
2023-11-26,519.0,3.3,1.7,171,1.0
2023-11-27,437.0,3.3,1.7,158,-0.4
2023-11-28,440.0,3.3,1.7,150,0.1
2023-11-29,403.0,3.7,1.0,161,-0.3
2023-11-30,351.0,4.4,1.0,148,-0.2
2023-12-01,477.0,18.8,5.0,123,-2.5
2023-12-02,459.0,3.9,2.0,100,7.2
2023-12-03,429.0,6.1,2.3,104,2.2
2023-12-04,541.0,5.5,2.0,113,1.5
2023-12-05,590.0,4.2,3.0,107,0.7
2023-12-06,598.0,2.5,2.3,134,-0.2
2023-12-07,513.0,2.6,1.3,125,-0.3
2023-12-08,432.0,2.9,1.0,113,0.3
2023-12-09,375.0,3.4,0.3,127,-0.2
2023-12-10,347.0,4.4,0.7,123,-0.6
2023-12-11,327.0,6.8,0.3,92,-0.4
2023-12-12,347.0,11.6,1.7,96,-0.4
2023-12-13,350.0,8.8,1.7,110,-2.5
2023-12-14,330.0,7.0,2.7,117,-5.9
2023-12-15,361.0,10.8,2.3,114,-0.0
2023-12-16,473.0,7.8,2.7,124,-0.4
2023-12-17,477.0,13.1,4.3,112,-1.8
2023-12-18,488.0,9.3,3.7,138,1.7
2023-12-19,634.0,2.3,2.3,150,1.0
2023-12-20,499.0,2.0,2.3,149,-1.8
2023-12-21,376.0,1.7,1.0,152,-1.2
2023-12-22,331.0,3.4,0.3,148,0.1
2023-12-23,333.0,5.9,1.3,138,1.4
2023-12-24,400.0,4.4,2.0,117,-0.2
2023-12-25,398.0,4.7,0.7,113,1.7
2023-12-26,459.0,2.8,1.3,110,1.7
2023-12-27,429.0,2.7,1.0,76,1.0
2023-12-28,387.0,3.7,0.3,95,0.9
2023-12-29,380.0,12.5,1.7,83,0.5
2023-12-30,349.0,8.2,1.0,65,2.0
2023-12-31,308.0,6.3,0.7,52,-1.3
2024-01-01,331.0,11.4,2.0,55,-3.2
2024-01-02,387.0,7.3,2.0,68,0.3
2024-01-03,426.0,7.2,2.3,59,-0.2
2024-01-04,428.0,3.6,1.3,100,0.2
2024-01-05,394.0,3.0,1.0,119,-0.8
2024-01-06,345.0,2.8,0.3,148,-0.7
2024-01-07,312.0,5.4,0.0,172,-0.5
2024-01-08,322.0,8.3,0.7,162,-0.6
2024-01-09,359.0,6.7,1.3,158,0.6
2024-01-10,395.0,5.1,1.7,178,-0.1
2024-01-11,442.0,1.9,1.3,186,-0.0
2024-01-12,426.0,1.9,1.0,182,-0.3
2024-01-13,346.0,3.3,0.3,181,-0.6
2024-01-14,329.0,6.0,1.7,161,-3.6
2024-01-15,335.0,10.5,1.3,140,-1.3
2024-01-16,337.0,9.0,1.0,134,0.7
2024-01-17,344.0,7.4,0.7,147,-0.8
2024-01-18,342.0,6.4,1.3,130,-0.8
2024-01-19,388.0,3.6,1.7,143,-0.4
2024-01-20,378.0,4.6,1.7,134,-1.1
2024-01-21,360.0,5.7,1.0,155,0.0
2024-01-22,398.0,7.5,1.7,166,0.8
2024-01-23,420.0,7.6,1.7,148,1.0
2024-01-24,441.0,7.0,1.7,124,-0.9
2024-01-25,400.0,6.6,1.3,92,0.3
2024-01-26,401.0,5.1,1.3,83,0.0
2024-01-27,376.0,6.2,1.0,64,1.3
2024-01-28,378.0,8.5,1.7,68,0.9
2024-01-29,420.0,4.9,2.0,74,0.1
2024-01-30,470.0,4.1,1.7,74,-0.9
2024-01-31,426.0,3.3,1.7,100,-0.9
2024-02-01,390.0,5.6,1.3,117,-1.1
2024-02-02,342.0,4.7,0.7,122,-0.5
2024-02-03,320.0,7.0,0.3,124,-1.4
2024-02-04,353.0,9.9,1.3,135,1.2
2024-02-05,391.0,7.1,1.3,158,2.9
2024-02-06,485.0,3.2,1.7,159,2.0
2024-02-07,462.0,1.5,0.7,148,0.6
2024-02-08,462.0,1.8,1.0,161,0.2
2024-02-09,436.0,3.3,1.0,127,1.3
2024-02-10,379.0,7.4,1.0,151,1.0
2024-02-11,553.0,3.1,2.7,162,-0.3
2024-02-12,491.0,1.8,1.0,156,1.9
2024-02-13,425.0,5.2,2.0,136,-2.0
2024-02-14,420.0,2.0,1.3,141,1.8
2024-02-15,406.0,3.8,0.7,150,0.9
2024-02-16,387.0,4.4,1.0,139,2.6
2024-02-17,337.0,4.8,1.0,113,-0.9
2024-02-18,316.0,4.3,1.0,100,-1.3
2024-02-19,292.0,5.0,0.0,73,-0.9
2024-02-20,293.0,8.4,1.3,54,-2.9
2024-02-21,313.0,7.8,0.7,49,3.1
2024-02-22,322.0,6.2,1.3,56,0.0
2024-02-23,328.0,7.0,0.7,104,1.5
2024-02-24,335.0,9.4,1.3,108,-0.8
2024-02-25,389.0,8.7,2.3,115,1.3
2024-02-26,401.0,5.2,2.3,132,-1.8
2024-02-27,421.0,5.5,2.3,120,-1.0
2024-02-28,406.0,3.4,1.3,130,-0.5
2024-02-29,395.0,4.0,0.7,126,0.4
2024-03-01,365.0,3.4,1.7,117,-2.8
2024-03-02,309.0,5.0,1.0,96,-2.2
2024-03-03,312.0,23.8,3.7,102,-4.1
2024-03-04,359.0,5.1,2.0,109,2.9
2024-03-05,388.0,4.4,1.3,110,0.4
2024-03-06,395.0,3.6,1.3,100,0.8
2024-03-07,404.0,8.4,2.7,96,-1.3
2024-03-08,470.0,3.4,2.0,102,-0.4
2024-03-09,444.0,3.9,2.3,96,-0.6
2024-03-10,424.0,3.6,1.7,77,-0.6
2024-03-11,380.0,4.7,1.0,74,0.2
2024-03-12,386.0,3.6,1.0,83,0.8
2024-03-13,385.0,4.5,1.7,81,-0.1
2024-03-14,412.0,4.0,1.7,68,1.7
2024-03-15,402.0,2.9,1.3,52,0.9
2024-03-16,383.0,2.8,0.3,62,1.7
2024-03-17,333.0,3.2,0.0,73,0.9
2024-03-18,306.0,8.0,0.7,120,0.2
2024-03-19,366.0,7.4,1.7,132,-1.5
2024-03-20,341.0,7.9,1.0,123,-0.3
2024-03-21,352.0,18.6,3.3,159,-3.0
2024-03-22,351.0,8.2,2.0,163,3.3
2024-03-23,387.0,20.6,4.0,154,-2.7
2024-03-24,627.0,7.2,5.0,161,3.9
2024-03-25,725.0,5.2,3.7,163,8.0
2024-03-26,605.0,2.1,2.3,138,0.3
2024-03-27,503.0,3.6,1.3,113,0.3
2024-03-28,442.0,7.3,2.0,98,0.3
2024-03-29,376.0,9.3,1.0,79,-0.5
2024-03-30,353.0,9.4,0.7,51,2.1
2024-03-31,483.0,3.5,2.0,63,2.5
2024-04-01,508.0,2.6,2.3,31,0.5
2024-04-02,430.0,4.1,1.7,36,0.5
2024-04-03,413.0,3.0,1.3,37,0.4
2024-04-04,412.0,7.9,2.3,49,-0.4
2024-04-05,420.0,6.9,2.3,78,-1.4
2024-04-06,426.0,4.5,2.3,80,-1.1
2024-04-07,392.0,3.6,1.7,83,-1.1
2024-04-08,364.0,7.4,1.3,78,0.4
2024-04-09,382.0,5.4,2.0,56,0.4
2024-04-10,421.0,4.8,1.7,56,0.5
2024-04-11,427.0,4.1,1.3,91,1.6
2024-04-12,393.0,3.8,1.3,87,0.9
2024-04-13,354.0,4.9,1.3,121,0.8
2024-04-14,353.0,7.6,1.3,150,0.5
2024-04-15,345.0,8.7,1.3,171,-1.2
2024-04-16,370.0,15.0,4.0,185,-5.9
2024-04-17,354.0,11.3,1.3,211,1.1
2024-04-18,361.0,8.7,0.7,224,3.3
2024-04-19,399.0,11.0,4.3,242,-5.4
2024-04-20,461.0,2.9,2.3,232,-1.6
2024-04-21,448.0,3.3,3.3,233,-2.9
2024-04-22,425.0,2.6,2.0,266,0.1
2024-04-23,382.0,2.8,1.7,268,-0.5
2024-04-24,365.0,3.7,0.7,251,1.8
2024-04-25,320.0,4.5,0.3,211,-0.6
2024-04-26,330.0,10.8,3.0,142,-5.4
2024-04-27,401.0,8.1,2.7,138,1.2
2024-04-28,420.0,4.8,1.3,117,2.4
2024-04-29,452.0,5.2,1.7,99,0.4
2024-04-30,395.0,12.2,2.3,86,-0.7
2024-05-01,373.0,8.8,1.7,119,7.5
2024-05-02,374.0,15.7,4.0,144,-3.8
2024-05-03,403.0,3.6,1.7,160,0.6
2024-05-04,370.0,5.9,1.0,186,-0.0
2024-05-05,334.0,21.9,2.0,185,-0.6
2024-05-06,452.0,8.9,2.7,205,3.5
2024-05-07,518.0,2.8,1.7,192,1.0
2024-05-08,477.0,2.7,1.3,171,0.9
2024-05-09,436.0,4.0,1.3,181,0.3
2024-05-10,500.0,14.7,4.7,172,-4.9
2024-05-11,777.0,15.1,8.3,173,-12.0
2024-05-12,882.0,2.7,4.7,199,1.0
2024-05-13,679.0,5.7,3.3,244,1.8
2024-05-14,536.0,1.4,1.7,203,2.2
2024-05-15,479.0,1.7,2.3,208,-0.5
2024-05-16,428.0,11.8,3.3,213,1.6
2024-05-17,417.0,8.4,3.3,203,-0.3
2024-05-18,410.0,4.7,2.3,180,-2.2
2024-05-19,391.0,6.7,2.0,181,-0.5
2024-05-20,375.0,6.3,1.3,155,1.7
2024-05-21,381.0,4.6,1.7,177,0.7
2024-05-22,371.0,4.5,0.7,165,3.6
2024-05-23,368.0,7.1,2.0,143,-2.5
2024-05-24,375.0,5.9,2.0,142,-0.7
2024-05-25,373.0,4.6,1.3,112,0.6
2024-05-26,368.0,3.5,2.0,130,0.9
2024-05-27,374.0,7.0,1.7,144,0.6
2024-05-28,339.0,8.5,1.0,164,3.5
2024-05-29,334.0,10.0,1.3,169,3.1
2024-05-30,346.0,8.0,1.7,159,-1.1
2024-05-31,355.0,10.1,2.0,156,-3.2
2024-06-01,335.0,5.8,1.0,178,-0.3
2024-06-02,317.0,9.6,1.0,205,-0.0
2024-06-03,306.0,15.6,2.0,213,-0.3
2024-06-04,412.0,3.2,1.3,213,1.1
2024-06-05,424.0,5.8,1.7,181,-0.4
2024-06-06,370.0,3.2,1.3,158,-0.7
2024-06-07,405.0,6.8,3.3,163,-0.9
2024-06-08,490.0,4.9,2.7,173,0.9
2024-06-09,419.0,3.5,1.3,154,-0.3
2024-06-10,366.0,7.0,1.7,124,0.8
2024-06-11,375.0,6.3,2.0,106,0.2
2024-06-12,349.0,7.3,1.0,124,-0.3
2024-06-13,338.0,5.8,0.7,151,0.5
2024-06-14,335.0,5.8,1.3,158,-2.2
2024-06-15,392.0,8.3,3.0,148,-1.6
2024-06-16,405.0,6.2,2.7,151,0.7
2024-06-17,452.0,7.2,2.3,140,-0.8
2024-06-18,570.0,3.9,2.3,133,0.4
2024-06-19,533.0,3.8,2.3,151,-0.2
2024-06-20,477.0,3.2,1.7,165,-0.5
2024-06-21,415.0,3.5,0.7,150,0.9
2024-06-22,314.0,9.8,0.7,159,0.8
2024-06-23,339.0,10.2,2.3,163,0.0
2024-06-24,314.0,7.3,0.7,153,0.7
2024-06-25,316.0,9.0,1.7,146,-0.4
2024-06-26,350.0,11.1,2.0,179,0.6
2024-06-27,336.0,17.2,1.7,174,-0.7
2024-06-28,387.0,36.6,5.0,179,-4.2
2024-06-29,431.0,4.6,2.7,219,2.0
2024-06-30,467.0,3.1,2.3,212,0.5
2024-07-01,444.0,2.0,1.3,198,-0.7
2024-07-02,400.0,2.9,1.0,197,-1.0
2024-07-03,347.0,4.4,1.0,178,0.3
2024-07-04,341.0,14.1,2.0,138,-0.8
2024-07-05,346.0,11.8,1.7,138,1.0
2024-07-06,333.0,4.2,0.3,128,0.9
2024-07-07,338.0,7.1,1.7,121,-0.3
2024-07-08,387.0,8.5,2.3,111,-0.8
2024-07-09,377.0,6.3,1.7,143,-0.4
2024-07-10,383.0,6.0,1.3,183,-0.1
2024-07-11,364.0,4.7,1.7,172,-0.1
2024-07-12,348.0,5.7,1.3,162,0.6
2024-07-13,319.0,5.5,0.7,176,0.3
2024-07-14,299.0,11.2,1.0,211,-0.6
2024-07-15,309.0,9.8,1.3,242,-1.3
2024-07-16,363.0,10.9,2.0,286,5.3
2024-07-17,363.0,5.7,1.3,284,-0.5
2024-07-18,346.0,5.9,1.0,290,0.4
2024-07-19,315.0,12.1,1.0,274,0.1
2024-07-20,344.0,5.4,1.7,228,1.3
2024-07-21,326.0,7.2,1.0,219,-0.8
2024-07-22,298.0,10.9,2.0,172,-5.1
2024-07-23,283.0,13.4,1.0,173,3.9
2024-07-24,322.0,12.8,1.3,173,4.8
2024-07-25,343.0,9.4,1.7,180,2.9
2024-07-26,522.0,6.1,3.7,198,-2.2
2024-07-27,437.0,5.1,2.3,210,-0.5
2024-07-28,402.0,5.4,1.7,202,-1.2
2024-07-29,356.0,6.7,1.7,213,0.2
2024-07-30,457.0,16.0,3.3,231,-0.3
2024-07-31,443.0,8.4,2.3,270,1.5
2024-08-01,429.0,13.9,3.0,259,3.8
2024-08-02,401.0,11.6,2.0,241,0.1
2024-08-03,361.0,7.2,2.0,231,-2.1
2024-08-04,365.0,17.7,4.7,231,-5.5
2024-08-05,467.0,7.1,2.0,214,1.8
2024-08-06,420.0,3.9,1.3,240,1.1
2024-08-07,388.0,4.6,1.7,275,0.9
2024-08-08,375.0,4.7,1.3,285,1.5
2024-08-09,380.0,4.4,1.3,264,1.5
2024-08-10,388.0,4.9,1.7,250,1.2
2024-08-11,477.0,21.3,3.7,245,6.8
2024-08-12,493.0,19.8,6.7,230,-8.9
2024-08-13,417.0,7.9,2.3,209,6.5
2024-08-14,397.0,5.9,2.0,178,0.4
2024-08-15,349.0,7.3,1.0,157,3.6
2024-08-16,340.0,7.8,1.7,199,-1.7
2024-08-17,371.0,20.8,3.0,198,-0.0
2024-08-18,418.0,14.7,2.7,202,4.8
2024-08-19,381.0,3.7,2.0,225,-1.1
2024-08-20,329.0,4.8,2.0,217,-2.3
2024-08-21,320.0,6.0,2.0,210,-2.4
2024-08-22,334.0,12.3,2.3,213,-0.8
2024-08-23,337.0,8.4,1.3,214,-1.5
2024-08-24,365.0,6.5,2.0,223,-2.9
2024-08-25,343.0,6.2,1.3,204,-0.7
2024-08-26,296.0,8.3,1.0,220,-2.1
2024-08-27,299.0,22.5,2.0,182,-2.3
2024-08-28,316.0,11.2,3.3,189,-5.7
2024-08-29,298.0,12.7,1.3,153,9.7
2024-08-30,351.0,8.9,3.3,158,0.4
2024-08-31,376.0,10.7,3.7,181,-3.2
2024-09-01,394.0,7.1,3.0,170,-1.0
2024-09-02,407.0,5.3,1.7,182,0.8
2024-09-03,404.0,8.0,1.3,171,4.2
2024-09-04,383.0,16.0,2.3,169,7.3
2024-09-05,378.0,7.7,1.0,170,2.6
2024-09-06,364.0,6.8,1.3,177,1.8
2024-09-07,366.0,6.4,1.7,168,1.8
2024-09-08,344.0,6.8,1.7,156,0.7
2024-09-09,386.0,5.1,2.0,152,2.4
2024-09-10,399.0,4.2,1.7,141,2.0
2024-09-11,364.0,10.1,2.0,147,0.1
2024-09-12,466.0,15.2,5.3,132,-5.6
2024-09-13,492.0,2.1,4.3,109,-5.1
2024-09-14,424.0,3.4,3.3,107,-2.1
2024-09-15,474.0,3.5,3.0,95,-1.5
2024-09-16,454.0,6.5,3.3,132,-0.5
2024-09-17,517.0,7.9,5.3,132,-5.8
2024-09-18,449.0,3.1,2.3,102,-0.9
2024-09-19,426.0,3.1,3.0,105,-3.2
2024-09-20,410.0,4.5,1.0,117,0.8
2024-09-21,395.0,7.1,1.3,122,0.9
2024-09-22,394.0,5.1,1.3,129,2.0
2024-09-23,374.0,7.8,2.3,123,1.4
2024-09-24,430.0,10.7,2.7,134,-0.8
2024-09-25,490.0,5.9,4.0,129,-3.5
2024-09-26,416.0,4.4,2.3,136,-1.7
2024-09-27,341.0,6.6,1.3,154,-0.0
2024-09-28,312.0,8.4,1.3,154,-1.0
2024-09-29,364.0,12.1,3.0,149,0.8
2024-09-30,443.0,3.6,2.0,169,1.5
2024-10-01,417.0,3.4,1.3,212,1.6
2024-10-02,364.0,5.4,1.3,210,0.3
2024-10-03,342.0,8.2,1.7,209,0.2
2024-10-04,374.0,5.6,2.0,211,0.4
2024-10-05,380.0,4.3,1.3,182,1.5
2024-10-06,448.0,7.6,2.3,169,2.7
2024-10-07,452.0,16.3,5.0,163,-3.8
2024-10-08,425.0,9.0,4.7,142,-5.9
2024-10-09,442.0,4.6,3.3,141,-2.1
2024-10-10,511.0,10.3,4.7,141,-5.5
2024-10-11,686.0,4.7,6.0,136,-9.5
2024-10-12,590.0,2.2,3.0,126,2.7
2024-10-13,482.0,2.1,1.0,137,0.1
2024-10-14,403.0,4.7,1.3,136,-0.8
2024-10-15,401.0,6.0,2.7,109,-1.8
2024-10-16,419.0,5.9,2.7,119,-2.0
2024-10-17,395.0,5.9,1.7,141,0.8
2024-10-18,371.0,10.3,2.3,137,-1.4
2024-10-19,424.0,9.2,3.7,133,-2.6
2024-10-20,406.0,9.7,1.3,132,-0.1
2024-10-21,346.0,9.9,1.3,162,0.6
2024-10-22,316.0,16.2,2.0,119,-3.5
2024-10-23,360.0,17.0,2.0,122,0.4
2024-10-24,343.0,8.5,2.3,136,-2.3
2024-10-25,317.0,10.3,0.3,178,1.7
2024-10-26,362.0,16.2,2.0,220,1.7
2024-10-27,430.0,9.4,2.3,246,3.0
2024-10-28,496.0,7.3,3.0,246,1.2
2024-10-29,483.0,2.7,2.3,224,0.4
2024-10-30,512.0,1.9,2.7,206,0.8
2024-10-31,518.0,1.8,1.7,213,1.3
2024-11-01,429.0,2.4,1.3,222,2.8
2024-11-02,429.0,4.0,2.3,209,-1.0
2024-11-03,438.0,6.0,1.7,207,4.9
2024-11-04,444.0,6.6,2.7,187,-0.1
2024-11-05,441.0,7.1,2.3,209,-0.1
2024-11-06,441.0,6.0,2.3,208,-0.3
2024-11-07,393.0,11.7,2.0,210,-1.6
2024-11-08,367.0,20.5,2.3,186,0.7
2024-11-09,399.0,16.2,4.3,161,-5.9
2024-11-10,415.0,10.9,3.7,157,-3.5
2024-11-11,402.0,6.5,2.0,149,-1.2
2024-11-12,368.0,6.3,1.0,115,-0.7
2024-11-13,332.0,9.0,1.7,106,-0.5
2024-11-14,355.0,5.1,2.3,91,-3.9
2024-11-15,382.0,3.0,2.7,70,-4.3
2024-11-16,365.0,3.4,1.3,73,-0.8
2024-11-17,352.0,6.4,1.7,94,-0.6
2024-11-18,348.0,5.8,1.0,113,-1.0
2024-11-19,369.0,5.1,1.7,123,-1.8
2024-11-20,368.0,9.9,1.7,120,1.7
2024-11-21,382.0,12.5,1.7,115,1.7
2024-11-22,396.0,7.1,2.3,143,0.1
2024-11-23,389.0,7.2,2.0,151,0.8
2024-11-24,409.0,6.5,1.7,171,0.7
2024-11-25,407.0,6.3,2.3,167,-0.5
2024-11-26,355.0,5.5,1.3,160,0.5
2024-11-27,341.0,6.2,1.0,205,0.7
2024-11-28,341.0,6.7,0.7,170,2.1
2024-11-29,387.0,12.3,1.7,161,2.6
2024-11-30,392.0,7.1,2.0,121,4.7
2024-12-01,415.0,8.8,1.7,122,2.8
2024-12-02,382.0,4.5,1.3,135,2.6
2024-12-03,426.0,7.2,2.7,123,-0.6
2024-12-04,468.0,3.3,1.7,121,-0.3
2024-12-05,430.0,3.5,1.0,118,1.1
2024-12-06,380.0,4.7,1.0,104,0.6
2024-12-07,364.0,13.9,1.3,136,0.3
2024-12-08,359.0,6.4,1.3,141,-1.8
2024-12-09,465.0,2.4,3.0,116,-2.9
2024-12-10,415.0,2.4,1.7,139,-1.3
2024-12-11,378.0,3.4,1.3,113,-1.7
2024-12-12,346.0,5.2,1.0,106,-0.7
2024-12-13,319.0,5.7,0.7,111,-1.6
2024-12-14,313.0,13.1,2.0,98,-2.7
2024-12-15,384.0,11.1,2.3,103,-1.1
2024-12-16,399.0,11.7,2.7,98,-2.1
2024-12-17,563.0,14.1,3.7,91,4.4
2024-12-18,615.0,1.6,2.7,111,1.1
2024-12-19,475.0,2.8,2.3,126,-0.2
2024-12-20,471.0,4.3,2.7,149,0.3
2024-12-21,511.0,4.4,3.0,164,0.6
2024-12-22,612.0,1.8,2.7,184,0.6
2024-12-23,565.0,2.1,2.3,222,0.5
2024-12-24,549.0,2.2,2.3,217,0.6
2024-12-25,478.0,3.3,1.3,242,0.4
2024-12-26,388.0,4.7,0.3,259,0.8
2024-12-27,333.0,10.9,0.7,258,0.2
2024-12-28,316.0,12.6,0.7,252,0.4
2024-12-29,355.0,7.2,1.0,234,1.2
2024-12-30,346.0,7.9,1.7,218,0.7
2024-12-31,371.0,10.3,2.3,179,-0.5
